protein_A,protein_B
1738,457
1655,1951
755,2002
2062,1673
2357,1888
262,2047
1452,1825
2281,385
2186,1856
1003,526
1409,2308
746,19
951,1313
1516,1097
274,2168
1936,1956
2473,155
1738,930
1655,2505
755,1401
2062,734
2357,1883
262,2521
1452,1150
2281,1175
2186,2328
1003,1773
1598,1690
1409,1699
1684,967
1738,957
1655,2445
755,270
2062,959
2357,110
262,1316
1452,1765
2281,22
2186,2509
1003,1846
1598,1476
1409,1864
1684,1146
746,1807
951,2233
1516,2483
2473,783
1738,1794
1655,1181
755,319
262,1435
1435,457
669,2002
319,1673
1181,1888
1794,2047
783,1825
165,385
1362,1856
2483,526
2233,905
1807,2308
1146,2133
1864,19
1476,1313
1846,1097
2509,2168
22,1956
1765,155
1316,930
110,2505
959,1401
270,734
2445,1883
957,2521
1435,1150
987,1175
669,2328
319,1773
1181,1690
1794,1699
783,967
3,396
2438,2319
1571,866
1277,1675
2089,1026
999,418
662,1119
113,1732
2218,2077
2107,327
524,1262
596,1137
2213,523
1453,1013
107,1101
566,1434
1115,1073
851,2227
724,702
367,870
1218,1866
2516,2040
2469,2178
1159,173
240,303
1872,919
1267,1828
859,2354
2105,1202
1923,1141
1155,2021
42,1737
1797,562
1729,28
1009,1241
722,1857
1346,1521
1274,1792
1205,2462
480,1519
1466,1824
2247,1822
2010,2117
1811,1772
1909,133
318,784
994,1961
413,1677
2067,1621
2222,82
2011,2338
2365,791
556,2398
1584,1350
2023,1869
1283,1422
1018,1751
1666,1659
873,2051
769,1731
909,93
3,1139
2438,1235
1571,1934
1277,247
2089,620
999,2387
662,2426
113,2393
2218,1145
2107,836
524,1630
596,1774
2213,1084
1453,657
107,1914
566,241
724,1192
367,2508
1218,333
2516,437
2469,498
1159,1152
240,1565
1872,583
1267,1027
859,997
2105,2307
1923,2244
1155,104
42,988
1797,531
1729,1925
1009,1985
722,630
1346,668
1274,2459
1205,2092
480,2471
1466,1053
2247,1760
2010,495
1811,1001
1909,1177
318,2458
994,792
807,1419
413,1488
2067,991
2222,529
2011,2361
2365,1289
556,968
1584,374
2023,321
1283,186
1018,1054
1666,1228
873,913
810,897
769,906
909,2048
3,111
2438,1676
1571,2417
1277,2362
2089,215
999,1709
662,1256
113,786
2218,511
2107,467
524,1323
596,586
2213,2033
1453,2131
107,972
566,1231
851,2147
724,1973
367,572
2516,2442
2469,8
1159,1494
240,161
1872,15
1267,1020
859,1736
2105,1988
1923,361
1155,1725
42,221
1797,815
1009,112
722,2323
1346,316
1274,891
1205,1149
480,2304
1466,95
2247,1780
2010,1636
1811,1568
1909,1552
318,2177
994,1153
807,883
413,1739
2067,232
2222,2208
2011,2160
2365,26
556,802
1584,1786
2023,2125
1283,2110
1018,1761
1666,129
873,540
810,1963
769,458
909,1410
3,885
2438,2499
1571,18
1277,1028
2089,530
999,417
662,201
113,1457
2218,510
2107,1353
524,148
596,2289
2213,2210
1453,707
107,1685
566,527
851,1949
724,266
367,639
1218,694
2516,99
2469,915
1159,655
240,195
1872,552
1267,1311
859,469
2105,1946
1923,736
1155,1661
42,65
1797,1513
1729,2183
1009,2241
722,1456
1346,479
1274,1809
1205,1039
480,2427
1466,813
2247,1617
2010,2337
1811,287
1909,842
318,1104
994,1491
807,235
413,444
2067,2488
2222,1472
2011,391
2365,1874
556,584
1584,979
2023,1628
1283,1326
1018,2248
1666,1418
873,2153
909,1669
3,1414
2438,1295
1571,1970
1277,89
2089,1129
662,1377
2218,481
2107,727
524,1861
596,1589
2213,204
1453,978
107,2243
566,2359
851,1541
724,2141
367,865
1218,1169
2516,1288
2469,386
1159,1194
240,585
1872,1375
1267,2140
859,91
2105,1471
1923,898
1155,2472
42,2014
1797,1688
1729,317
722,16
1346,1899
1274,2423
1205,1927
480,739
1466,209
2247,877
1811,548
1909,1245
318,2457
807,2455
2067,854
2222,1043
2011,1821
2365,1719
556,1388
1584,577
2023,143
1283,1059
1018,1691
1666,557
873,2000
810,1816
769,2311
909,2049
3,1793
2438,749
1571,1798
1277,1670
2089,961
999,2145
662,2112
113,1379
2218,2094
2107,650
596,528
1453,1944
107,1534
566,1246
851,2350
724,128
367,647
1218,1510
2516,2018
2469,363
1159,542
240,1981
1872,1657
1267,1069
859,2373
2105,1590
1923,2242
1155,1095
42,202
1797,960
1729,730
1009,410
722,844
1346,1886
1205,2356
480,2121
1466,279
2247,1213
1811,430
1909,1128
318,1928
994,795
807,1548
413,929
2067,2383
2222,2399
2365,1399
1584,1735
2023,619
1018,2355
1666,779
873,2340
810,1217
769,1412
2438,1062
1571,1733
1277,157
2089,1157
999,310
662,502
113,1787
2218,2324
2107,2382
524,424
2213,1079
1453,1827
107,1960
566,121
851,921
724,2182
367,236
1218,696
2469,2078
1159,1843
240,365
1872,1799
1267,938
859,199
2105,1389
1923,2114
1155,260
42,1230
1797,484
1729,1135
1009,436
722,96
1346,1901
1274,1254
1205,763
480,1210
1909,2224
318,1106
994,21
807,1668
413,1813
2067,2266
2222,2385
2011,1766
2365,2098
556,925
1584,612
2023,1109
1283,2138
1018,90
1666,1755
873,789
810,125
769,1458
909,196
3,33
2438,486
1277,117
999,581
662,1017
113,496
2218,934
2107,2116
524,969
596,2071
2213,314
1453,1335
107,678
566,71
724,1984
367,1117
1218,1002
2516,2474
2469,1894
1159,27
240,2093
1872,1299
1267,345
859,263
2105,1922
1923,1094
1155,858
1797,434
1729,1082
722,1429
1346,1553
1274,2344
1205,349
480,1096
1466,948
2247,1957
1811,2235
1909,993
318,888
994,1543
807,153
2222,1352
2011,48
2365,485
556,672
1584,244
2023,2136
1283,1372
1018,1576
873,1885
909,373
3,1939
2438,1754
1571,1168
1277,2155
2089,1833
999,1116
662,1126
113,73
2218,818
2107,679
524,493
596,1679
2213,801
1453,2277
107,1839
566,488
1115,1542
851,697
724,281
367,703
1218,1264
2516,690
2469,2249
1159,2209
240,1468
1872,984
1267,1680
859,1948
2105,2165
1923,1916
1155,300
42,389
1797,1969
1729,373
1009,1461
722,2238
1346,1885
1274,1465
1205,1576
480,1372
1466,2136
2247,244
2010,672
1811,485
1909,48
318,1352
994,2234
807,1110
413,153
2067,1543
2222,888
2011,993
2365,2235
556,109
1584,1957
2023,948
1283,1096
873,1553
769,2456
3,434
2438,355
1571,858
1277,1094
2089,1922
999,263
662,345
113,1299
2218,2093
2107,27
524,1894
596,2474
2213,1002
1453,1117
107,1984
566,2054
724,678
367,1335
1218,314
2516,2071
2469,969
1159,2116
240,934
1872,496
1267,1017
859,581
2105,2199
42,486
1797,33
1729,196
1009,1458
722,125
1346,789
1274,1755
1205,90
480,2138
1466,1109
2247,612
2010,925
1909,1766
318,2385
994,2266
807,1813
413,1668
2067,21
2222,1106
2011,2224
2365,640
556,1121
1584,440
2023,1198
1283,1210
1018,763
1666,1254
873,1901
810,96
769,436
909,1135
2438,1230
1571,260
1277,2114
2089,1389
999,199
662,938
113,1799
2218,365
2107,1843
524,2078
596,213
2213,696
1453,236
107,2182
566,921
1115,2044
851,121
724,1960
367,1827
1218,1079
2516,663
2469,424
1159,2382
240,2324
1872,1787
1267,502
859,310
2105,1157
1923,157
1155,1733
42,1062
1797,2348
1729,762
1009,1412
722,1217
1346,2340
1274,779
1205,2355
480,2314
1466,619
2247,1735
2010,732
1811,1399
1909,506
318,2399
994,2383
807,929
413,1548
2067,795
2222,1928
2011,1128
2365,430
556,1111
1584,1213
2023,279
1283,2121
1018,2356
1666,132
873,1886
810,844
769,410
909,730
3,960
2438,202
1571,1095
1277,2242
2089,1590
999,2373
662,1069
113,1657
2218,1981
2107,542
524,363
596,2018
2213,1510
1453,647
107,128
566,2350
1115,360
851,1246
724,1534
367,1944
1218,1019
2516,528
2469,920
1159,650
1872,1379
1267,2112
859,2145
2105,961
1923,1670
1155,1798
42,749
1797,1793
1729,2049
722,1816
1346,2000
1274,557
1205,1691
480,1059
1466,143
2247,577
2010,1388
1811,1719
1909,1821
318,1043
994,854
807,1340
413,2455
2067,2029
2222,2457
2011,1245
2365,548
556,998
1584,877
2023,209
1283,739
1018,1927
1666,2423
873,1899
810,16
769,2329
909,317
3,1688
2438,2014
1571,2472
1277,898
2089,1471
999,91
662,2140
2218,585
2107,1194
524,386
2213,1169
1453,865
107,2141
566,1541
1115,2099
851,2359
724,2243
367,978
1218,204
2516,1589
2469,1861
1159,727
240,481
1872,7
1267,1377
859,1536
2105,1129
1923,89
1155,1970
42,1295
1797,1414
1729,1669
1009,234
722,846
1346,2153
1274,1418
1205,2248
480,1326
1466,1628
2247,979
2010,584
1811,1874
1909,391
994,2488
807,444
413,235
2067,1491
2222,1104
2011,842
2365,287
556,2337
1584,1617
1283,2427
1018,1039
1666,1809
873,479
810,1456
769,2241
909,2183
2438,65
1571,1661
1277,736
662,1311
113,552
2218,195
2107,655
596,99
1453,639
107,266
566,1949
1115,2301
851,527
724,1685
367,707
2516,2289
2469,148
1159,1353
240,510
1872,1457
1267,201
859,417
2105,530
1923,1028
1155,18
42,2499
1797,885
1729,1410
1009,458
1346,540
1274,129
1205,1761
480,2110
1466,2125
2010,802
1909,2160
318,2208
994,232
807,1739
413,883
2067,1153
2222,2177
2011,1552
2365,1568
556,1636
1584,1780
2023,95
1283,2304
1018,1149
1666,891
873,316
810,2323
769,112
909,254
3,815
2438,221
1571,1725
1277,361
2089,1988
662,1020
113,15
2218,161
524,8
2213,618
1453,572
107,1973
566,2147
851,1231
724,972
367,2131
1218,2033
2516,586
240,511
1872,786
1267,1256
859,1709
2105,215
1155,2417
42,1676
1797,111
1729,2048
1009,906
722,897
1346,913
1274,1228
1205,1054
480,186
1466,321
2247,374
2010,968
1811,1289
1909,2361
318,529
994,991
807,1488
413,1419
2067,792
2222,2458
2011,1177
2365,1001
556,495
1584,1760
2023,1053
1283,2471
1018,2092
1666,2459
873,668
810,630
769,1985
909,1925
3,531
2438,988
1571,104
1277,2244
2089,2307
999,997
662,1027
113,583
2218,1565
524,498
596,437
2213,333
1453,2508
566,656
1115,2282
851,241
724,1914
367,657
1218,1084
2516,1774
2469,1630
1159,836
240,1145
1872,2393
1267,2426
859,2387
2105,620
1923,247
1155,1934
42,1235
1797,1139
1729,93
1009,1731
722,356
1346,2051
1274,1659
1205,1751
480,1422
1466,1869
2247,1350
1811,791
1909,2338
318,82
994,1621
807,1677
413,1014
2067,1961
2222,784
2011,133
2365,1772
1584,1822
2023,1824
1283,1519
1666,1792
873,1521
810,1857
769,1241
909,28
3,416
2438,685
1571,2485
1277,2171
2089,2367
999,2467
662,1728
113,491
2218,1371
2107,2526
524,1919
2213,738
1453,816
107,2150
566,2084
851,468
724,1367
367,331
1218,1065
2516,1366
2469,2326
1159,1723
240,1852
1872,1005
1267,1517
859,2392
2105,1881
1923,2422
1155,1696
42,151
1797,406
1009,2257
722,740
1346,70
1274,950
1205,1978
480,227
1466,1724
2247,2421
2010,2057
1811,1588
1909,1300
318,766
807,1006
413,1656
2067,1405
2222,916
2011,820
2365,84
556,1918
1584,1977
2023,47
1283,1193
1018,1052
1666,369
873,1845
810,1524
769,2377
909,518
3,1370
2438,985
1571,2179
1277,743
2089,1896
999,508
662,1243
113,2330
2218,226
596,499
566,1204
1115,1502
851,2370
724,2468
367,2164
1218,43
2516,1061
2469,716
1159,1835
240,1779
1872,1853
1267,1912
859,2448
2105,550
1923,720
1155,1107
42,136
1797,2258
1009,400
722,2306
1346,347
1274,252
1205,2097
480,1276
1466,67
2247,301
2010,1642
1811,1088
1909,1030
318,1138
994,982
807,1740
413,1442
2067,387
2222,1403
2011,256
2365,1606
556,1328
1584,642
2023,1105
1283,2232
1018,698
1666,2143
873,1187
810,1935
769,1324
909,2193
3,2498
2438,588
1571,1249
1277,1275
2089,2193
999,1324
662,1935
113,1187
2218,2143
2107,698
524,2232
596,1105
2213,642
1453,1328
107,1606
566,256
1115,1403
851,387
724,1442
367,1740
1218,982
2516,1138
2469,1030
1159,1088
240,1642
1872,301
3,330
2438,1142
1571,653
1277,1038
2089,442
999,1265
113,1133
2218,482
2107,1035
524,2336
596,551
2213,1356
566,2111
1115,2187
851,2428
724,1959
367,632
1218,403
2516,1593
2469,218
1159,2522
240,381
1872,687
1267,2166
859,1322
2105,273
1923,1904
1155,774
42,378
1797,2053
1009,2026
722,1500
1346,776
1274,758
1205,292
480,1163
1466,520
2247,1029
2010,118
1811,771
1909,1171
318,615
994,2464
807,1374
413,546
2067,723
2222,1608
2011,1332
2365,2139
556,1520
1584,1070
1666,683
873,1318
810,606
769,1966
909,1031
3,100
2438,2451
1571,848
1277,2376
2089,812
999,1578
113,332
2218,1982
2107,1929
524,2480
596,673
2213,1131
1453,800
107,717
566,1579
1115,992
851,1424
724,76
367,1572
1218,124
2516,408
2469,2449
1159,549
240,605
1872,1440
1267,808
859,1369
2105,536
1923,1226
1155,268
42,627
1797,2259
1009,2433
722,368
1346,2031
1274,2003
1205,1386
480,1976
1466,945
2247,1247
2010,1196
1811,1462
1909,867
318,764
994,2475
807,2201
413,225
2067,2477
2222,6
2011,1551
2365,1172
556,2299
1584,889
2023,1395
1283,617
1018,293
1666,1203
873,49
810,1441
769,1334
909,438
3,86
2438,2416
1571,72
1277,1718
2089,1991
999,1176
662,2
113,505
2218,863
2107,2060
524,932
596,2497
2213,237
1453,2064
107,1103
566,1641
1115,1032
851,106
724,692
367,1085
1218,1122
2516,644
2469,689
1159,291
240,2351
1872,2124
1267,884
859,946
2105,500
1923,1583
1155,1402
42,34
1797,869
1009,2447
722,843
1346,823
1274,2037
1205,1945
480,1907
1466,1459
2247,1200
2010,269
1811,2225
1909,1023
318,525
994,78
807,2066
413,2129
2067,1790
2222,725
2011,490
2365,13
556,2434
1584,2017
2023,1309
1283,2120
1018,2418
1666,868
873,547
810,504
769,2188
909,475
3,11
2438,1803
1571,704
1277,1967
2089,475
999,2188
662,504
113,547
2218,868
2107,2418
524,2120
596,1309
2213,2017
1453,2434
107,13
566,490
1115,725
851,1790
724,2129
367,2066
1218,78
2516,525
2469,1023
1159,2225
240,269
1872,1200
1267,1459
3,1953
2438,1304
1571,462
1277,2081
2089,439
999,1108
662,1895
113,2285
2218,1768
2107,1125
524,1355
596,625
2213,1646
1453,602
107,654
566,975
1115,2381
851,1229
724,2041
367,737
1218,983
2516,275
2469,308
1159,631
240,459
1872,149
1267,1136
859,652
2105,2279
1923,684
1155,2028
42,1660
1797,1303
1729,2313
722,2287
1346,2400
1274,2506
1205,2012
480,1278
1466,1645
2010,56
1811,887
1909,729
318,2404
994,102
807,1273
413,903
2067,933
2011,1188
2365,1433
2023,1329
1283,2226
1018,343
1666,455
873,879
810,14
769,206
909,4
3,1637
2438,135
1571,1753
1277,1383
2089,1613
999,200
2218,1942
2107,1744
524,2229
596,564
2213,476
1453,1931
107,2275
566,288
1115,1533
851,2481
367,1479
1218,1144
2516,2503
2469,1741
1159,917
240,1222
1872,989
1267,54
859,1506
2105,1889
1923,1224
1155,1067
42,629
1797,1788
1729,1327
722,1560
1346,970
1274,2368
1205,622
480,198
1466,1092
2247,981
2010,1426
1811,2069
1909,101
318,1808
994,1926
807,1464
413,2502
2067,181
2222,955
2011,393
2365,2490
556,649
1584,1867
2023,1484
1283,1010
1018,1540
1666,509
873,2215
810,1558
769,137
909,860
3,2320
2438,1252
1571,342
1277,2106
2089,2297
999,2156
662,1214
113,790
2218,1647
2107,614
524,705
596,336
2213,2035
1453,2009
107,339
566,1523
1115,2019
851,1407
724,931
367,718
1218,2205
2516,1887
2469,896
1159,751
240,2512
1872,1757
1267,748
859,1179
2105,2219
1923,1623
1155,778
42,571
1797,621
1729,1225
722,1373
1346,131
1274,537
1205,845
480,454
1466,741
2247,2161
2010,1444
1811,453
1909,122
318,2396
994,354
807,954
413,700
2067,2088
2222,1862
2011,1298
2365,2101
556,2119
1584,856
2023,1238
1283,1626
1018,2189
1666,871
873,533
810,1436
769,819
909,1974
3,1365
2438,1281
1571,187
1277,1810
2089,59
999,2436
662,1974
113,819
2218,1436
2107,533
524,871
596,2189
2213,1626
1453,1238
3,1435
2438,987
1571,669
1277,319
2089,1181
999,1794
662,783
113,165
2218,1362
2107,2483
524,2233
596,1807
2213,1146
1453,1864
107,1476
566,1846
1115,2509
851,22
724,1765
367,1316
1218,110
2516,959
1159,2445
240,957
1872,1738
1267,1655
859,755
2105,2062
1923,2357
1155,262
42,1452
1797,2281
1729,2186
1009,1003
722,1598
1346,1409
1274,1684
1205,746
480,951
1466,1516
2247,274
2010,1936
1811,2473
1909,967
318,1699
994,1690
807,1773
413,2328
2067,1175
2222,1150
2011,2521
2365,1883
556,734
1584,1401
2023,2505
1283,930
1018,155
1666,1956
873,2168
810,1097
769,1313
909,19
3,2133
2438,2308
1571,905
1277,526
2089,1856
999,385
662,1825
113,2047
2218,1888
2107,1673
524,2002
596,1951
3,457
1435,396
987,2319
669,866
319,1675
1181,1026
1794,418
783,1119
165,1732
1362,2077
2483,327
2233,1262
1807,1137
1146,523
1864,1013
1476,1101
1846,1434
2509,1073
22,2227
1765,702
1316,870
110,1866
959,2040
270,2178
2445,173
957,303
1738,919
1655,1828
755,2354
2062,1202
2357,1141
262,2021
1452,1737
2281,562
2186,28
1003,1241
1598,1857
1409,1521
1684,1792
746,2462
951,1519
274,1822
1936,2117
2473,1772
967,133
1699,784
1690,1961
1773,1014
2328,1677
1175,1621
1150,82
2521,2338
1883,791
734,2398
1401,1350
2505,1869
930,1422
155,1751
1956,1659
2168,2051
1097,356
1313,1731
19,93
2133,1139
2308,1235
905,1934
526,247
1856,620
385,2387
1825,2426
2047,2393
1888,1145
1673,836
2002,1630
1951,1774
457,1084
1435,657
987,1914
319,2282
1181,656
1794,1192
783,2508
165,333
1362,437
2483,498
2233,1152
1807,1565
1146,583
1864,1027
1476,997
1846,2307
2509,2244
22,104
1765,988
1316,531
110,1925
959,1985
270,630
2445,668
957,2459
1738,2092
1655,2471
755,1053
2062,1760
2357,495
262,1001
1452,1177
2281,2458
2186,792
1003,1419
1598,1488
1409,991
1684,529
746,2361
951,1289
274,374
1936,321
2473,186
967,1054
1699,1228
1690,913
1773,897
2328,906
1175,2048
1150,111
2521,1676
1883,2417
734,2362
1401,215
2505,1709
930,1256
155,786
1956,511
2168,467
1097,1323
1313,586
19,2033
2133,2131
2308,972
905,1231
526,1411
1856,2147
385,1973
1825,572
2047,618
1888,2442
1673,8
2002,1494
1951,161
457,15
1435,1020
987,1736
319,361
1181,1725
1794,221
783,815
165,254
1362,112
2483,2323
2233,316
1807,891
1146,1149
1864,2304
1476,95
1846,1780
2509,1636
22,1568
1765,1552
1316,2177
110,1153
959,883
270,1739
2445,232
957,2208
1738,2160
1655,26
755,802
262,2110
1452,1761
2186,540
1003,1963
1598,458
1409,1410
1684,885
746,2499
951,18
274,530
1936,417
2473,201
967,1457
1699,510
1690,1353
1773,148
2328,2289
1175,2210
2521,1685
1883,527
734,2301
1401,1949
2505,266
155,694
2168,915
1097,655
1313,195
19,552
2133,1311
2308,469
905,1946
526,736
1856,1661
385,65
1825,1513
2047,2183
1888,2241
1673,1456
2002,479
1951,1809
457,1039
1435,2427
987,813
1181,287
1794,842
783,1104
165,1491
1362,235
2483,444
1807,1472
1146,391
1864,1874
1476,584
1846,979
2509,1628
22,1326
1765,2248
1316,1418
110,2153
959,846
270,234
2445,1669
957,1414
1738,1295
1655,1970
755,89
2062,1129
2357,1536
262,1377
1452,7
2281,481
2186,727
1003,1861
1598,1589
1684,978
746,2243
951,2359
274,1541
1936,2141
2473,865
967,1169
1699,1288
1690,386
1773,1194
2328,585
1150,2140
2521,91
1883,1471
734,898
1401,2472
2505,2014
930,1688
155,317
1956,2329
2168,16
19,1927
2133,739
2308,209
905,877
526,998
1856,548
385,1245
1825,2457
2047,2029
1888,2455
1673,1340
2002,854
1951,1043
457,1821
1435,1719
987,1388
319,143
1181,1059
1794,1691
783,557
165,2000
1362,1816
2483,2311
2233,2049
1807,1793
1146,749
1864,1798
1476,1670
1846,961
2509,2145
22,2112
1765,1379
1316,2094
110,650
959,920
270,528
2445,1019
957,1944
1738,1534
1655,1246
755,360
2062,2350
262,647
1452,1510
2281,2018
2186,363
1003,542
1598,1981
1409,1657
746,2373
951,1590
274,1095
1936,202
2473,960
967,730
1699,410
1690,844
1773,1886
2328,132
1175,2356
1150,2121
1883,1213
734,1111
2505,1128
930,1928
155,795
1097,2383
1313,2399
19,506
2133,1399
2308,732
905,1735
526,619
1856,2314
385,2355
1825,779
2047,2340
1888,1217
1673,1412
2002,762
1951,2348
457,1062
1435,1733
987,157
319,310
1181,502
1794,1787
783,2324
165,2382
1362,424
2483,663
2233,1079
1807,1827
1146,1960
1864,121
1476,2044
1846,921
2509,2182
22,236
1765,696
1316,213
110,2078
959,1843
270,365
957,938
1738,199
1655,1389
755,2114
2062,260
2357,1230
262,484
1452,1135
2281,436
2186,96
1003,1901
1598,1254
1409,763
1684,1210
746,1198
951,440
274,640
1936,2224
2473,1106
967,21
1699,1668
1690,1813
1773,2266
2328,2385
1175,1766
1150,2098
2521,925
1883,612
734,1109
1401,2138
2505,90
930,1755
155,789
1956,125
2168,1458
1097,196
1313,33
19,486
2133,250
2308,117
905,2199
526,581
1856,1017
385,496
1825,934
2047,2116
1888,969
1673,2071
2002,314
1951,1335
457,678
1435,71
319,1984
1181,1117
1794,1002
783,2474
165,1894
1362,27
2483,2093
2233,1299
1807,345
1146,263
1864,1922
1846,858
2509,355
1765,1082
1316,2456
110,1429
959,1553
270,2344
2445,349
957,1096
1738,948
1655,1957
755,109
2062,2235
2357,993
262,888
1452,1543
2281,153
2186,1110
1003,2234
1598,1352
1409,48
1684,485
746,672
951,244
274,1372
1936,1576
2473,1465
967,1885
1699,2238
1690,1461
1773,373
2328,1969
1175,389
1150,300
2521,1916
1883,2165
734,1948
1401,1680
2505,984
930,1468
155,2209
1956,2249
2168,690
1097,1264
1313,703
19,281
2133,697
2308,1542
905,488
526,1839
1856,2277
385,801
1825,1679
2047,493
1888,679
1673,818
2002,73
1951,1126
457,1116
1435,1939
987,1754
669,1168
319,2155
1181,1833
1794,1116
783,1126
165,73
1362,818
2483,679
2233,493
1807,1679
1146,801
1864,2277
1476,1839
1846,488
22,697
1765,281
1316,703
110,1264
959,690
270,2249
2445,2209
957,1468
1655,1680
755,1948
2062,2165
2357,1916
262,300
1452,389
2186,373
1003,1461
1598,2238
1409,1885
1684,1465
746,1576
951,1372
1516,2136
274,244
1936,672
2473,485
967,48
1699,1352
1690,2234
1773,1110
2328,153
1175,1543
1150,888
2521,993
1883,2235
734,109
2505,948
155,349
1956,2344
2168,1553
1097,1429
1313,2456
19,1082
2133,434
2308,355
905,858
526,1094
1856,1922
385,263
1825,345
2047,1299
1888,2093
1673,27
2002,1894
1951,2474
457,1002
1435,1117
987,1984
669,2054
319,965
1181,71
1794,678
783,1335
165,314
1362,2071
2483,969
2233,2116
1807,934
1146,496
1864,1017
1476,581
1846,2199
2509,117
22,250
1765,486
1316,33
110,196
959,1458
270,125
2445,789
957,1755
1738,90
1655,2138
755,1109
2062,612
2357,925
262,2098
1452,1766
2281,2385
2186,2266
1003,1813
1598,1668
1409,21
1684,1106
746,2224
951,640
1516,1121
274,440
1936,1198
2473,1210
967,763
1699,1254
1690,1901
1773,96
2328,436
1175,1135
1150,484
2521,1230
1883,260
734,2114
1401,1389
2505,199
930,938
155,1799
1956,365
2168,1843
1097,2078
1313,213
19,696
2133,236
2308,2182
905,921
526,2044
1856,121
385,1960
1825,1827
2047,1079
1888,663
1673,424
2002,2382
1951,2324
457,1787
1435,502
987,310
669,1157
319,157
1181,1733
1794,1062
783,2348
165,762
1362,1412
2483,1217
2233,2340
1807,779
1146,2355
1864,2314
1476,619
1846,1735
2509,732
22,1399
1765,506
1316,2399
110,2383
959,929
270,1548
2445,795
957,1928
1738,1128
1655,430
755,1111
2062,1213
2357,279
262,2121
1452,2356
2281,132
2186,1886
1003,844
1598,410
1409,730
1684,960
746,202
951,1095
1516,2242
274,1590
1936,2373
2473,1069
967,1657
1699,1981
1690,542
1773,363
2328,2018
1175,1510
1150,647
2521,128
1883,2350
734,360
1401,1246
2505,1534
930,1944
155,1019
1956,528
2168,920
1097,650
1313,2094
19,1379
2133,2112
2308,2145
905,961
526,1670
1856,1798
385,749
1825,1793
2047,2049
1888,2311
1673,1816
2002,2000
1951,557
457,1691
1435,1059
987,143
669,577
319,1388
1181,1719
1794,1821
783,1043
165,854
1362,1340
2233,2029
1807,2457
1146,1245
1864,548
1476,998
2509,209
22,739
1765,1927
110,1899
959,16
270,2329
2445,317
957,1688
1738,2014
1655,2472
755,898
2062,1471
2357,91
262,2140
1452,1375
2281,585
2186,1194
1003,386
1598,1288
1409,1169
1684,865
746,2141
951,1541
1516,2099
274,2359
1936,2243
2473,978
967,204
1699,1589
1690,1861
1773,727
2328,481
1175,7
1150,1377
2521,1536
1883,1129
734,89
1401,1970
2505,1295
930,1414
155,1669
1956,234
2168,846
1097,2153
1313,1418
19,2248
2133,1326
2308,1628
905,979
526,584
1856,1874
385,391
1825,1472
2047,2488
1888,444
1673,235
1951,1104
457,842
1435,287
987,2337
669,1617
319,813
1181,2427
783,1809
165,479
1362,1456
2483,2241
2233,2183
1807,1513
1146,65
1864,1661
1476,736
1846,1946
2509,469
22,1311
1765,552
1316,195
110,655
959,915
270,99
2445,694
957,639
1738,266
1655,1949
755,2301
2062,527
2357,1685
262,707
1452,2210
2281,2289
2186,148
1003,1353
1435,330
987,1142
669,653
319,1038
1181,442
1794,1265
783,1573
165,1133
1362,482
2483,1035
2233,2336
1807,551
1146,1356
1864,1165
1476,1730
1846,2111
2509,2187
1765,1959
1316,632
110,403
959,1593
270,218
2445,2522
957,381
1738,687
1655,2166
755,1322
2062,273
2357,1904
262,774
1452,378
2281,2053
1003,2026
1598,1500
1409,776
1684,758
951,1163
1516,520
274,1029
1936,118
2473,771
967,1171
1699,615
1690,2464
1773,1374
2328,546
1175,723
1150,1608
2521,1332
1883,2139
734,1520
1401,1070
2505,1658
930,1266
155,1439
1956,683
2168,1318
1097,606
1313,1966
19,1031
2133,100
2308,2451
905,848
526,2376
1856,812
385,1578
1825,936
2047,332
1888,1982
1673,1929
2002,2480
1951,673
457,1131
987,717
669,1579
319,992
1181,1424
1794,76
783,1572
165,124
1362,408
2483,2449
2233,549
1807,605
1146,1440
1864,808
1476,1369
1846,536
2509,1226
22,268
1765,627
1316,2259
110,893
959,2433
270,368
2445,2031
957,2003
1738,1386
1655,1976
755,945
2062,1247
2357,1196
1452,867
2281,764
2186,2475
1003,2201
1598,225
1409,2477
1684,6
746,1551
951,1172
1516,2299
274,889
1936,1395
2473,617
967,293
1699,1203
1690,49
1773,1441
2328,1334
1175,438
1150,86
2521,2416
1883,72
734,1718
1401,1991
2505,1176
930,2
155,505
1956,863
2168,2060
1097,932
1313,2497
19,237
2133,2064
2308,1103
905,1641
526,1032
1856,106
385,692
1825,1085
2047,1122
1888,644
1673,689
2002,291
1951,2351
457,2124
987,946
669,500
319,1583
1181,1402
1794,34
783,869
165,286
1362,2447
2483,843
2233,823
1807,2037
1476,1459
1846,1200
2509,269
22,2225
1765,1023
1316,525
110,78
959,2066
270,2129
2445,1790
957,725
1738,490
1655,13
755,2434
2062,2017
2357,1309
262,2120
1452,2418
2281,868
2186,547
1003,504
1598,2188
1409,475
1684,1967
746,704
951,1803
1516,11
274,330
1936,1142
2473,653
967,1038
1699,442
1690,1265
1773,1573
2328,1133
1175,482
1150,1035
2521,2336
1883,551
734,1356
1401,1165
2505,1730
930,2111
155,2187
2168,1959
1097,632
1313,403
19,1593
2133,218
2308,2522
905,381
526,687
1856,2166
385,1322
1825,273
2047,1904
1888,774
1673,378
2002,2053
1951,1279
457,2026
1435,2026
987,1279
669,2053
319,378
1181,774
1794,1904
783,273
165,1322
1362,2166
2483,687
2233,381
1807,2522
1146,218
1864,1593
1476,403
1846,632
2509,1959
22,2428
1765,2187
1316,2111
110,1730
959,1165
270,1356
2445,551
1435,1953
987,1304
669,462
319,2081
1181,439
1794,1108
783,1895
165,2285
1362,1768
2483,1125
2233,1355
1807,625
1146,1646
1864,602
1476,654
1846,975
22,1229
1765,2041
1316,737
110,983
959,275
270,308
2445,631
957,459
1738,149
1655,1136
755,652
2062,2279
2357,684
262,2028
1452,1660
2281,1303
2186,2313
1003,296
1598,2287
1409,2400
1684,2506
746,2012
951,1278
1516,1645
274,839
1936,56
2473,887
967,729
1699,2404
1690,102
1773,1273
2328,903
1175,933
1150,760
2521,1188
1883,1433
734,2127
1401,799
2505,1329
930,2226
155,343
1956,455
2168,879
1097,14
1313,206
19,4
2308,135
905,1753
526,1383
1856,1613
385,200
1825,2184
2047,1905
2002,2229
1951,564
457,476
1435,1931
987,2275
669,288
319,1533
1181,2481
1794,470
783,1479
165,1144
1362,2503
2483,1741
2233,917
1807,1222
1146,989
1864,54
1476,1506
1846,1889
2509,1224
22,1067
270,1560
2445,970
957,2368
1738,622
1655,198
2062,981
2357,1426
1598,2502
1684,955
746,393
951,2490
1516,649
274,1867
1936,1484
2473,1010
967,1540
1699,509
1690,2215
1773,1558
2328,137
1175,860
1150,2320
1883,342
734,2106
1401,2297
2505,2156
930,1214
155,790
1956,1647
2168,614
1097,705
1313,336
19,2035
2133,2009
2308,339
905,1523
526,2019
1856,1407
385,931
1825,718
2047,2205
1888,1887
1673,896
2002,751
1951,2512
457,1757
1435,748
987,1179
669,2219
319,1623
1181,778
1794,571
783,621
165,1225
1362,167
2483,1373
2233,131
1807,537
1146,845
1864,454
1476,741
1846,2161
2509,1444
22,453
1765,122
1316,2396
110,354
959,954
270,700
2445,2088
957,1862
1738,1298
1655,2101
755,2119
2062,856
2357,1238
262,1626
1452,2189
2281,871
2186,533
1003,1436
1598,819
1409,1974
1684,2436
746,59
951,1810
1516,187
274,1281
2473,1953
1699,462
1690,2081
1773,439
2328,1108
1175,1895
1150,2285
2521,1768
734,1355
1401,625
2505,1646
930,602
155,654
1956,975
1097,1229
1313,2041
19,737
2133,983
2308,275
905,308
526,631
1856,459
385,149
1825,1136
2047,652
1888,2279
1673,684
2002,2028
1951,1660
457,1303
1435,1303
987,1660
669,2028
319,684
1181,2279
1794,652
783,1136
165,149
1362,459
2483,631
2233,308
1807,275
1146,983
1864,737
1846,1229
22,975
1765,654
1316,602
110,1646
959,625
270,1355
2445,1125
1435,416
987,685
669,2485
319,2171
1181,2367
1794,2467
783,1728
165,491
1362,1371
2483,2526
2233,1919
1807,1722
1864,816
1476,2150
1846,2084
2509,432
22,468
1765,1367
1316,331
110,1065
959,1366
270,2326
2445,1723
957,1852
1738,1005
1655,1517
755,2392
2062,1881
2357,2422
262,1696
1452,151
2281,406
2186,2360
1003,2257
1598,740
1409,70
1684,950
746,1978
951,227
1516,1724
274,2421
1936,2057
1699,766
1690,886
1773,1006
2328,1656
1175,1405
1150,916
2521,820
1883,84
734,1918
1401,1977
2505,47
930,1193
155,1052
1956,369
2168,1845
1097,1524
1313,2377
19,518
2133,1370
2308,985
905,2179
526,743
1856,1896
385,508
1825,1243
1888,226
1673,415
2002,1454
1951,499
457,1239
1435,2498
987,588
669,1249
319,1275
1181,2193
1794,1324
783,1935
165,1187
1362,2143
2483,698
2233,2232
1807,1105
1146,642
1864,1328
1476,1606
1846,256
2509,1403
22,387
1765,1442
1316,1740
110,982
959,1138
270,1030
957,1642
1738,301
1655,67
755,1276
2062,2097
2357,252
262,347
1452,2306
2281,400
2186,521
1003,2258
1598,136
1409,1107
1684,720
746,550
951,2448
1516,1912
274,1853
1936,1779
2473,1835
967,716
1699,1061
1690,43
1773,2164
2328,2468
1175,2370
1150,1502
2521,1204
1883,797
734,2321
1401,1239
2505,499
930,1454
1956,226
1097,1243
1313,508
19,1896
2133,743
2308,2179
905,985
526,1370
1856,518
385,2377
1825,1524
2047,1845
1888,369
1673,1052
2002,1193
330,396
1142,2319
653,866
1038,1675
442,1026
1265,418
1573,1119
1133,1732
482,2077
1035,327
2336,1262
551,1137
1356,523
1165,1013
1730,1101
2111,1434
2187,1073
2428,2227
1959,702
632,870
403,1866
1593,2040
218,2178
2522,173
381,303
687,919
2166,1828
1322,2354
273,1202
1904,1141
774,2021
378,1737
2053,562
1279,28
2026,1241
1500,1857
776,1521
758,1792
292,2462
1163,1519
520,1824
1029,1822
118,2117
771,1772
1171,133
615,784
2464,1961
1374,1014
723,1621
1608,82
1332,2338
2139,791
1520,2398
1070,1350
1658,1869
1266,1422
1439,1751
683,1659
1318,2051
606,356
1966,1731
1031,93
100,1139
2451,1235
848,1934
2376,247
812,620
1578,2387
332,2393
1982,1145
1929,836
2480,1630
673,1774
1131,1084
800,657
717,1914
1579,241
992,2282
1424,656
76,1192
1572,2508
124,333
408,437
2449,498
549,1152
605,1565
1440,583
808,1027
1369,997
536,2307
1226,2244
627,988
2259,531
2433,1985
2031,668
2003,2459
1386,2092
1976,2471
945,1053
1247,1760
1196,495
1462,1001
867,1177
764,2458
2475,792
2201,1419
225,1488
2477,991
6,529
1551,2361
1172,1289
2299,968
889,374
1395,321
617,186
293,1054
1203,1228
49,913
1441,897
1334,906
438,2048
86,111
2416,1676
72,2417
1718,2362
1991,215
1176,1709
2,1256
505,786
863,511
2060,467
932,1323
2497,586
237,2033
2064,2131
1103,972
1641,1231
1032,1411
106,2147
692,1973
1085,572
644,2442
689,8
291,1494
2351,161
2124,15
946,1736
500,1988
1402,1725
34,221
869,815
286,254
2447,112
843,2323
823,316
2037,891
1945,1149
1459,95
1200,1780
269,1636
2225,1568
1023,1552
525,2177
78,1153
2066,883
2129,1739
1790,232
725,2208
490,2160
2434,802
2017,1786
1309,2125
2120,2110
2418,1761
868,129
547,540
504,1963
2188,458
475,1410
1967,885
704,2499
1803,18
11,1028
330,530
1142,417
653,201
1038,1457
442,510
1265,1353
1573,148
1133,2289
482,2210
1035,707
2336,1685
551,527
1356,2301
1165,1949
1730,266
2111,639
2187,694
2428,99
1959,915
632,655
403,195
1593,552
218,1311
2522,469
381,1946
687,736
1322,65
273,1513
1904,2183
774,2241
378,1456
2053,479
1279,1809
1500,2427
758,1617
292,2337
520,842
1029,1104
118,1491
771,235
1171,444
615,2488
2464,1472
1374,391
546,1874
1608,979
1332,1628
2139,1326
1520,2248
1070,1418
1658,2153
1266,846
1439,234
683,1669
1318,1414
606,1295
1966,1970
1031,89
100,1129
2451,1536
848,1377
2376,7
812,481
1578,727
936,1861
332,1589
1982,204
1929,978
2480,2243
673,2359
1131,2099
800,1541
717,2141
1579,865
992,1169
1424,1288
76,386
1572,1194
124,585
2449,2140
549,91
605,1471
1440,898
808,2472
1369,2014
536,1688
1226,317
268,2329
627,16
2259,1899
2433,1927
368,739
2031,209
2003,877
1386,998
1976,548
945,1245
1247,2457
1196,2029
1462,2455
867,1340
2475,1043
2201,1821
225,1719
2477,1388
6,577
1551,143
1172,1059
2299,1691
889,557
1395,2000
617,1816
293,2311
1203,2049
49,1793
1441,749
1334,1798
438,1670
2416,2145
72,2112
1718,1379
1991,2094
1176,650
2,920
505,528
863,1019
2060,1944
932,1534
2497,1246
237,360
2064,2350
1103,128
1641,647
1032,1510
106,2018
1085,542
1122,1981
644,1657
689,1069
291,2373
2351,1590
2124,2242
884,1095
946,202
500,960
1583,730
1402,410
34,844
869,1886
2447,2356
843,2121
823,279
1945,1111
1907,430
1459,1128
1200,1928
269,795
1023,929
525,2383
78,2399
2066,506
2129,1399
1790,732
725,1735
490,619
13,2314
2434,2355
2017,779
1309,2340
2120,1217
2418,1412
868,762
504,1062
2188,1733
475,157
1967,1157
704,310
1803,502
11,1787
1038,663
442,1079
1573,1960
1133,121
482,2044
1035,921
2336,2182
551,236
1165,213
1730,2078
2111,1843
2187,365
2428,1799
1959,938
632,199
403,1389
1593,2114
218,260
2522,1230
381,484
687,1135
2166,436
1322,96
273,1901
1904,1254
774,763
378,1210
2053,1198
1279,440
2026,1121
1500,640
776,2224
758,1106
292,21
1163,1668
520,1813
1029,2266
118,2385
771,1766
1171,2098
615,925
2464,612
1374,1109
546,2138
723,90
1608,1755
1332,789
2139,125
1520,1458
1070,196
1658,33
1266,486
1439,250
683,117
1318,2199
606,581
1966,1017
1031,496
100,934
2451,2116
848,969
2376,2071
812,314
1578,1335
936,678
332,71
1982,965
1929,2054
2480,1984
673,1117
1131,1002
800,2474
717,1894
1579,27
1424,1299
76,345
1572,263
124,1922
408,1094
2449,858
549,355
605,434
1440,1082
808,2456
1369,1429
536,1553
1226,2344
268,349
627,1096
2259,948
2433,109
368,2235
2031,993
2003,888
1386,1543
1976,153
945,1110
1247,2234
1196,1352
1462,48
867,485
764,672
2475,244
2201,2136
225,1372
2477,1576
6,1465
1551,1885
1172,2238
2299,1461
889,373
1395,1969
617,389
293,300
1203,1916
49,2165
1441,1948
1334,1680
438,984
86,1468
2416,2209
72,2249
1718,690
1991,1264
1176,703
2,281
505,697
863,1542
2060,488
932,1839
2497,2277
237,801
2064,1679
1103,493
1641,679
1032,818
106,73
692,1126
1085,1116
1122,1833
644,2155
689,1168
291,1754
2351,1939
2124,396
884,2319
946,866
500,1675
1583,1026
1402,418
34,1119
869,1732
286,2077
2447,327
843,1262
823,1137
2037,523
1945,1013
1907,1101
1459,1434
1200,1073
269,2227
2225,702
1023,870
525,1866
78,2040
2066,2178
2129,173
1790,303
725,919
490,1828
13,2354
2434,1202
2017,1141
1309,2021
2120,1737
2418,562
868,28
547,1241
504,1857
2188,1521
475,1792
1967,2462
704,1519
1803,1824
330,1822
1142,1824
653,1519
1038,2462
442,1792
1265,1521
1573,1857
1133,1241
1035,562
2336,1737
551,2021
1356,1141
1165,1202
2428,303
1959,173
632,2178
403,2040
1593,1866
218,870
2522,702
2166,1434
1322,1101
273,1013
1904,523
774,1137
378,1262
2053,327
1279,2077
1500,1119
758,1026
292,1675
1163,866
520,2319
1029,396
118,1939
771,1754
1171,1168
615,2155
2464,1833
1374,1116
546,1126
723,73
1608,818
1332,679
2139,493
1520,1679
1070,801
1658,2277
1266,1839
1439,488
683,1542
1318,697
606,281
1031,1264
100,690
848,2209
2376,1468
812,984
1578,1680
936,1948
332,2165
1982,1916
1929,300
2480,389
673,1969
1131,373
800,1461
1579,1885
992,1465
76,1372
1572,2136
124,244
408,672
2449,485
549,48
605,1352
1440,2234
808,1110
1369,153
536,1543
1226,888
268,993
627,2235
893,1957
368,1096
2031,349
2003,2344
1386,1553
1976,1429
945,2456
1247,1082
1196,434
1462,355
867,858
764,1094
2475,1922
2201,263
225,345
2477,1299
6,2093
1551,27
1172,1894
2299,2474
889,1002
1395,1117
617,1984
293,2054
1203,965
49,71
1441,678
1334,1335
438,314
86,2071
2416,969
72,2116
1718,934
1176,1017
2,581
505,2199
863,117
2060,250
932,486
2497,33
237,196
2064,1458
1103,125
1641,789
1032,1755
106,90
692,2138
1085,1109
1122,612
644,925
689,2098
291,1766
2351,2385
2124,2266
884,1813
946,1668
500,21
1583,1106
1402,2224
34,640
869,1121
286,440
2447,1198
843,1210
823,763
2037,1254
1945,1901
1907,96
1459,436
1200,1135
269,484
2225,1230
78,1389
2066,199
2129,938
1790,1799
725,365
490,1843
13,2078
2434,213
2017,696
1309,236
2120,2182
2418,921
868,2044
547,121
504,1960
2188,1827
475,1079
1967,663
704,424
1803,2382
11,2324
330,1787
1142,502
653,310
442,157
1265,1733
1573,1062
482,762
1035,1412
2336,1217
551,2340
1356,779
1165,2355
1730,2314
2111,619
2187,1735
2428,732
1959,1399
632,506
403,2399
1593,2383
218,929
2522,1548
381,795
687,1928
2166,1128
1322,430
273,1111
1904,1213
774,279
378,2121
2053,2356
1279,132
776,410
758,730
292,960
1163,202
520,1095
1029,2242
118,1590
771,2373
1171,1069
615,1657
2464,1981
1374,542
546,363
723,2018
1608,1510
1332,647
2139,128
1520,2350
1070,360
1658,1246
1266,1534
1439,1944
683,1019
1318,528
606,920
1966,650
1031,2094
100,1379
848,2145
2376,961
1578,1798
936,749
332,1793
1982,2049
1929,2311
2480,1816
673,2000
1131,557
800,1691
717,1059
1579,143
1424,1388
76,1719
1572,1821
124,1043
408,854
2449,1340
549,2455
605,2029
1440,2457
808,1245
1369,548
536,998
1226,877
268,209
627,739
2259,1927
893,2423
2433,1899
368,16
2031,2329
2003,317
1386,1688
1976,2014
945,2472
1247,898
1196,1471
1462,91
867,2140
764,1375
2475,585
2201,1194
225,386
2477,1288
6,1169
1551,865
1172,2141
2299,1541
889,2099
1395,2359
617,2243
293,978
1203,204
49,1589
1441,1861
1334,727
438,481
86,7
2416,1377
72,1536
1991,89
1176,1970
2,1295
505,1414
863,1669
2060,234
932,846
2497,2153
237,1418
2064,2248
1103,1326
1641,1628
1032,979
106,584
692,1874
1085,391
1122,1472
644,2488
689,444
291,235
2351,1491
2124,1104
884,842
946,287
1583,1617
1402,813
34,2427
869,1039
286,1809
2447,479
823,2241
2037,2183
1945,1513
1907,65
1200,736
269,1946
2225,469
1023,1311
525,552
78,195
2066,655
2129,915
1790,99
725,694
490,639
13,266
2434,1949
2017,2301
1309,527
2120,1685
2418,707
868,2210
547,2289
504,148
2188,1353
475,510
1967,1457
704,201
1803,417
11,530
330,1028
1142,18
653,2499
1038,885
442,1410
1265,458
1573,1963
1133,540
482,129
1035,1761
2336,2110
551,2125
1356,1786
1165,802
1730,26
2111,2160
2187,2208
2428,232
1959,1739
632,883
1593,2177
218,1552
2522,1568
381,1636
687,1780
2166,95
1322,2304
273,1149
1904,891
774,316
378,2323
2053,112
1279,254
2026,815
1500,221
776,1725
758,361
292,1988
1163,1736
520,1020
1029,15
118,161
771,1494
1171,8
615,2442
2464,618
1374,572
546,1973
723,2147
1608,1411
1332,1231
2139,972
1520,2131
1070,2033
1658,586
1266,1323
1439,467
683,511
1318,786
606,1256
1966,1709
1031,215
100,2362
848,1676
812,2048
1578,906
936,897
332,913
1982,1228
1929,1054
2480,186
673,321
1131,374
800,968
717,1289
1579,2361
992,529
1424,991
76,1488
1572,1419
124,792
2449,1177
549,1001
605,495
1440,1760
808,1053
1369,2471
536,2092
1226,2459
268,668
627,630
2259,1985
893,1925
368,988
2031,104
2003,2244
1386,2307
1976,997
945,1027
1247,583
1196,1565
1462,1152
867,498
764,437
2475,333
2201,2508
225,1192
2477,656
6,2282
1551,241
1172,1914
2299,657
889,1084
1395,1774
617,1630
293,836
1203,1145
49,2393
1441,2426
1334,2387
438,620
86,247
2416,1934
72,1235
1718,1139
1991,93
1176,1731
2,356
505,2051
863,1659
2060,1751
932,1422
2497,1869
237,1350
2064,2398
1103,791
1641,2338
1032,82
106,1621
692,1677
1085,1014
1122,1961
644,784
689,133
291,1772
2351,2117
2124,1822
884,1824
946,1519
500,2462
1583,1792
1402,1521
34,1857
869,1241
286,28
2447,562
843,1737
823,2021
1945,1202
1907,2354
1459,1828
1200,919
269,303
2225,173
1023,2178
525,2040
78,1866
2066,870
2129,702
1790,2227
725,1073
490,1434
13,1101
2434,1013
2017,523
1309,1137
2120,1262
2418,327
868,2077
547,1732
504,1119
2188,418
475,1026
1967,1675
704,866
1803,2319
11,396
416,396
685,2319
2485,866
2171,1675
2367,1026
2467,418
1728,1119
491,1732
1371,2077
2526,327
1919,1262
1722,1137
738,523
816,1013
2150,1101
2084,1434
432,1073
468,2227
1367,702
331,870
1065,1866
1366,2040
2326,2178
1723,173
1852,303
1005,919
1517,1828
2392,2354
1881,1202
2422,1141
1696,2021
151,1737
406,562
2257,1241
740,1857
70,1521
950,1792
1978,2462
227,1519
1724,1824
2421,1822
2057,2117
1588,1772
1300,133
766,784
886,1961
1006,1014
1656,1677
1405,1621
916,82
820,2338
84,791
1918,2398
1977,1350
47,1869
1052,1751
369,1659
1845,2051
1524,356
2377,1731
518,93
1370,1139
985,1235
2179,1934
743,247
1896,620
508,2387
1243,2426
2330,2393
226,1145
415,836
499,1774
1239,1084
2321,657
797,1914
1204,241
1502,2282
2370,656
2468,1192
2164,2508
43,333
1061,437
716,498
1835,1152
1779,1565
1853,583
1912,1027
2448,997
550,2307
720,2244
1107,104
136,988
2258,531
521,1925
400,1985
2306,630
347,668
252,2459
2097,2092
1276,2471
67,1053
301,1760
1642,495
1088,1001
1030,1177
1138,2458
982,792
1740,1419
1442,1488
387,991
1403,529
256,2361
1606,1289
1328,968
642,374
1105,321
2232,186
698,1054
2143,1228
1187,913
1935,897
1324,906
2193,2048
1275,111
1249,1676
588,2417
2498,2362
416,215
685,1709
2485,1256
2171,786
2367,511
2467,467
1728,1323
491,586
2526,2131
1919,972
1722,1231
738,1411
816,2147
2150,1973
2084,572
432,618
468,2442
1367,8
331,1494
1065,161
1366,15
2326,1020
1723,1736
1852,1988
1005,361
1517,1725
2392,221
1881,815
2422,254
1696,112
151,2323
406,316
2360,891
2257,1149
740,2304
70,95
950,1780
1978,1636
227,1568
1724,1552
2421,2177
2057,1153
1588,883
1300,1739
766,232
1006,2160
1656,26
1405,802
916,1786
820,2125
84,2110
1918,1761
1977,129
47,540
1193,1963
1052,458
369,1410
1845,885
2377,18
518,1028
1370,530
985,417
2179,201
743,1457
1896,510
508,1353
1243,148
2330,2289
226,2210
415,707
499,527
1239,2301
2321,1949
797,266
1204,639
1502,694
2370,99
2468,915
2164,655
43,195
1061,552
716,1311
1835,469
1779,1946
1853,736
1912,1661
2448,65
550,1513
720,2183
1107,2241
136,1456
2258,479
521,1809
400,1039
2306,2427
347,813
252,1617
2097,2337
1276,287
67,842
301,1104
1642,1491
1088,235
1030,444
1138,2488
982,1472
1740,391
1442,1874
387,584
1403,979
256,1628
1606,1326
1328,2248
642,1418
1105,2153
2232,846
698,234
2143,1669
1187,1414
1935,1295
1324,1970
2193,89
1249,1536
588,1377
2498,7
416,481
685,727
2485,1861
2171,1589
2367,204
2467,978
1728,2243
491,2359
2526,1541
1919,2141
1722,865
738,1169
816,1288
2150,386
2084,1194
432,585
468,1375
1367,2140
331,91
1065,1471
1366,898
2326,2472
1723,2014
1852,1688
1005,317
1517,2329
2392,16
1881,1899
2422,2423
1696,1927
151,739
406,209
2360,877
2257,998
740,548
70,1245
950,2457
1978,2029
227,2455
1724,1340
2421,854
2057,1043
1588,1821
1300,1719
766,1388
886,577
1006,143
1656,1059
1405,1691
916,557
820,2000
84,1816
1918,2311
1977,2049
47,1793
1193,749
1052,1798
369,1670
1845,961
1524,2145
2377,2112
518,1379
1370,2094
985,650
2179,920
743,528
1896,1019
508,1944
1243,1534
2330,1246
226,360
415,2350
499,647
1239,1510
2321,2018
797,363
1204,542
1502,1981
2370,1657
2468,1069
2164,2373
43,1590
1061,2242
716,1095
1835,202
1779,960
1853,730
1912,410
2306,430
347,1128
252,1928
2097,795
1276,1548
67,929
301,2383
1642,2399
1088,506
1030,1399
1138,732
982,1735
1740,619
1442,2314
387,2355
1403,779
256,2340
1606,1217
1328,1412
642,762
1105,2348
2232,1062
698,1733
2143,157
1187,1157
1935,310
1324,502
2193,1787
1275,2324
1249,2382
588,424
2498,663
416,1079
685,1827
2485,1960
2171,121
2367,2044
2467,921
1728,2182
491,236
2526,213
1919,2078
1722,1843
738,365
816,1799
2150,938
2084,199
432,1389
468,2114
1367,260
331,1230
1065,484
1366,1135
2326,436
1723,96
1852,1901
1005,1254
1517,763
2392,1210
1881,1198
2422,440
1696,1121
151,640
406,2224
2360,1106
2257,21
740,1668
70,1813
950,2266
1978,2385
227,1766
1724,2098
2421,925
2057,612
1588,1109
1300,2138
766,90
886,1755
1006,789
1656,125
1405,1458
916,196
820,33
84,486
1918,250
1977,117
47,2199
1193,581
1052,1017
369,496
1845,934
1524,2116
2377,969
518,2071
1370,314
985,1335
2179,678
743,71
1896,965
508,2054
1243,1984
2330,1117
226,1002
415,2474
499,27
1239,2093
2321,1299
797,345
1204,263
2370,1094
2468,858
2164,355
43,434
1061,1082
716,2456
1835,1429
1779,1553
1853,2344
1912,349
2448,1096
550,948
720,1957
1107,109
136,2235
2258,993
521,888
400,1543
2306,153
347,1110
252,2234
2097,1352
1276,48
67,485
301,672
1642,244
1088,2136
1138,1576
982,1465
1740,1885
1442,2238
387,1461
1403,373
256,1969
1606,389
1328,300
642,1916
1105,2165
2232,1948
698,1680
2143,984
1187,1468
1935,2209
1324,2249
2193,690
1275,1264
1249,703
588,281
2498,697
416,1939
685,1754
2485,1168
2171,2155
2367,1833
2467,1116
1728,1126
491,73
2526,679
1919,493
1722,1679
738,801
816,2277
2150,1839
2084,488
432,1542
468,697
1367,281
331,703
1065,1264
1366,690
2326,2249
1723,2209
1852,1468
1005,984
1517,1680
2392,1948
1881,2165
2422,1916
1696,300
151,389
406,1969
2360,373
2257,1461
740,2238
70,1885
950,1465
1978,1576
227,1372
1724,2136
2421,244
2057,672
1588,485
1300,48
766,1352
886,2234
1006,1110
1656,153
1405,1543
916,888
820,993
84,2235
1918,109
1977,1957
47,948
1193,1096
1052,349
369,2344
1845,1553
1524,1429
2377,2456
518,1082
1370,434
985,355
2179,858
743,1094
1896,1922
508,263
1243,345
2330,1299
226,2093
415,27
1454,1894
499,2474
1239,1002
2321,1117
797,1984
1204,2054
1502,965
2370,71
2468,678
2164,1335
43,314
1061,2071
716,969
1835,2116
1779,934
1853,496
1912,1017
2448,581
550,2199
720,117
1107,250
136,486
2258,33
400,1458
2306,125
347,789
252,1755
2097,90
1276,2138
67,1109
301,612
1642,925
1088,2098
1030,1766
1138,2385
982,2266
1740,1813
1442,1668
387,21
1403,1106
256,2224
1606,640
1328,1121
642,440
1105,1198
2232,1210
698,763
2143,1254
1187,1901
1935,96
1324,436
2193,1135
1275,484
1249,1230
588,260
2498,2114
416,1389
685,199
2485,938
2171,1799
2367,365
2467,1843
1728,2078
491,213
1371,696
1919,2182
738,2044
816,121
2150,1960
2084,1827
432,1079
468,663
1065,2324
2326,502
1723,310
1852,1157
2392,1062
1881,2348
2422,762
1696,1412
151,1217
2360,779
2257,2355
740,2314
70,619
950,1735
1978,732
227,1399
1724,506
2421,2399
2057,2383
1588,929
1300,1548
766,795
886,1928
1006,1128
1656,430
1405,1111
916,1213
820,279
84,2121
1918,2356
1977,132
47,1886
1193,844
1052,410
369,730
1845,960
1524,202
2377,1095
518,2242
1370,1590
985,2373
2179,1069
743,1657
1896,1981
508,542
1243,363
2330,2018
226,1510
415,647
1454,128
499,2350
1239,360
2321,1246
797,1534
1204,1944
1502,1019
2370,528
2468,920
2164,650
43,2094
1061,1379
716,2112
1835,2145
1779,961
1853,1670
1912,1798
2448,749
550,1793
720,2049
1107,2311
136,1816
2258,2000
521,557
400,1691
2306,1059
347,143
252,577
2097,1388
1276,1719
67,1821
301,1043
1642,854
1088,1340
1030,2455
1138,2029
1442,548
387,998
1403,877
256,209
1606,739
1328,1927
642,2423
1105,1899
2232,16
698,2329
2143,317
1187,1688
1935,2014
1324,2472
2193,898
1275,1471
1249,91
588,2140
2498,1375
416,585
685,1194
2485,386
2171,1288
2367,1169
2467,865
1728,2141
491,1541
1371,2099
2526,2359
1919,2243
1722,978
738,204
816,1589
2150,1861
432,481
468,7
1367,1377
331,1536
1065,1129
1366,89
2326,1970
1723,1295
1852,1414
1005,1669
1517,234
2392,846
1881,2153
2422,1418
1696,2248
151,1326
406,1628
2360,979
2257,584
740,1874
70,391
950,1472
1978,2488
227,444
1724,235
2421,1491
2057,1104
1588,842
1300,287
766,2337
886,1617
1006,813
1656,2427
1405,1039
916,1809
820,479
84,1456
1918,2241
1977,2183
47,1513
1193,65
1052,1661
1845,1946
1524,469
2377,1311
518,552
1370,195
985,655
2179,915
743,99
1896,694
508,639
1243,266
2330,1949
226,2301
415,527
1454,1685
499,707
1239,2210
2321,2289
797,148
1204,1353
1502,510
2370,1457
2468,201
2164,417
43,530
1061,1028
716,18
1835,2499
1779,885
1853,1410
1912,458
2448,1963
550,540
720,129
1107,1761
136,2110
2258,2125
521,1786
400,802
2306,26
347,2160
252,2208
2097,232
1276,1739
67,883
301,1153
1642,2177
1088,1552
1030,1568
1138,1636
982,1780
387,1149
1403,891
256,316
1606,2323
1328,112
642,254
1105,815
2232,221
698,1725
2143,361
1187,1988
1935,1736
1324,1020
2193,15
1275,161
1249,1494
588,8
2498,2442
416,618
685,572
2485,1973
2171,2147
2367,1411
2467,1231
1728,972
491,2131
1371,2033
2526,586
1919,1323
1722,467
738,511
816,786
2150,1256
2084,1709
432,215
468,2362
1367,2417
331,1676
1065,111
1366,2048
2326,906
1723,897
1852,913
1005,1228
1517,1054
2392,186
1881,321
2422,374
1696,968
151,1289
406,2361
2360,529
2257,991
740,1488
70,1419
950,792
1978,2458
227,1177
1724,1001
2421,495
2057,1760
1588,1053
1300,2471
766,2092
886,2459
1006,668
1656,630
1405,1985
916,1925
820,531
84,988
1918,104
1977,2244
47,2307
1193,997
1052,1027
369,583
1845,1565
1524,1152
2377,498
518,437
1370,333
985,2508
2179,1192
743,656
1896,2282
508,241
1243,1914
2330,657
226,1084
415,1774
1454,1630
499,836
1239,1145
2321,2393
797,2426
1204,2387
1502,620
2370,247
2468,1934
2164,1235
43,1139
1061,93
716,1731
1835,356
1779,2051
1853,1659
1912,1751
2448,1422
550,1869
720,1350
1107,2398
136,791
2258,2338
521,82
400,1621
2306,1677
347,1014
252,1961
2097,784
1276,133
67,1772
301,2117
1642,1822
1088,1824
1030,1519
1138,2462
982,1792
1740,1521
1442,1857
387,1241
1403,28
256,562
1606,1737
1328,2021
642,1141
1105,1202
2232,2354
698,1828
2143,919
1187,303
1935,173
1324,2178
2193,2040
1275,1866
1249,870
588,702
2498,2227
416,330
685,1142
2485,653
2171,1038
2367,442
2467,1265
491,1133
2526,1035
1919,2336
1722,551
738,1356
816,1165
2150,1730
2084,2111
432,2187
468,2428
1367,1959
331,632
1065,403
1366,1593
2326,218
1723,2522
1852,381
1005,687
1517,2166
2392,1322
1881,273
2422,1904
1696,774
151,378
406,2053
2257,2026
740,1500
70,776
950,758
1978,292
227,1163
1724,520
2421,1029
2057,118
1588,771
1300,1171
766,615
886,2464
1006,1374
1656,546
1405,723
916,1608
820,1332
84,2139
1918,1520
1977,1070
47,1658
1193,1266
1052,1439
369,683
1845,1318
1524,606
2377,1966
518,1031
1370,100
985,2451
2179,848
743,2376
1896,812
508,1578
1243,936
2330,332
226,1982
415,1929
1454,2480
499,673
1239,1131
2321,800
797,717
1204,1579
1502,992
2370,1424
2468,76
2164,1572
43,124
1061,408
716,2449
1835,549
1779,605
1853,1440
1912,808
2448,1369
550,536
720,1226
1107,268
136,627
2258,2259
400,2433
2306,368
347,2031
2097,1386
1276,1976
67,945
301,1247
1642,1196
1088,1462
1030,867
1138,764
982,2475
1740,2201
1442,225
387,2477
1403,6
256,1551
1606,1172
1328,2299
642,889
1105,1395
698,293
2143,1203
1187,49
1935,1441
1324,1334
2193,438
1275,86
1249,2416
588,72
2498,1718
416,11
685,1803
2485,704
2171,1967
2367,475
2467,2188
1728,504
491,547
1371,868
2526,2418
1919,2120
1722,1309
738,2017
816,2434
2150,13
2084,490
432,725
1367,2129
1065,78
2326,1023
1723,2225
1852,269
1005,1200
1517,1459
2392,1907
1881,1945
2422,2037
1696,823
151,843
406,2447
2360,286
2257,869
70,1402
1978,500
227,946
1724,884
2421,2124
766,644
1006,1085
1977,237
47,2497
1052,2060
369,863
1845,505
2377,1176
518,1991
985,72
508,1334
1243,1441
2330,49
226,1203
415,293
1454,617
499,1395
1239,889
797,1172
1204,1551
1502,6
2370,2477
2468,225
2164,2201
43,2475
1061,764
716,867
1835,1462
1779,1196
1853,1247
1912,945
2448,1976
550,1386
136,368
2258,2433
400,2259
2306,627
347,268
252,1226
2097,536
1276,1369
67,808
301,1440
1030,2449
982,124
1740,1572
1442,76
1403,992
1606,717
1328,800
642,1131
2232,2480
698,1929
2143,1982
1187,332
1935,936
1324,1578
2193,812
1275,2376
2498,100
416,1953
685,1304
2171,2081
2367,439
2467,1108
1728,1895
491,2285
1371,1768
2526,1125
1919,1355
1722,625
738,1646
816,602
2150,654
2084,975
432,2381
468,1229
1367,2041
331,737
1366,275
2326,308
1723,631
151,1660
406,1303
2257,296
740,2287
70,2400
950,2506
1978,2012
227,1278
1724,1645
2057,56
1588,887
1300,729
766,2404
886,102
1006,1273
1656,903
1405,933
916,760
820,1188
1918,2127
47,1329
1193,2226
1052,343
369,455
1845,879
1524,14
2377,206
518,4
1370,1637
985,135
508,200
1243,2184
2330,1905
499,564
1204,288
1502,1533
2164,1479
1061,2503
716,1741
1835,917
1779,1222
1853,989
1912,54
2448,1506
550,1889
720,1224
1107,1067
136,629
2258,1788
521,1327
2306,1560
252,2368
2097,622
1276,198
67,1092
301,981
1642,1426
1088,2069
1138,1808
982,1926
1740,1464
1442,2502
387,181
1403,955
256,393
1606,2490
642,1867
1105,1484
2232,1010
1324,137
2193,860
588,342
2498,2106
416,1365
685,1281
2485,187
2171,1810
2367,59
2467,2436
1728,1974
491,819
1371,1436
2526,533
1919,871
1722,2189
738,1626
468,1298
1367,1862
331,2088
1065,700
1366,954
2326,354
1723,2396
1852,122
1005,453
2392,2161
1881,741
1696,845
2360,1373
2257,167
740,1225
70,621
950,571
1978,778
227,1623
1724,2219
2057,748
1588,1757
1300,2512
766,751
886,896
1006,1887
1656,2205
1405,718
916,931
820,1407
84,2019
1918,1523
1977,339
1193,2035
1052,336
369,705
1845,614
1524,1647
2377,790
518,1214
1370,2156
985,2297
2179,2106
743,342
1896,1252
508,2320
1243,860
2330,137
226,1558
415,2215
1454,509
499,1540
1239,1010
2321,1484
797,1867
1204,649
1502,2490
2370,393
2468,955
2164,181
43,2502
1061,1464
716,1926
1835,1808
1779,101
1853,2069
1912,1426
2448,981
550,1092
720,198
1107,622
136,2368
2258,970
521,1560
400,428
2306,1327
347,1788
252,629
2097,1067
1276,1224
67,1889
301,1506
1642,54
1088,989
1030,1222
1138,917
982,1741
1740,2503
1442,1144
387,1479
1403,470
256,2481
1606,1533
1328,288
642,2275
2232,476
698,564
2143,2229
1187,1744
1935,1942
1324,1905
2193,2184
1275,200
1249,1613
588,1383
2498,1753
