1,23.662457484304213,14.366492044041843,21.127194182414474,16.056667578635,4.225438836482895,11.831228742152106,22.817369717007633,17.74684311322816,12.676316509448684,19.437018647821315,40.56421283023579,28.732984088083686,8.45087767296579,21.127194182414474,26.197720786193948,24.50754525160079,15.21157981133842,2.535263301889737,13.521404276745264,19.437018647821315,0.07496199186612283,0.07995024083729813
1,36.09903465605294,21.827323280404105,18.469273544957318,24.345860581989193,11.753174074063748,27.70391031743598,28.543422751297676,26.024885449712585,12.592686507925444,26.024885449712585,44.4941589946699,41.97562169308482,10.913661640202053,19.308785978819017,22.6668357142658,43.65464656080821,25.18537301585089,1.6790248677233928,11.753174074063748,26.864397883574284,0.07746813020074587,0.08301943593755778
1,56.943375260739856,46.894544332374004,31.821297939825214,38.52051855873579,25.122077320914645,43.54493402291872,67.82960876646953,41.03272629082725,25.959479898278463,30.983895362461393,118.91116598566265,56.10597268337604,23.447272166187002,39.357921136099606,45.21973917764636,56.10597268337604,35.1709082492805,15.073246392548786,24.284674743550823,51.918959796556926,0.0818340290222902,0.08076339361388836
1,43.05686819276421,35.60471792863194,25.66851757645559,47.19695167283769,8.280166960146964,24.012484184426196,53.82108524095526,44.712901584793606,24.840500880440892,19.044384008338017,52.99306854494056,31.46463444855846,18.21636731232332,20.70041740036741,26.49653427247028,48.852985064867084,19.872400704352714,9.10818365616166,22.356450792396803,24.012484184426196,0.08513784633549316,0.08684545764981055
1,41.401785348304024,40.55685095344067,47.316326112347454,38.02204776885063,10.984147133223516,33.79737579453389,48.1612605072108,45.62645732262076,23.658163056173727,43.93658853289406,64.21501400961439,55.76567006098092,21.96829426644703,31.262572609943852,44.78152292775741,93.78771782983156,55.76567006098092,7.604409553770126,31.262572609943852,39.71191655857733,0.07537147358017246,0.0796941315564802
1,16.650448606277916,20.813060757847396,19.148015897219604,24.975672909416875,8.325224303138958,14.985403745650125,25.80819533973077,22.478105618475187,8.325224303138958,22.478105618475187,40.7935990853809,34.133419642869725,9.157746733452854,14.985403745650125,22.478105618475187,29.13828506098635,16.650448606277916,8.325224303138958,11.655314024394542,24.975672909416875,0.08195388003427473,0.0855236896518295
1,31.82543062313467,37.68800994844895,27.6378739621959,30.150407958759164,15.075203979379582,51.08819126345303,56.11325925657955,30.987919290946916,10.88764731844081,28.475385294383653,81.23859922221219,36.012987284073446,18.4252493081306,15.075203979379582,27.6378739621959,43.55058927376324,33.50045328751018,12.562669982816319,11.725158650628563,33.50045328751018,0.08132623027850712,0.08116243753373834
1,20.07417393407683,21.747021761916564,15.892054364477488,9.200663053118546,5.854967397439075,22.58344567583643,25.929141331515904,15.892054364477488,10.037086967038414,11.70993479487815,35.96622829855432,26.76556524543577,3.3456956556794712,10.873510880958282,25.092717417596035,27.60198915935564,14.219206536637753,3.3456956556794712,10.037086967038414,20.910597847996694,0.0796608448650174,0.0839152412151147
1,32.63008360808623,40.99677171272373,22.590057882521236,38.486765281332474,8.366688104637495,19.243382640666237,37.650096470868725,40.16010290225998,10.876694536028744,31.793414797622482,48.52679100689747,43.506778144114975,9.203356915101244,22.590057882521236,34.30342122901373,68.60684245802746,39.32343409179622,3.346675241854998,20.91672026159374,46.01678457550622,0.08040927526193437,0.08292191427431614
1,28.52360204564775,26.84574310178612,22.651095742132036,29.362531517578567,16.778589438616322,32.71824940530183,48.65790937198734,36.91289676495591,22.651095742132036,41.107544124609994,76.34258194570427,42.785403068471624,20.973236798270406,15.100730494754691,26.84574310178612,52.0136272597106,23.490025214062854,10.067153663169794,18.456448382477955,32.71824940530183,0.07973449590505041,0.08133603216413349
1,19.829555571337874,14.872166678503405,6.609851857112624,18.177092607059716,2.4786944464172342,15.698398160642483,20.655787053476953,14.872166678503405,8.262314821390781,14.045935196364328,31.396796321284967,26.439407428450497,10.741009267808014,14.872166678503405,14.045935196364328,17.350861124920637,15.698398160642483,4.1311574106953906,12.39347223208617,19.003324089198795,0.08111365532184088,0.0926548625390811
1,27.655736773720104,25.141578885200094,15.084947331120057,23.465473626186753,7.542473665560029,23.465473626186753,34.36015780977346,28.493789403226774,12.570789442600047,20.951315737666746,46.93094725237351,31.84599992125345,8.380526295066698,22.627420996680083,31.84599992125345,36.87431569829347,21.789368367173417,5.028315777040019,19.275210478653406,22.627420996680083,0.07835489153171689,0.0835924789616134
1,26.059178763423866,35.017021463350815,13.029589381711933,17.101336063496912,2.443048009070987,13.029589381711933,46.41791217234876,20.358733408924895,8.143493363569958,22.801781417995883,40.71746681784979,26.059178763423866,4.886096018141974,16.286986727139915,9.772192036283949,23.616130754352877,14.658288054425924,2.443048009070987,9.772192036283949,17.101336063496912,0.08738243924255974,0.09826822440044447
1,10.18083721881635,7.635627914112263,8.48403101568029,15.271255828224525,1.6968062031360582,7.635627914112263,14.422852726656496,14.422852726656496,9.33243411724832,11.029240320384378,19.51327133606467,16.96806203136058,5.090418609408175,9.33243411724832,17.816465132928613,25.452093047040876,11.029240320384378,3.3936124062721165,5.938821710976204,16.119658929792553,0.07449423589247114,0.07710266253949971
1,25.006023885224614,28.34016040325456,18.337750849164717,23.33895562620964,11.66947781310482,21.671887367194664,24.172489755717127,40.84317234586687,15.003614331134768,28.34016040325456,45.84437712291179,40.00963821635938,10.835943683597332,19.171284978672205,34.17489930980697,36.675501698329434,20.838353237687176,3.3341365180299483,16.67068259014974,25.8395580147321,0.08129087910080637,0.08517499139170644
1,31.775297664346674,41.809602189929834,17.56003291977053,33.44768175194387,7.52572839418737,19.232417007367722,37.62864197093685,33.44768175194387,18.39622496356913,28.43052948915229,49.3353305841172,38.464834014735445,12.54288065697895,13.379072700777547,35.12006583954106,62.71440328489475,20.06860905116632,5.01715226279158,17.56003291977053,29.266721532950882,0.08089362206946105,0.08291433413194225
1,43.328341425247004,49.994240106054235,54.99366411665966,47.49452810075152,22.497408047724406,37.495680079540676,71.65841081867774,51.66071477625604,27.49683205832983,63.3260374676687,90.82286952599853,65.82574947297141,24.997120053027118,44.99481609544881,42.4951040901461,59.99308812726508,44.99481609544881,11.665322691412655,40.82862941994429,46.66129076565062,0.08188356590925525,0.08487909898984079
1,69.39068308735021,63.5384568028749,56.01416586569234,75.24290937182553,16.72064652707234,76.07894169817915,130.42104291116425,38.457487012266384,22.57287281154766,55.178133539338724,124.56881662668894,120.38865499492086,34.2773253804983,30.93319607508383,40.965583991327236,71.06274774005745,48.489874928509785,9.196355589889787,27.589066769669362,49.3259072548634,0.08134981323883905,0.08261786040754397
1,42.85878067727032,26.89178395436569,24.370679208643907,37.81657118582675,8.403682485739278,24.370679208643907,50.42209491443567,44.53951717441817,26.89178395436569,31.093625197235326,69.75056463163601,56.304672654453164,15.966996722904627,31.933993445809254,29.41288870008747,52.94319966015745,39.49730768297461,5.0422094914435664,16.807364971478556,38.65693943440068,0.07678417327721572,0.0828475781488564
1,56.252470021983164,50.461774578543725,14.063117505495791,26.471750598580314,8.272422062056348,31.43520383581412,49.634532372338086,53.77074340336626,17.372086330318332,20.68105515514087,72.79731414609586,29.780719423402854,10.754148680673252,29.780719423402854,41.36211031028174,43.01659472269301,23.162781773757775,4.963453237233809,14.063117505495791,40.534868104076104,0.0856965490967229,0.08706124469764229
1,33.657419776983495,42.071774721229374,34.49885527140808,42.071774721229374,20.1944518661901,27.767371316011385,47.961823182201485,39.54746823795561,23.56019384388845,43.75464571007855,63.10766208184406,41.23033922680479,21.877322855039274,29.450242304860563,47.961823182201485,70.68058153166535,35.34029076583268,9.255790438670463,21.035887360614687,53.851871643173595,0.07759569418241666,0.08096881139299597
1,48.60633253115475,93.02246398203754,31.00748799401251,47.768292315100354,10.894522808707098,66.20517706829699,109.78326830312538,60.33889555591624,29.331407561903728,41.90201080271961,86.3181422536024,62.85301620407942,18.43688475319663,25.979246697686158,59.50085533986184,90.50834333387435,46.930252099045966,11.732563024761491,27.65532712979494,69.55733793251456,0.08000726084447134,0.08195252310113652
1,43.67498434932282,43.67498434932282,12.598553177689276,22.677395719840696,4.199517725896425,20.15768508430284,29.396624081274975,45.35479143968139,12.598553177689276,18.477877993944272,40.31537016860568,24.357202810199265,11.758649632509991,13.43845672286856,52.91392334629496,40.31537016860568,18.477877993944272,3.35961418071714,6.71922836143428,31.91633471681283,0.07788678189603783,0.08220967292467707
1,27.870815575028566,21.958824392446747,16.89140337880519,22.80339456138701,10.979412196223373,18.58054371668571,41.38393827807272,25.337105068207787,9.290271858342855,21.958824392446747,43.073078615953236,32.93823658867012,5.911991182581817,17.735973547745452,21.958824392446747,46.451359291714276,25.337105068207787,5.067421013641558,15.202263040924672,27.870815575028566,0.07457914420253448,0.08085068685720602
1,81.82358636952732,53.98669616133761,33.74168510083601,35.42876935587781,11.809589785292603,27.836890208189708,75.91879147688103,74.23170722183922,20.245011060501607,27.836890208189708,80.98004424200643,69.17045445671381,15.183758295376204,24.462721698106108,75.91879147688103,101.22505530250803,54.83023828885852,10.966047657771703,25.306263825627006,52.299611906295816,0.07472342043094216,0.08173445204815756
1,60.7940513758812,50.661709479901,55.7278804278911,51.50607130456602,50.661709479901,41.37372940858582,65.01586049920628,71.77075509652641,26.175216564615518,58.26096590188615,93.72416253781685,55.7278804278911,21.109045616625416,30.3970256879406,63.327136849876254,70.9263932718614,54.03915677856107,10.976703720645217,30.3970256879406,59.10532772655117,0.0754916806029718,0.08014649473201155
1,28.49876991756291,33.52796460889754,23.46957522622828,24.30777434145072,11.73478761311414,27.660570802340473,24.30777434145072,29.33696903278535,19.278579650116086,26.822371687118036,45.262752222011684,31.851566378452667,16.76398230444877,24.30777434145072,30.17516814800779,55.321141604680946,34.36616372411998,7.543792037001947,12.572986728336579,36.04256195456486,0.08171210694761273,0.08008877782994875
1,70.2388054434192,60.08379742750317,34.696277387713096,55.00629341954515,49.92878941158714,52.467541415566146,65.16130143546118,85.47131746729323,29.618773379755083,37.2350293916921,116.78259218303432,33.003776051727094,19.463765363839055,29.618773379755083,92.24132281123725,61.77629876348917,56.69879475553116,12.693760019895036,29.618773379755083,70.2388054434192,0.07642493789675478,0.07732439411024283
1,53.02739083305287,38.718412354292575,26.934547724725267,26.934547724725267,17.675796944350957,31.14307080671359,40.4018215870879,60.60273238063185,23.56772925913461,19.359206177146287,85.85387087256179,18.51750156074862,14.308978478760299,27.77625234112293,39.56011697069024,43.768640052678556,27.77625234112293,13.467273862362633,10.942160013169639,49.66057236746221,0.07957924942556514,0.07871613417677033
1,29.905157159062984,38.2121452588027,14.952578579531492,35.720048828880785,18.27537381942738,19.10607262940135,33.22795239895887,49.011229788464334,18.27537381942738,22.42886786929724,48.18053097849037,30.735855969036958,13.29118095958355,36.55074763885476,46.51913335854242,31.56655477901093,29.074458349089014,7.476289289765746,16.613976199479435,39.87354287875065,0.08551910570472292,0.08378208432130538
1,25.90558986524402,26.74125405444544,20.891604730035503,38.440552703265325,16.713283784028402,20.891604730035503,40.94754527086958,37.6048885140639,15.877619594826982,26.74125405444544,39.27621689246674,49.304187162883785,17.548947973229822,36.769224324862485,30.919575000452543,30.083910811251123,27.576918243646862,7.520977702812781,15.877619594826982,35.097895946459644,0.08289499278859672,0.08144081800998326
1,55.24808585231784,68.64156121045549,60.27063911161946,58.59645469185225,39.34333386452937,31.809503975576938,88.73177424766199,77.01248330929154,30.972411765693334,55.24808585231784,113.8445405441701,56.08517806220144,25.11276629650811,49.38844038313262,68.64156121045549,87.89468203777838,57.75936248196865,16.741844197672073,42.691702704063786,72.82702225987352,0.08139285970569557,0.08151493041070075
1,23.042062084715788,23.864992873455634,19.75033892975639,21.396200507236088,7.406377098658646,18.92740814101654,36.20895470455338,30.448439183374433,9.875169464878194,23.042062084715788,40.32360864825262,18.92740814101654,9.052238676138344,18.10447735227669,26.333785239675183,24.687923662195484,22.219131295975938,9.052238676138344,15.635684986057141,20.57326971849624,0.08603537353014554,0.09103383773000491
1,25.543013966016698,24.719045773564545,17.30333204149518,22.24714119620809,7.415713732069364,18.127300233947334,33.782695890538214,39.55047323770327,9.887618309425818,20.59920481130379,41.19840962260758,27.190950350921,10.71158650187797,16.479363849043033,20.59920481130379,24.719045773564545,29.662854928277454,8.239681924521516,21.42317300375594,23.071109388660243,0.08669222744977129,0.0893395800980772
1,9.862432586288653,12.328040732860817,8.21869382190721,15.6155182616237,0.8218693821907211,8.21869382190721,14.793648879432979,14.793648879432979,6.574955057525769,18.081126408195864,29.587297758865958,19.724865172577307,6.574955057525769,9.040563204097932,12.328040732860817,17.259257026005145,10.684301968479375,3.2874775287628846,11.506171350670096,14.793648879432979,0.08849133157252514,0.08963928623675367
1,43.25383875016282,47.41286170690924,12.477068870239274,26.61774692317712,9.98165509619142,58.22632139444995,62.38534435119637,41.59022956746425,24.122333149129265,24.954137740478547,93.9939188224692,32.440379062622114,11.64526427888999,17.467896418334984,34.93579283666997,50.740080072306384,24.954137740478547,9.149850504842135,17.467896418334984,39.92662038476568,0.08222109611060333,0.08597431254011172
1,54.34740810532406,33.96713006582753,38.21302132405598,36.5146648207646,17.832743284559456,42.45891258228442,46.70480384051286,58.5932993635525,23.776991046079274,31.419595310890468,88.3145381711516,34.81630831747322,15.285208529622391,33.11795181418184,50.9506950987413,67.93426013165507,42.45891258228442,14.436030277976702,30.570417059244782,63.688368873426626,0.07754211899926604,0.07327962935504556
1,30.58811229075948,21.494349177290445,15.707409014173786,19.840937702114257,7.440351638292846,15.707409014173786,34.72164097869995,37.20175819146423,6.613645900704753,23.147760652466634,35.548346716288044,30.58811229075948,11.573880326233317,17.360820489349976,27.281289340407103,28.93470081558329,30.58811229075948,8.26705737588094,20.66764343970235,25.627877865230914,0.08625117153958299,0.08704309087232294
1,25.375859021831534,21.28297853443935,12.27864146217655,27.831587314266844,6.548608779827493,17.19009804704717,31.924467801659027,27.013011216788406,5.730032682349056,26.194435119309972,35.19877219157277,37.65450048400808,10.641489267219676,16.37152194956873,22.920130729396224,23.73870682687466,21.28297853443935,7.367184877305929,19.64582633948248,22.920130729396224,0.0871771930095718,0.09424670951199166
1,64.3837552265708,62.71144989601052,31.77380128064533,48.49685458624814,28.42919061952477,29.26534328480491,61.87529723073038,62.71144989601052,20.067663966723366,27.59303795424463,99.5021671683367,38.463022602886454,16.723053305602807,40.13532793344673,58.53068656960982,76.92604520577291,47.660701920967995,14.214595309762386,30.93764861536519,71.07297654881192,0.08113199816700145,0.0827153365528582
1,60.40751126558499,67.1194569617611,71.31442302187118,52.017579145364856,36.91570132896861,29.364762420770486,94.80623295848757,76.34838229400326,19.29684387650632,61.24650447760701,97.32321259455361,57.890531629518954,32.72073526885854,39.43268096503465,67.95845017378312,81.38234156613534,57.890531629518954,17.61885745246229,52.856572357386874,72.9924094459152,0.08118696384541149,0.07981982413257467
1,54.328413042296,47.537361412009,67.91051630287001,55.17729449608188,34.804139605220875,42.444072689293755,61.119464672583,67.91051630287001,39.048546874150254,70.45716066422763,113.75011480730726,66.21275339529825,25.46644361357625,59.42170176501125,61.119464672583,101.01689300051913,74.70156793315701,9.337695991644626,36.501902512792626,91.67919700887451,0.07387656205875187,0.07724198415537313
1,27.210655569501398,23.912394288349716,14.842175765182581,22.263263647773872,7.421087882591291,14.842175765182581,36.28087409266853,28.859786210077242,8.245653202879213,24.736959608637637,29.684351530365163,31.333482170941007,14.842175765182581,17.315871726046346,27.210655569501398,34.63174345209269,22.263263647773872,7.421087882591291,17.315871726046346,23.087828968061793,0.08430203304808731,0.09113264666399153
1,105.70321642176312,72.72381289817302,104.0119649590149,82.87132167466228,41.43566083733114,82.02569594328818,121.77010531787111,119.23322812374879,41.43566083733114,129.38073690023805,197.03079541016643,98.93821057077028,30.44252632946778,90.48195325702923,107.39446788451133,175.8901521258138,120.0788538551229,43.97253803145345,79.48881874916586,140.37387140810142,0.07740343538500048,0.07697083324089453
1,47.39239848785886,48.2386913179992,31.312834715192466,49.08498414813954,16.0795637726664,36.390591696034484,79.55152603319166,52.47015546870089,22.003613583648757,45.69981282757819,105.7866037675421,32.1591275453328,22.003613583648757,27.927663394631118,65.16454792080594,77.858940372911,53.31644829884122,10.155513961684042,35.54429886589415,77.858940372911,0.07826255436755924,0.07544461549210395
1,32.21886406486372,22.30536742952104,13.217995513790246,24.783741588356712,9.087371915730794,18.174743831461587,32.21886406486372,35.523362943311284,8.261247196118903,23.13149214913293,39.653986541370735,23.95761686874482,11.565746074566466,19.000868551073477,24.783741588356712,25.609866307968602,25.609866307968602,8.261247196118903,19.000868551073477,20.65311799029726,0.08630149363217253,0.08757378675593708
1,46.298939907414365,33.67195629630136,45.457141000006835,44.6153420925993,20.203173777780815,21.04497268518835,48.82433662963697,46.298939907414365,18.519575962965746,43.77354318519176,69.86930931482532,55.55872788889724,20.203173777780815,36.19735301852396,42.0899453703767,66.50211368519518,49.666135537044504,11.785184703705475,35.355554111116426,65.66031477778765,0.079221930275648,0.07897916231681808
1,17.394473848182397,27.334173190000907,7.454774506363884,19.05109040515215,6.626466227879008,11.596315898788264,22.364323519091652,23.192631797576528,18.222782126667273,16.56616556969752,35.61725597484967,9.939699341818512,4.14154139242438,13.252932455758016,26.50586491151603,36.445564253334545,8.28308278484876,5.798157949394132,5.798157949394132,19.05109040515215,0.08408137022602118,0.08761035128910287
1,41.35219762930173,33.75689602391977,26.161594418537824,42.19612002989972,16.034525611361893,20.254137614351865,46.41573203288969,39.664352828105734,18.566292813155876,27.00551681913582,68.35771444843755,41.35219762930173,21.09806001494986,15.190603210763898,48.10357683408568,62.450257644251586,35.444740825115765,12.658836008969915,24.473749617341838,53.167111237673645,0.07538619087596396,0.08069140852604163
1,18.18702043352863,19.013703180507207,5.786779228850019,14.053606698635761,3.3067309879142965,6.613461975828593,15.706972192592909,19.84038592748578,7.440144722807167,9.093510216764315,27.280530650292945,9.093510216764315,6.613461975828593,10.746875710721463,20.667068674464353,12.400241204678611,12.400241204678611,2.4800482409357225,7.440144722807167,22.320434168421503,0.08412860671327624,0.08918864630814963
1,36.48052918685131,26.53129395407368,14.923852849166444,17.41116165736085,7.461926424583222,19.069367529490457,34.8223233147217,35.65142625078651,7.461926424583222,13.26564697703684,40.62604386717532,25.702191018008875,9.120132296712827,17.41116165736085,26.53129395407368,30.67680863439769,29.847705698332888,7.461926424583222,19.069367529490457,24.873088081944072,0.0840668013576921,0.0868302625775055
1,44.027898388426614,33.867614144943545,22.860639547836893,33.02092379131996,11.006974597106653,34.71430449856714,35.560994852190724,47.414659802920966,16.933807072471772,36.40768520581431,57.57494404640403,34.71430449856714,15.240426365224597,27.940781669578428,43.18120803480302,66.04184758263992,33.02092379131996,6.7735228289887095,14.393736011601007,33.867614144943545,0.07558525440530534,0.07772439197110594
1,23.791955344391283,27.89401661066564,6.563298026038974,18.04906957160718,5.742885772784103,12.306183798823078,29.534841117175386,18.869481824862053,12.306183798823078,14.767420558587693,37.738963649724106,12.306183798823078,9.02453478580359,14.767420558587693,19.689894078116925,19.689894078116925,14.767420558587693,5.742885772784103,7.3837102792938465,22.15113083788154,0.08548069670141019,0.09410705004371805
1,45.56482585128151,37.12689513808123,37.12689513808123,55.69034270712184,14.344482212440475,21.0948267830007,79.31654870408262,48.93999813656162,21.0948267830007,59.06551499240196,87.75447941728291,58.22172192108193,21.938619854320727,27.001378282240893,43.033446637321425,78.4727556327626,57.3779288497619,10.969309927160364,39.65827435204131,75.09758334748248,0.08000532196670503,0.07620160671326699
1,33.48784346367117,25.953078684345154,26.790274770936936,30.13905911730405,9.209156952509572,46.04578476254786,68.6500791005259,30.976255203895832,15.906725645243805,42.69700041618074,77.02203996644369,70.32447127370945,23.441490424569817,16.743921731835584,20.092706078202703,51.068961282098535,30.976255203895832,7.534764779326013,23.441490424569817,37.67382389663007,0.07954972875913004,0.08325418464909064
1,25.026958302243237,25.026958302243237,20.855798585202695,42.545829113813504,16.684638868162157,23.35849441542702,35.03774162314053,39.20890134018107,17.518870811570267,25.861190245651343,41.71159717040539,49.21968466107836,17.518870811570267,35.03774162314053,32.53504579291621,28.36388607587567,23.35849441542702,6.673855547264863,16.684638868162157,38.374669396772966,0.08275599000705067,0.08301206658484145
1,18.78725334424145,12.252556528853118,13.06939363077666,14.703067834623742,1.6336742038470824,11.435719426929577,22.054601751935614,17.970416242317906,7.351533917311871,17.153579140394367,26.13878726155332,28.589298567323944,5.717859713464788,20.42092754808853,11.435719426929577,13.8862307327002,11.435719426929577,4.901022611541247,11.435719426929577,16.336742038470824,0.09087663161279103,0.09228626646366773
1,58.855286863609656,57.173707238935094,48.76580911556229,56.33291742659782,27.746063807130266,32.790802681153956,70.62634423633159,60.53686648828422,25.223694370118427,72.30792386100615,103.41714691748554,84.91977104606536,26.905273994792985,41.19870080452676,51.28817855257413,107.62109597917194,81.55661179671624,13.452636997396493,42.03949061686404,62.21844611295878,0.07823603745922615,0.08097415020349304
1,16.337559639475618,18.78819358539696,13.070047711580495,19.605071567370743,2.450633945921343,12.253169729606713,17.97131560342318,13.070047711580495,11.436291747632932,15.520681657501838,29.40760735105611,22.055705513292086,7.351901837764028,10.619413765659152,12.253169729606713,13.886925693554275,7.351901837764028,4.0843899098689045,18.78819358539696,19.605071567370743,0.09244289530025197,0.09067912272596712
1,42.884445133383906,32.793987454940634,30.27137303532982,40.36183071377309,15.13568651766491,17.658300937275726,48.770545445809155,41.202702186976694,14.294815044461304,31.95311598173703,56.33838870464161,42.0435736601803,23.54440124970097,17.658300937275726,45.407059552994724,47.92967397260555,45.407059552994724,10.931329151646878,29.430501562126214,56.33838870464161,0.07689392887595776,0.08223459792043612
1,52.588647996319715,45.910724441231494,16.694808887720544,32.55487733105506,13.355847110176436,22.537991998422733,40.0675413305293,55.09286932947779,18.364289776492598,20.86851110965068,85.9782657717608,20.86851110965068,10.851625777018354,18.364289776492598,50.91916710754766,60.10131199579396,24.20747288719479,10.851625777018354,20.86851110965068,48.41494577438958,0.0828407109845678,0.08241884462940494
1,55.55522080551263,37.03681387034175,18.518406935170876,39.56205117968324,14.309678086268406,21.885390014292856,44.61252579836621,57.23871234507362,16.834915395609887,18.518406935170876,67.33966158243955,31.144593481878292,14.309678086268406,20.201898474731866,47.137763107707684,51.34649195661016,36.19506810056126,9.259203467585438,17.67666116539038,59.7639496544151,0.07802285429131181,0.08023137592819382
1,18.839156197447966,15.562781206587452,11.467312468011807,13.924593711157193,2.457281243145387,13.924593711157193,20.477343692878225,19.658249945163096,6.552749981721032,14.743687458872323,28.668281170029516,22.115531188308484,6.552749981721032,18.020062449732837,12.286406215726936,15.562781206587452,9.829124972581548,4.914562486290774,13.105499963442064,18.839156197447966,0.09206694576838043,0.08883930651649062
1,19.551309299845705,13.848844087390708,11.404930424909995,15.47811986237785,1.629275774987142,9.775654649922853,21.99522296232642,17.922033524858563,6.517103099948568,16.29275774987142,26.068412399794273,27.697688174781415,5.702465212454998,19.551309299845705,10.590292537416424,13.034206199897136,13.848844087390708,4.887827324961426,13.034206199897136,17.10739563736499,0.09183785372072903,0.09352425878570003
1,27.396553491686,27.396553491686,13.283177450514422,23.24556053840024,4.981191543942908,14.113376041171575,38.189135170228965,35.69853939825751,11.62278026920012,20.754964766428785,38.189135170228965,29.0569506730003,15.773773222485877,23.24556053840024,29.887149263657452,25.736156310371694,20.754964766428785,3.3207943626286056,11.62278026920012,21.58516335708594,0.08162996845745654,0.08817144088539211
1,41.680174241845734,47.51539863570414,49.182605605377965,54.184226514399455,26.675311514781267,34.1777428783135,79.1923310595069,47.51539863570414,28.3425184844551,55.01782999923637,93.36359030173445,86.69476242303912,28.3425184844551,36.678553332824244,43.34738121151956,60.853054393094766,45.01458818119339,12.50405227255372,37.51215681766116,54.184226514399455,0.08098753954102304,0.08540897562206233
1,28.29303362073294,34.11806995441325,25.79658947772709,29.125181668401552,19.97155314404678,25.79658947772709,34.95021800208186,41.60740238343079,22.467997287052626,30.789477763738784,50.76103090778556,32.453773859076016,15.8108129057037,34.95021800208186,24.132293382389857,24.964441430058475,34.95021800208186,6.657184381348927,13.314368762697853,37.44666214508771,0.08402269939988166,0.0838292529315026
1,15.661523039505346,13.18865098063608,6.59432549031804,13.18865098063608,2.472872058869265,7.418616176607795,14.012941666925835,13.18865098063608,8.24290686289755,13.18865098063608,32.147336765300444,17.310104412084854,4.121453431448775,13.18865098063608,15.661523039505346,11.540069608056571,14.012941666925835,3.29716274515902,8.24290686289755,18.958685784664365,0.08792810699558591,0.08778120671465896
1,21.502292409329172,19.02125866979119,10.751146204664586,18.19424742327853,4.962067479075963,14.059191190715229,21.502292409329172,19.848269916303853,9.097123711639265,21.502292409329172,35.5614836000444,17.36723617676587,8.270112465126605,10.751146204664586,18.19424742327853,14.886202437227888,15.713213683740548,2.4810337395379816,14.886202437227888,14.886202437227888,0.08538441851363643,0.087604334973703
1,36.66840601723832,52.50249043377305,30.834795969041313,30.834795969041313,7.500355776253293,20.83432160070359,41.66864320140718,39.16852460932275,15.000711552506585,33.33491456112574,49.16899897766047,44.16876179349161,15.000711552506585,20.83432160070359,30.834795969041313,69.16994771433592,39.16852460932275,3.3334914561125744,16.66745728056287,30.834795969041313,0.08494959803693346,0.08167753793492302
1,20.67295871588493,15.711448624072549,15.711448624072549,19.846040367249536,5.788428440447781,9.923020183624768,17.365285321343343,14.057611926801753,10.749938532260165,23.153713761791124,35.55748899132208,19.019122018614137,7.442265137718576,10.749938532260165,16.538366972707944,13.230693578166356,11.576856880895562,2.480755045906192,15.711448624072549,12.40377522953096,0.08747817661282369,0.08560347475177907
1,61.96109807536807,44.377543216141994,23.44473981230143,37.679046126913015,21.770115539994187,31.817861173837656,58.61184953075358,63.63572234767531,15.908930586918828,36.00442185460577,62.79841021152169,40.190982535373884,22.60742767614781,31.817861173837656,48.56410389691011,59.4491616669072,48.56410389691011,13.39699417845796,30.14323690153041,64.47303448382894,0.08269940924708653,0.0799884545992909
1,60.970729275122196,50.948143640855534,40.92555800658887,46.77206629324443,25.056464085666658,39.25512706754443,51.78335911037776,65.14680662273331,13.36344751235555,54.28900551894442,57.62986739703331,40.92555800658887,30.06775690279999,33.40861878088887,42.595988945633316,66.81723756177774,56.79465192751109,11.693016573311107,32.573403311366654,60.13551380559998,0.08067449066309393,0.08411003981468411
1,58.1723598134768,44.683116958177834,14.332320533755155,22.763097318317012,21.07694196140464,32.88002945979124,45.526194636634024,101.16932141474227,14.332320533755155,20.233864282948453,85.99392320253092,16.018475890667524,14.332320533755155,17.704631247579897,60.70159284884536,60.70159284884536,26.135408032141754,16.018475890667524,16.018475890667524,39.62465088744072,0.07896592577224801,0.07795639577156648
1,67.975923921805,71.29182264969792,21.553341731304023,44.76463282655451,26.527189823143413,43.106683462608046,70.4628479677247,74.60772137759085,42.27770878063482,34.81693664287573,114.39850611230598,37.303860688795424,19.895392367357562,38.96181005274189,67.975923921805,63.00207582996561,39.790784734715125,15.750518957491403,29.01411386906311,60.51515178404591,0.08501844168683842,0.08600687633992986
1,41.71362234031891,43.382167233931675,15.01690404251481,27.530990744610484,10.01126936167654,17.519721382933945,50.0563468083827,40.04507744670616,14.18263159570843,20.856811170159457,45.05071212754443,29.199535638223242,11.679814255289296,19.188266276546702,39.21080499989978,55.89625393602735,22.525356063772215,4.171362234031892,10.845541808482919,20.856811170159457,0.07994535060117508,0.08578220259244654
1,58.28872460220527,41.39344210881244,19.429574867401758,34.635329111455306,18.584810742732113,42.23820623348208,51.53061160484814,60.82301697621419,17.740046618062472,21.963867241410682,79.40782771894631,21.11910311674104,16.89528249339283,18.584810742732113,66.73636584890168,47.30679098149993,45.61726273216065,16.05051836872319,21.963867241410682,54.909668103526705,0.07760174610040937,0.07763412922994906
1,20.729273050495554,24.875127660594668,10.779221986257689,23.21678581655502,5.804196454138755,14.095905674336977,40.62937517897129,24.875127660594668,10.779221986257689,16.583418440396443,33.99600780281271,29.8501531927136,13.266734752317156,22.3876148945352,18.24176028443609,19.07093120645591,24.875127660594668,5.804196454138755,14.9250765963568,23.21678581655502,0.0835899522854611,0.0872391256947167
1,21.41493357691972,28.827795199699622,9.88381549703987,24.709538742599676,5.765559039939925,12.354769371299838,35.41700553105954,22.23858486833971,9.060164205619882,17.296677119819773,37.064308113899514,25.533190034019665,13.178420662719828,21.41493357691972,20.59128228549973,21.41493357691972,23.885887451179688,5.765559039939925,15.649374536979796,24.709538742599676,0.0883621925864759,0.08798651599353483
1,19.81799830010738,30.55274737933221,22.295248087620802,23.946747945963082,14.037748795909392,19.81799830010738,44.590496175241604,34.68149702518791,11.56049900839597,20.64374822927852,47.067745962755026,42.93899631689932,10.73474907922483,23.946747945963082,23.946747945963082,28.075497591818785,18.992248370936238,4.128749645855704,17.340748512593954,28.075497591818785,0.08389253581555144,0.09035753501330784
1,84.35185688051209,76.0001878824416,35.912176691703166,58.46168298649353,30.901175292860867,45.93417948938777,85.18702378031915,72.65952028321338,31.736342192667916,42.593511890159576,116.92336597298706,46.76934638919482,20.87917249517626,36.747343591510216,60.967183685914684,97.7145272774249,53.450681587651225,23.38467319459741,35.07700979189612,82.68152308089799,0.08136059807781226,0.08347250211513732
1,57.48874614131145,51.570786979705865,44.807405080728046,58.334168878683684,27.8989503332835,43.11655960598359,87.07854194933941,71.86093267663932,21.98099117167791,67.63381898977818,104.83241943415618,71.01550993926709,21.98099117167791,34.66233223226132,60.02501435342813,95.53276932306169,76.93346910087268,16.06303201007232,40.58029139386691,92.996501110945,0.07587290990599767,0.07870435272177505
1,20.769849825335484,20.769849825335484,11.63111590218787,15.785085867254967,4.1539699650670965,11.63111590218787,29.077789755469677,25.754613783416,8.307939930134193,22.431437811362322,33.23175972053677,19.939055832322065,9.138733923147614,10.800321909174452,25.754613783416,20.769849825335484,11.63111590218787,1.6615879860268388,6.646351944107355,22.431437811362322,0.08476212824744643,0.08444387873913423
1,43.93615098487407,35.486891180090595,42.24629902391737,35.486891180090595,27.882557355785465,35.486891180090595,65.05930049683275,45.62600294583076,17.743445590045297,43.93615098487407,73.50856030161623,44.78107696535241,20.27822353148034,49.00570686774415,36.33181716056894,76.04333824305127,43.09122500439572,12.673889707175212,34.641965199612244,55.76511471157093,0.07865430936270056,0.07641971015895202
1,27.201886301406443,17.31029128271319,12.364493773366565,19.783190037386504,8.242995848911043,10.715894603584356,28.026185886297547,27.201886301406443,9.067295433802148,14.013092943148774,37.9177809049908,28.85048547118865,10.715894603584356,12.364493773366565,15.661692112930982,19.783190037386504,18.134590867604295,6.594396679128835,16.485991697822087,30.49908464097086,0.08773422891530859,0.08796618619358701
1,21.767711565417596,20.930491889824612,14.232734485080735,22.60493124101058,6.697757404743875,13.39551480948775,31.81434767253341,22.60493124101058,11.721075458301781,25.116590267789533,43.53542313083519,21.767711565417596,12.558295133894767,10.883855782708798,23.442150916603563,30.977127996940425,15.907173836266704,4.186098377964922,15.907173836266704,20.930491889824612,0.07881668977034538,0.0839636346366702
1,19.90437393941907,29.856560909128607,18.24567611113415,35.66200330812583,14.098931540421841,21.563071767703992,38.15005005055322,33.173956565698454,18.24567611113415,24.88046742427384,41.46744570712306,26.53916525255876,16.586978282849227,25.7098163384163,24.88046742427384,35.66200330812583,19.07502502527661,5.805442398997229,14.928280454564304,29.856560909128607,0.08393306810880481,0.08671801774873399
1,37.40203573695796,49.03822463290044,46.544755583769906,48.20706828319026,26.597003190725662,39.895504786088495,63.16788257797345,40.72666113579867,24.934690491305307,59.012100829422565,104.7257000634823,59.84325717913274,32.4150976386969,36.570879387247786,42.388973835219026,48.20706828319026,33.24625398840708,15.791970644493363,32.4150976386969,46.544755583769906,0.08246375365155072,0.08637989663827221
1,48.26796033341906,40.77810441961265,42.44251684490297,49.93237275870938,19.97294910348375,36.617073356386875,61.583259735741564,41.610310632257814,19.97294910348375,54.093403821935155,107.35460143122515,67.40870322425765,24.96618637935469,39.9458982069675,42.44251684490297,54.093403821935155,33.28824850580625,14.147505614967656,30.791629867870782,60.7510535230964,0.0826195032005269,0.08517428415431683
1,170.85453192559493,127.51582138837085,70.0086862524389,107.51333960195974,30.003722679616672,113.34739678966298,139.18393576377733,103.34615589645743,69.17524951133844,110.8470865663616,265.86632041104775,108.3467763430602,78.34305366344353,70.0086862524389,91.67804152105094,134.18331531717456,115.84770701296438,33.337469644018526,53.339951430429636,131.68300509387316,0.08018563291647901,0.08637762598305795
1,37.63070109647749,30.268172621079717,7.362528475397769,15.543115670284179,8.18058719488641,13.906998231306897,32.72234877954564,32.72234877954564,16.36117438977282,8.998645914375052,44.993229571875254,26.177879023636514,9.816704633863692,13.906998231306897,23.72370286517059,28.632055182102434,14.725056950795539,8.18058719488641,8.18058719488641,32.72234877954564,0.08848218974428439,0.0934590907670746
1,82.83523160868546,51.56070538907973,35.50081354657949,40.57235833894798,15.214634377105494,38.03658594276373,69.31111216236947,81.98997414329071,21.97669410026349,28.738753823421487,84.52574653947497,63.39430990460622,19.44092170407924,28.738753823421487,78.60894428171171,94.66883612421195,62.54905243921147,10.988347050131745,27.893496358026738,62.54905243921147,0.0752392301554949,0.07950330444975558
1,24.727341140969138,24.727341140969138,18.133383503377367,22.254607026872225,6.59395763759177,23.078851731571195,29.672809369162966,23.903096436270168,9.890936456387655,23.078851731571195,42.036479939647535,23.078851731571195,8.242447046989714,18.95762820807634,18.133383503377367,31.32129877856091,18.95762820807634,9.066691751688683,19.78187291277531,20.606117617474283,0.08586893083674696,0.08988636446428179
1,44.945490908522224,30.79598451139486,11.652534679987244,25.802041077114612,14.149506397127368,19.143449831407615,38.28689966281523,34.95760403996173,13.317182491413993,19.97577373712099,51.604082154229225,34.95760403996173,17.478802019980865,14.981830302840743,34.95760403996173,31.628308417108233,19.143449831407615,7.490915151420372,25.802041077114612,24.137393265687862,0.08244744131912055,0.08522865296750486
1,37.33182010193909,25.717476070224702,24.88788006795939,22.39909206116345,7.466364020387817,23.228688063428763,39.82060810873502,41.47980011326565,15.762324043040946,21.56949605889814,49.77576013591878,40.650204111000335,15.762324043040946,15.762324043040946,27.37666807475533,31.524648086081893,19.0807080521022,9.125556024918444,28.20626407702064,29.86545608155127,0.08375992066095132,0.0866440770737356
1,21.79885103529598,17.60676429773906,15.091512255204908,20.960433687784594,8.384173475113839,14.253094907693525,23.475685730318748,18.445181645250443,9.222590822625222,22.637268382807363,32.698276552943966,24.31410307783013,13.414677560182142,10.061008170136606,20.122016340273213,27.667772467875665,14.253094907693525,3.3536693900455354,15.091512255204908,25.152520425341514,0.07624108333970132,0.08534156914891491
1,21.014470726703085,15.130418923226221,12.608682436021851,23.536207213907456,8.405788290681235,17.65215541043059,25.217364872043703,15.130418923226221,8.405788290681235,23.536207213907456,30.260837846452443,23.536207213907456,11.768103606953728,10.927524777885605,17.65215541043059,28.579680188316196,17.65215541043059,5.043472974408741,13.449261265089975,26.89852253017995,0.07666173064297427,0.08275944028890227
1,16.57201787541111,17.400618769181666,11.600412512787777,13.257614300328889,3.3144035750822223,15.743416981640555,14.086215194099445,20.71502234426389,6.6288071501644446,15.743416981640555,26.515228600657778,24.858026813116666,10.771811619017223,14.086215194099445,8.286008937705555,17.400618769181666,14.086215194099445,2.4858026813116667,15.743416981640555,9.943210725246667,0.08592336507378766,0.08547574115565679
1,18.128266793732305,33.78449720650111,13.184194031805312,17.30425466674447,4.1200606349391595,10.712157650841815,18.952278920720136,27.192400190598455,9.888145523853984,17.30425466674447,32.136472952525445,19.776291047707968,10.712157650841815,13.184194031805312,15.656230412768807,28.84042444457412,18.128266793732305,2.472036380963496,14.832218285780975,15.656230412768807,0.08972333154218626,0.08626454146998183
1,53.689308098378916,46.97814458608155,29.36134036630097,53.689308098378916,17.61680421978058,51.1726217812674,61.23936704971345,44.46145826897004,31.87802668341248,53.689308098378916,104.02303444060915,67.11163512297364,20.133490536892094,38.58919019570985,43.62256282993287,56.20599441549042,46.13924914704438,16.77790878074341,27.683549488226628,60.40047161067628,0.07944197871370215,0.08166258224912726
1,21.925578385234697,17.709121003458794,11.80608066897253,12.64937214532771,5.903040334486265,17.709121003458794,24.45545281430024,14.335955098038072,9.276206239906989,21.082286908879517,30.358493148786504,25.29874429065542,11.80608066897253,10.119497716262169,32.88836757785205,19.395703956169157,17.709121003458794,4.2164573817759035,11.80608066897253,16.865829527103614,0.07853803601738142,0.07817048762743793
1,20.95409970683722,20.11593571856373,13.41062381237582,27.659411613025128,5.028983929640932,20.11593571856373,20.11593571856373,22.630427683384195,18.43960774201675,19.27777173029024,33.52655953093955,32.68839554266606,10.896131847555354,14.248787800649309,27.659411613025128,23.468591671657684,19.27777173029024,5.028983929640932,16.763279765469775,17.601443753743265,0.08031382906491667,0.08152218266159453
1,21.40521783651497,31.284549145675726,14.818996963741133,16.46555218193459,4.116388045483648,10.702608918257486,20.58194022741824,27.168161100192076,9.056053700064025,17.288829791031322,31.284549145675726,22.2284954456117,9.879331309160754,14.818996963741133,17.288829791031322,27.991438709288808,13.172441745547674,2.4698328272901886,14.818996963741133,15.642274572837863,0.08998656728608441,0.086735823617186
1,13.183214805089627,36.253840713996475,11.535312954453424,28.83828238613356,10.711362029135323,10.711362029135323,27.190380535497354,18.126920356998237,29.66223331145166,21.422724058270646,28.83828238613356,31.310135162087864,7.415558327862915,14.00716573040773,12.359263879771525,37.90174256463268,16.479018506362035,5.767656477226712,18.95087128231634,18.126920356998237,0.08726739630347441,0.08878167837842393
1,15.511314856153659,58.77971945489807,13.878544871295379,27.757089742590757,6.531079939433119,11.429389894007958,29.389859727449036,17.14408484101194,21.226009803157638,15.511314856153659,28.573474735019897,19.59323981829936,6.531079939433119,15.511314856153659,12.245774886437099,41.63563461388613,15.511314856153659,5.714694947003979,25.307934765303337,19.59323981829936,0.09148979144761558,0.0921252161232445
1,26.48301365134132,21.357269073662355,11.105779918304425,13.668652207143907,6.834326103571954,14.522942970090401,19.648687547769367,56.38319035446862,5.980035340625459,17.940106021876378,38.443084332592235,18.794396784822872,4.271453814732471,15.377233733036896,32.46304899196678,39.29737509553873,27.337304414287814,2.5628722888394826,14.522942970090401,25.628722888394826,0.07449482912081659,0.07121440793268921
1,28.55824662311446,22.678607612473247,14.27912331155723,18.47886546201524,7.559535870824416,15.119071741648831,15.959020171740434,18.47886546201524,5.879639010641212,16.798968601832033,31.078091913389265,19.31881389210684,4.199742150458008,15.119071741648831,26.038401332839655,26.878349762931254,25.198452902748052,1.6798968601832034,15.119071741648831,24.35850447265645,0.08247893749543318,0.07757263241296516
1,19.98035593897698,14.985266954232735,11.655207631069905,16.65029661581415,4.162574153953537,10.822692800279198,14.985266954232735,19.147841108186274,8.325148307907074,16.65029661581415,41.625741539535376,19.98035593897698,6.66011864632566,14.152752123442028,17.482811446604856,12.487722461860614,14.985266954232735,3.33005932316283,7.492633477116367,12.487722461860614,0.08290204425641179,0.08458312495288067
1,18.191370854369204,19.018251347749622,14.883848880847532,17.364490360988786,5.788163453662929,14.056968387467114,19.018251347749622,15.71072937422795,6.615043947043348,15.71072937422795,37.20962220211883,23.979534308032136,9.095685427184602,11.576326907325859,14.883848880847532,15.71072937422795,14.883848880847532,4.134402466902092,11.576326907325859,18.191370854369204,0.0835470449267396,0.08957246169284204
1,27.76037937796754,28.57686112437835,10.614262703340529,19.595561913859438,6.53185397128648,16.329634928216198,34.29223334925402,26.12741588514592,6.53185397128648,19.595561913859438,40.8240873205405,26.94389763155673,12.24722619616215,15.51315318180539,28.57686112437835,22.861488899502678,17.962598421037818,8.164817464108099,16.329634928216198,26.94389763155673,0.08935667315020683,0.0941615804389832
1,64.99682831605661,36.296930098577064,10.129375841463366,21.102866336382014,14.34994910873977,32.076356831300664,37.14104475203234,48.11453524695099,13.50583445528449,16.88229306910561,64.99682831605661,16.038178415650332,6.752917227642245,17.726407722560893,61.62036970223548,59.088025741869636,27.01166891056898,11.817605148373929,11.817605148373929,29.544012870934818,0.0770722893022029,0.07881305724251655
1,40.726180604729954,30.752422089285883,17.45407740202712,36.57044788996159,4.986879257722035,25.76554283156385,44.05076677654464,39.89503406177628,19.94751703088814,34.07700826110057,61.504844178571766,44.05076677654464,17.45407740202712,29.090129003378536,31.583568632239555,37.40159443291526,34.07700826110057,6.64917234362938,19.94751703088814,39.063887518822604,0.08086717558764794,0.08798628145867954
1,22.56703947556468,24.238672029310212,25.074488306182978,25.910304583055744,10.865611599345957,29.253569690546808,40.954997566765535,27.581937136801276,17.552141814328085,20.89540692181915,49.313160335493194,50.984792889238726,14.208876706837021,21.731223198691914,24.238672029310212,59.342955657966385,20.059590644946383,10.029795322473191,30.92520224429234,38.44754873614723,0.07932150569256805,0.08486221743466597
1,20.62705369721218,15.676560809881257,8.250821478884871,20.62705369721218,2.4752464436654615,6.600657183107898,19.801971549323692,18.151807253546718,10.726067922550333,15.676560809881257,28.877875176097053,21.452135845100667,4.950492887330923,18.976889401435205,20.62705369721218,14.026396514104283,14.026396514104283,6.600657183107898,8.250821478884871,18.976889401435205,0.0857054835510682,0.08921236856044469
1,18.126074152717717,32.13258599799959,15.65433676825621,17.30216169123055,5.767387230410183,15.65433676825621,37.89997322840977,17.30216169123055,6.591299691897351,17.30216169123055,48.61083522774297,31.30867353651242,9.886949537846027,8.23912461487169,11.534774460820366,27.189111229076573,14.00651184528187,1.6478249229743378,14.830424306769041,15.65433676825621,0.08633948491793648,0.0897480535948946
1,37.10648793771384,48.06976846476565,25.29987813935034,31.20318303853209,11.806609798363493,40.47980502296055,64.93635389099921,41.32313429427222,18.55324396885692,33.73317085246712,68.30967097624593,50.59975627870068,15.179926883610205,15.179926883610205,37.94981720902551,74.21297587542767,29.516524495908733,3.373317085246712,19.396573240168596,43.00979283689558,0.07746343561393058,0.07920729307439148
1,73.03376513038184,64.734473638293,12.448937238133269,48.96581980332419,26.557732774684304,43.98624490807088,54.77532384778638,65.56440278750188,30.707378520728728,30.707378520728728,125.31930153054157,34.85702426677315,16.59858298417769,38.176740863608686,63.90454448908411,73.86369427959072,31.53730766993761,12.448937238133269,24.897874476266537,59.75489874303969,0.0810095296003744,0.08906132119074114
1,14.163431858203843,10.830859656273528,7.498287454343211,18.329147110616738,4.998858302895474,14.163431858203843,16.662861009651582,16.662861009651582,4.998858302895474,19.162290161099317,23.328005413512212,24.16114846399479,9.997716605790949,12.497145757238686,17.49600406013416,21.661719312547056,12.497145757238686,2.499429151447737,6.665144403860633,19.995433211581897,0.08403285237981342,0.08282409713760742
1,33.27609949750652,38.2675144221325,18.301854723628587,24.125172135692228,10.81473233668962,10.81473233668962,34.93990447238185,28.284684572880543,13.310439799002609,25.788977110567554,59.06507660807408,33.27609949750652,8.31902487437663,19.13375721106625,31.612294522631196,35.771806959819514,23.293269648254565,3.327609949750652,19.13375721106625,30.780392035193533,0.08121617661397143,0.08688133594836552
1,19.134346091483184,36.60483600109826,13.310849454944824,31.613267455493958,23.29398654615344,16.63856181868103,34.940979819230165,45.75604500137283,22.46205845521939,26.62169890988965,51.57954163791119,24.957842728021543,12.478921364010771,16.63856181868103,37.43676409203232,39.10062027390042,25.789770818955596,5.82349663653836,18.30241800054913,35.772907910164214,0.08294696258680878,0.08512494647913972
1,22.021768085674687,18.759283924833994,5.709347281471215,22.021768085674687,2.446863120630521,11.41869456294243,22.021768085674687,17.94366288462382,6.524968321681389,10.603073522732258,32.624841608406946,21.206147045464515,10.603073522732258,12.234315603152604,14.681178723783125,13.049936643362779,17.128041844413648,4.078105201050868,12.234315603152604,22.021768085674687,0.08746857118064681,0.09691038860917953
1,22.73064954672103,15.153766364480687,16.83751818275632,24.41440136499666,9.260635000515975,17.679394091894135,22.73064954672103,17.679394091894135,10.102510909653791,21.888773637583213,35.35878818378827,28.623780910685742,14.311890455342871,12.628138637067238,21.888773637583213,31.14940863809919,15.995642273618502,3.367503636551264,18.52127000103195,30.307532728961373,0.07533654072413025,0.08278755013805378
1,14.263197304026752,10.907150879549869,11.74616248566909,12.58517409178831,2.5170348183576623,7.551104455072987,20.1362785468613,8.390116061192208,9.229127667311428,19.297266940742077,29.365406214172726,19.297266940742077,4.195058030596104,12.58517409178831,11.74616248566909,23.49232497133818,17.619243728503637,1.6780232122384415,10.907150879549869,30.204417820291948,0.0767318949520848,0.08425649892869438
1,27.546250408606642,26.711515547739772,13.355757773869886,29.215720130340376,8.34734860866868,14.190492634736755,25.876780686872905,26.711515547739772,18.364166939071094,24.20731096513917,45.07568248681087,29.215720130340376,16.69469721733736,17.529432078204227,25.04204582600604,40.06727332160966,19.198901799937964,3.3389394434674715,17.529432078204227,32.55465957380785,0.08293885009247266,0.08232628904065946
1,74.05801934014731,56.58365522617997,21.634926998245284,32.45239049736792,22.46703957510087,29.95605276680116,59.079992956746736,68.2332313021582,15.810138960256168,24.963377305667635,73.22590676329173,30.78816534365675,14.97802638340058,29.123940189945575,54.087317495613206,62.40844326416909,44.93407915020174,14.145913806544993,24.963377305667635,67.40111872530261,0.08562263090386862,0.08226479224054364
1,9.1987177779311,8.362470707210091,7.526223636489082,10.034964848652109,5.0174824243260545,10.871211919373119,13.379953131536146,10.871211919373119,6.689976565768073,9.1987177779311,15.888694343699173,7.526223636489082,8.362470707210091,9.1987177779311,13.379953131536146,9.1987177779311,5.0174824243260545,1.6724941414420182,10.871211919373119,7.526223636489082,0.08279478237800755,0.08095814690098335
1,18.147297158691313,21.446805732998822,14.022911440806924,22.271682876575703,1.6497542871537556,9.898525722922534,18.147297158691313,18.147297158691313,13.198034297230045,17.322420015114435,27.220945738036967,18.97217430226819,12.373157153653167,10.723402866499411,19.797051445845067,20.621928589421945,10.723402866499411,4.1243857178843895,18.97217430226819,24.746314307306335,0.08824356478412292,0.08687929163899924
1,17.39813209503747,24.8544744214821,10.77027224930891,19.883579537185682,5.79937736501249,10.77027224930891,23.19750946004996,28.16840434434638,10.77027224930891,14.91268465288926,33.1392992286428,28.16840434434638,8.2848248071607,16.5696496143214,19.05509705646961,17.39813209503747,22.369026979333892,1.65696496143214,16.5696496143214,14.08420217217319,0.08518418595150858,0.08633333333242137
1,225.39224280731236,179.47900816137837,127.72227092414367,174.4702916545492,72.62638934902287,156.93978388064713,247.0966810035721,156.1049977961756,75.13074760243745,166.12243080983393,442.43662476990943,230.40095931414152,98.50475796764022,163.61807255641935,156.1049977961756,272.97504962218943,152.76585345828948,40.90451813910484,98.50475796764022,208.69652111788182,0.08008435348563302,0.08512956204283971
1,64.21379623756893,65.0587146091159,28.727224632596627,42.24591857734798,15.208530687845274,33.796734861878384,86.18167389778988,64.21379623756893,17.743285802486152,35.486571604972305,96.3206943563534,44.78067369198886,14.363612316298314,28.727224632596627,89.56134738397772,92.09610249861859,47.31542880662974,16.053449059392232,10.983938830110475,39.711163462707106,0.07644199103179534,0.07863963742124513
1,15.565303780774803,18.022983325107667,5.734585603443349,18.84220983988529,4.915359088665728,11.469171206886697,18.022983325107667,14.746077265997183,7.3730386329985915,9.830718177331455,31.949834076327228,14.746077265997183,4.915359088665728,13.10762423644194,13.926850751219561,16.384530295552423,15.565303780774803,2.457679544332864,6.55381211822097,22.938342413773395,0.08731437167080354,0.0934591135515751
1,13.173336573709655,13.173336573709655,10.703335966139095,17.290004252993924,6.586668286854827,7.410001822711681,13.996670109566509,13.173336573709655,5.763334750997974,9.056668894425389,32.93334143427414,18.93667132470763,3.2933341434274137,12.350003037852803,15.643337181280216,11.526669501995949,9.880002430282241,2.4700006075705603,8.233335358568535,14.820003645423363,0.08634428484975323,0.09032217929339333
1,35.852081857032225,35.852081857032225,23.345541674346567,41.68846727561887,20.01046429229706,30.015696438445588,42.52223662113125,42.52223662113125,17.509156255759926,30.849465783957964,51.6936994217674,45.857314003180754,14.174078873710416,30.849465783957964,30.849465783957964,29.181927092933208,25.8468497108837,7.503924109611397,15.007848219222794,43.35600596664362,0.0817913976054188,0.08443925688220377
1,20.1693719827068,15.1270289870301,10.92507649063285,16.807809985589,5.0423429956767,14.28663848775065,25.2117149783835,26.052105477662952,7.56351449351505,21.00976248198625,31.9348389726191,23.5309339798246,10.92507649063285,11.7654669899123,24.37132447910405,25.2117149783835,10.0846859913534,1.6807809985589,7.56351449351505,21.00976248198625,0.08145010593100577,0.07815939478954421
1,60.243456246419846,48.52945086517154,49.366165535260706,44.34587751472572,31.79515746338825,38.488874824101565,61.91688558659817,65.26374426695483,25.101440102674935,55.223168225884855,87.85504035936228,51.039594875439036,19.244437412050782,30.958442793299085,53.549738885706525,56.05988289597402,51.039594875439036,15.060864061604962,30.958442793299085,64.42702959686567,0.08194903202624017,0.08133629788459533
1,72.72389636068256,65.20073466819815,13.374509675527825,35.943994752981034,10.866789111366359,25.913112496335163,62.693014104036685,71.05208265124158,18.389950803850763,21.733578222732717,82.75477861732843,29.25673991521712,10.866789111366359,22.569485077453205,87.77021974565136,65.20073466819815,35.10808789826054,15.882230239689294,8.359068547204892,41.79534273602446,0.08236460392338582,0.08172854135612509
1,28.23582184658956,29.896752543447768,27.405356498160454,29.896752543447768,23.253029756014932,24.083495104444037,46.506059512029864,33.218613937164186,19.93116836229851,32.388148588735085,53.1497822994627,48.16699020888807,23.253029756014932,39.03187137616792,29.066287195018663,27.405356498160454,22.422564407585828,8.304653484291046,14.11791092329478,26.57489114973135,0.08539610873726358,0.08413854283363179
1,18.51765296553186,21.884498959264924,19.359364463965125,24.409633454564723,17.675941467098593,19.359364463965125,21.884498959264924,29.45990244516432,10.100537981199196,22.72621045769819,44.61070941696312,24.409633454564723,11.783960978065728,14.309095473365527,19.359364463965125,30.301613943597587,25.25134495299799,7.575403485899397,11.783960978065728,33.66845993733065,0.07693640692846004,0.08135209463827357
1,83.89465446075046,72.87818468307616,25.422622563863776,58.47203189688668,38.13393384579566,57.62461114475789,55.08234888837151,100.8430695033263,38.98135459792446,28.812305572378946,145.7563693661523,22.032939555348605,16.94841504257585,49.15040362346996,106.77501476822786,87.28433746926562,53.38750738411393,11.016469777674303,27.964884820250152,105.92759401609906,0.07567103894702461,0.07690820892418287
1,55.096085906066605,51.75692918448681,30.052410494218147,44.24382656093228,11.68704852552928,45.07861574132722,70.12229115317568,50.087350823696916,22.53930787066361,48.41777246290702,83.47891803949486,52.59171836488176,28.382832133428252,25.043675411848458,57.600453447251454,67.61792361199083,42.57424820014238,11.68704852552928,31.721988855008046,48.41777246290702,0.08190075679872258,0.08331006280632892
1,22.21801865398189,32.91558319108428,12.343343696656605,41.14447898885535,13.166233276433712,20.572239494427674,35.3842519304156,34.56136235063849,14.812012435987926,29.624024871975852,46.08181646751799,27.978245712421636,12.343343696656605,23.863797813536102,26.332466552867423,28.801135292198744,20.572239494427674,5.760227058439749,13.989122856210818,24.68668739331321,0.08741181927212252,0.08969860095077041
1,32.305990465939516,27.33583808656421,24.022403166980666,33.134349195835405,17.395533327813588,21.537326977293013,40.589577764898365,37.27614284531483,15.738815868021817,32.305990465939516,47.21644760406545,48.87316506385722,14.910457138125931,38.10450157521071,19.88060951750124,30.649273006147748,24.850761896876552,7.455228569062966,16.567174597917703,29.820914276251862,0.08462713010444584,0.08701413999966918
1,24.14422293698973,28.30701999509141,19.14886646726772,22.47910411374906,9.990712939444027,26.641901171850737,48.28844587397946,29.97213881833208,12.488391174305034,28.30701999509141,47.455886462359125,44.12564881587779,16.65118823240671,19.981425878888054,30.804698229952418,44.95820822749812,21.646544702128725,9.158153527823691,30.804698229952418,33.30237646481342,0.07918148189584688,0.08825910648381763
1,65.8970751960716,40.5520462745056,21.12085743463833,32.10370330065027,16.051851650325133,36.32787478757793,48.1555549509754,60.8280694117584,11.827680163397467,27.8795318137226,87.86276692809547,25.345028921565998,18.586354542481732,21.12085743463833,61.67290370914393,53.2245607352886,34.63820619280686,15.2070173529396,15.2070173529396,58.2935665196018,0.07882324207218408,0.07634246054228254
1,62.78594927707925,61.11165729635713,18.417211787943245,46.88017546021917,15.068627826499018,46.88017546021917,51.06590541202445,64.46024125780136,22.602941739748527,20.928649759026413,89.57462096863306,34.32298560480332,19.2543577783043,25.951525701192754,113.01470869874264,56.92592734455185,40.18300753733072,15.068627826499018,15.905773816860075,48.55446744094128,0.07956914945304845,0.08328486018589501
1,25.720969318679106,32.35863882027371,23.23184325558113,23.23184325558113,13.275339003189217,17.423882441685848,43.14485176036495,26.550678006378433,13.275339003189217,21.572425880182475,47.29339519886158,34.847764883371696,9.956504252391913,22.402134567881802,24.89126063097978,37.33689094646967,23.23184325558113,10.786212940091238,25.720969318679106,38.166599634168996,0.08179934388882179,0.08849196841185217
1,41.350073706358465,40.50619465112666,16.033702049404305,32.91128315404041,14.345943938940692,33.755162209272214,49.78886425867652,44.72558992728569,24.472492601722358,32.91128315404041,91.13893796503498,27.004129767417773,10.97042771801347,23.628613546490552,59.915412921458184,43.03783181682208,46.413348037749294,10.126548662781666,12.658185828477082,36.286799374967636,0.07430149202739118,0.0818194527408034
1,54.19770955709505,33.873568473184406,36.41408610867324,38.95460374416207,14.396266601103374,29.63937241403636,54.19770955709505,55.04454876892466,22.017819507569865,56.738227192583885,83.83708197113141,37.26092532050285,21.170980295740254,28.792533202206748,59.27874482807272,77.90920748832414,43.18879980331012,13.549427389273763,23.711497931229086,61.81926246356154,0.07554332964404947,0.07761745852634028
1,22.408702048113966,31.538173252901135,14.939134698742643,32.36812518060906,9.129471204787171,16.599038554158493,27.38841361436151,22.408702048113966,18.258942409574342,27.38841361436151,43.98745216852001,31.538173252901135,12.44927891561887,15.769086626450568,24.068605903529814,39.83769252998038,20.748798192698114,4.149759638539623,18.258942409574342,30.70822132519321,0.08463533899906987,0.08541273329300551
1,29.961278318693154,17.12073046782466,26.53713222512822,28.24920527191069,4.280182616956165,17.976766991215893,37.66560702921425,23.11298613156329,6.848292187129864,25.68109570173699,36.80957050582302,40.233716599387954,14.55262089765096,11.128474804086029,36.80957050582302,32.52938788886686,33.38542441225809,3.424146093564932,11.984511327477263,28.24920527191069,0.06662620891866372,0.07733726769010324
1,29.80179288110552,14.475156542251252,16.17811613545728,24.69291410148743,4.257398983015074,15.326636338854266,39.16807064373868,25.544393898090444,7.663318169427133,25.544393898090444,38.316590847135664,41.72251003354773,13.623676745648238,14.475156542251252,35.762151457326624,28.950313084502504,28.950313084502504,2.5544393898090445,9.366277762633164,29.80179288110552,0.07034139486431545,0.07817880853266966
1,22.633063874575313,17.60349412466969,17.60349412466969,26.82437199949667,4.191308124921354,20.956540624606774,41.91308124921355,17.60349412466969,9.22087787482698,26.82437199949667,30.177418499433752,33.530464999370835,20.1182789996225,15.926970874701148,22.633063874575313,25.9861103745124,23.471325499559587,4.191308124921354,9.22087787482698,20.956540624606774,0.07706258903981945,0.0846757859759097
1,29.580806047303945,38.619385672869036,28.75911699043439,34.51094038852127,9.860268682434647,26.294049819825727,53.40978869652101,41.0844528434777,13.147024909912863,35.33262944539082,65.73512454956432,56.69654492399923,11.503646796173756,26.294049819825727,25.472360762956175,36.154318502260374,30.402495104173497,7.395201511825986,20.54222642173885,35.33262944539082,0.08563343941882254,0.0926775037116235
1,59.184438391209014,67.52027478433705,67.52027478433705,74.18894389883947,15.004505507630455,67.52027478433705,131.70621501142287,35.010512851137726,23.340341900758485,40.84559832632735,119.20246042173083,113.3673749465412,32.509761933199314,35.010512851137726,28.3418437366353,70.02102570227545,50.84860199808099,9.169420032440833,30.00901101526091,58.35085475189621,0.08285199458258306,0.08356436610461401
1,51.51496248080788,29.557765357840587,18.57916679635694,24.49071986792506,13.512121306441411,21.112689541314705,37.15833359271388,38.84734875601906,17.73465921470435,31.246780521145762,47.29242457254494,30.402272939493177,7.600568234873294,16.045644051399176,48.98143973585012,39.691856337671645,37.15833359271388,5.911553071568117,13.512121306441411,32.09128810279835,0.07561104812287568,0.07988137022453608
1,38.6094013980145,25.180044390009453,18.465365886006932,23.501374764008823,10.911352569004096,22.66203995100851,31.894722894011977,26.01937920300977,18.465365886006932,26.858714016010083,39.44873621101481,31.894722894011977,8.393348130003151,15.108026634005673,24.34070957700914,32.73405770701229,29.37671845501103,5.875343691002206,13.429357008005042,25.180044390009453,0.07736500793719515,0.08330017906248972
1,31.60200613072982,20.790793507059092,16.632634805647275,22.45405698762382,9.147949143106,15.80100306536491,29.938742650165093,25.780583948753275,14.969371325082546,27.443847429318,34.92853309185928,29.938742650165093,9.147949143106,16.632634805647275,20.790793507059092,23.285688727906184,24.94895220847091,6.65305392225891,12.474476104235455,21.622425247341457,0.0799848427449318,0.08838341697270444
1,38.42228294468744,34.153140395277724,30.737826355749952,31.591654865631895,7.684456588937488,44.39908251386104,28.176340826104123,45.25291102374298,40.129939964451324,24.761026786576352,46.106739533624925,34.153140395277724,21.345712747048577,20.491884237166634,34.153140395277724,64.03713824114574,43.545254003979096,4.2691425494097155,24.761026786576352,33.29931188539578,0.07172346429494968,0.07444802582310713
1,27.833406608017285,28.65203621413544,9.004925667299709,18.009851334599418,8.186296061181555,12.279444091772332,30.28929542637175,22.102999365190197,15.553962516244953,12.279444091772332,41.75010991202593,16.37259212236311,7.367666455063399,13.098073697890486,18.828480940717576,26.196147395780972,10.642184879536021,10.642184879536021,13.916703304008642,26.196147395780972,0.08789790568314576,0.09347248819869887
1,30.357744113978086,27.07582583138586,18.05055055425724,36.92158067916254,9.02527527712862,14.768632271665014,48.40829466823533,37.74206024981059,10.666234418424732,40.20349896175476,49.22877423888338,48.40829466823533,13.127673130368901,28.716784972681975,22.152948407497522,31.178223684626143,31.998703255274197,6.563836565184451,17.230070983609185,28.716784972681975,0.08636901284148076,0.09315141651046278
1,25.02056259984894,10.842243793267874,5.838131273298086,23.352525093192344,8.34018753328298,13.344300053252768,24.186543846520642,22.518506339864047,9.174206286611279,20.016450079879153,30.024675119818728,22.518506339864047,5.838131273298086,10.842243793267874,14.178318806581066,18.348412573222557,10.842243793267874,4.17009376664149,11.676262546596172,17.51439381989426,0.07714654002654661,0.0888347066451554
1,46.8470676703037,39.318074651862034,20.07731471584444,21.750424275498148,10.875212137749074,35.97185553255463,45.17395811065,33.46219119307407,20.913869495671296,24.260088614978702,73.61682062476295,29.27941729393981,10.875212137749074,20.913869495671296,25.933198174632405,41.82773899134259,29.27941729393981,4.182773899134259,16.731095596537035,47.68362245013055,0.07880472898716984,0.08464049118597834
1,41.704115937404964,49.21085680613786,32.52921043117587,41.704115937404964,19.183893331206285,44.20636289364926,75.90149100607704,38.36778666241257,15.847564056213887,44.20636289364926,96.75354897477952,56.71759767487075,26.69063419993918,26.69063419993918,56.71759767487075,49.21085680613786,35.03145738742017,9.174905506229091,29.192881156183475,52.547186081130256,0.08204709132854535,0.0838705899233553
1,26.00686686958923,27.684729248272408,24.329004490906055,32.71831638432194,13.422899029465409,22.651142112222878,31.879385194980348,26.845798058930818,15.100761408148585,26.00686686958923,61.24197682193593,49.496940171153696,14.261830218806997,15.100761408148585,26.00686686958923,33.557247573663524,34.39617876300511,7.550380704074293,23.490073301564465,34.39617876300511,0.08145750755847374,0.07961130309993814
1,17.08269607394472,11.957887251761306,13.666156859155778,10.249617644366833,6.833078429577889,12.812022055458542,9.395482840669597,11.957887251761306,5.978943625880653,8.54134803697236,32.45712254049497,19.64510048503643,4.27067401848618,7.687213233275125,16.228561270247486,31.602987736797736,11.957887251761306,3.4165392147889446,8.54134803697236,17.93683087764196,0.06504720527398974,0.08081799102877417
1,23.928195132011055,25.578415485942852,16.502203539317968,18.977534070215665,3.300440707863594,13.201762831454376,18.152423893249765,23.928195132011055,9.076211946624882,17.327313716283868,35.479737609533636,16.502203539317968,10.72643230055668,16.502203539317968,22.27797477807926,31.354186724704142,13.201762831454376,2.475330530897695,18.152423893249765,23.10308495504516,0.08828292123936371,0.08660690179473791
1,46.525571453355,40.60413508656436,33.836779238803636,41.45005456753445,19.45614806231209,28.76126235298309,50.75516885820545,46.525571453355,27.069423391042907,45.6796519723849,70.21131692051753,39.758215605594266,21.14798702425227,25.377584429102725,49.063329896265266,66.82763899663718,32.99085975783354,7.6132753287308175,21.14798702425227,56.67660522499609,0.07447879202711717,0.07960172700279206
1,58.11488728731377,57.27264254401937,64.01060049037459,58.11488728731377,48.850195111075344,39.58550293483692,70.74855843672981,76.64427163979063,26.951831785420882,57.27264254401937,92.64692176238428,55.58815305743057,24.425097555537672,40.42774767813132,75.80202689649623,67.3795794635522,64.01060049037459,13.475915892710441,44.63897139460333,65.6950899769634,0.07726401089227197,0.08049124581332544
1,34.97470219982758,29.145585166522984,14.989158085640392,34.97470219982758,5.8291170333045965,24.149199137976186,41.63655023788998,44.134743252163375,21.65100612370279,24.981930142733987,71.61486640917076,48.29839827595237,14.156427080882592,26.647392152249587,34.97470219982758,39.97108822837438,34.14197119506978,5.8291170333045965,19.98554411418719,39.97108822837438,0.08072391727075681,0.08654507797144366
1,23.086034704825806,18.963528507535486,7.420511155122581,15.665523549703225,3.298004957832258,14.841022310245162,25.5595384232,15.665523549703225,8.245012394580645,14.841022310245162,34.62905205723871,14.016521070787098,7.420511155122581,8.245012394580645,18.963528507535486,20.612530986451613,10.71851611295484,4.122506197290322,13.192019831329032,20.612530986451613,0.08645539694384216,0.08904336359809341
1,33.84113693346178,32.99510851012524,46.53156328350995,32.14908008678869,20.30468216007707,28.764966393442517,40.60936432015414,48.22362013018304,23.68879585342325,47.3775917068465,74.45050125361593,28.764966393442517,16.074540043394347,28.764966393442517,38.91730747348105,44.839506436836864,39.7633358968176,12.69042635004817,21.150710583413616,49.91567697685613,0.07698125219433241,0.07699032446912298
1,67.1869206788877,63.03957989624032,17.418831287119037,41.473407826473895,11.61255419141269,32.349258104649635,64.69851620929927,57.23330280053397,14.100958661001124,20.736703913236948,101.1951150965963,34.008194417708594,10.783086034883212,31.51978994812016,53.08596201788659,59.72170727012241,42.30287598300337,7.465213408765301,9.124149721824256,42.30287598300337,0.08417527744306764,0.08635656602745438
1,44.874137758916724,55.677170923100384,33.24010204364202,54.84616837200933,12.465038266365758,38.226117350188325,65.64920153619299,35.73310969691517,14.127043368547858,40.71912500346147,83.9312576601961,54.84616837200933,18.282056124003113,36.564112248006225,46.53614286109883,64.81819898510194,42.38113010564358,8.310025510910505,14.95804591963891,51.52215816764513,0.08626903498823385,0.08272841392071562
1,20.729672803996657,15.75455133103746,11.608616770238129,22.38804662831639,3.316747648639465,12.437803682397995,19.071298979676925,12.437803682397995,9.950242945918395,18.24211206751706,35.65503722287425,15.75455133103746,9.12105603375853,10.779429858078261,14.096177506717726,16.583738243197327,15.75455133103746,4.145934560799332,12.437803682397995,18.24211206751706,0.0810968873720588,0.08971620046807484
1,39.85619535717,15.776410662213125,8.30337403274375,21.588772485133752,6.642699226195,14.946073258938751,34.04383353424938,26.57079690478,6.642699226195,22.419109888408126,34.87417093752375,32.383158727700625,6.642699226195,11.62472364584125,20.758435081859375,25.740459501505626,15.776410662213125,4.151687016371875,11.62472364584125,32.383158727700625,0.0806313307764984,0.08903126594912653
1,59.09538838397438,65.75402369484473,12.484941207881912,31.628517726634175,9.155623552446736,29.131529485057793,52.43675307310403,66.58635310870353,9.98795296630553,20.808235346469854,67.41868252256232,21.640564760328648,10.820282380164324,19.97590593261106,84.897600213597,56.598400142398,27.466870657340205,17.478917691034678,8.323294138587942,33.29317655435177,0.08330538787104287,0.08436519827016305
1,40.70202190994134,25.438763693713337,44.093857069103116,38.158145540570004,18.65509337538978,23.742846114132448,37.31018675077956,44.94181585889356,27.134681273294227,45.789774648684,63.59690923428334,35.61426917119867,17.807134585599336,25.438763693713337,38.158145540570004,50.02956859763623,39.00610433036045,13.567340636647113,21.198969744761115,46.63773343847445,0.07333640480191003,0.07870480540764539
1,19.423726877941885,17.734707149425198,11.823138099616799,17.734707149425198,7.600588778325085,18.579217013683543,22.801766334975255,26.179805792008626,10.134118371100113,14.356667692391827,28.713335384783655,21.957256470716914,10.134118371100113,8.445098642583428,20.268236742200227,16.045687420908514,17.734707149425198,4.222549321291714,10.978628235358457,17.734707149425198,0.07397474058292311,0.08151539515873404
1,107.07082848559509,88.52312591328727,107.91390587524545,103.69851892699367,53.956952937622724,88.52312591328727,155.12623969566533,100.32620936839226,66.60311378237805,134.8923823440568,300.1355507155264,148.3816205784625,59.015417275524854,80.93542940643408,79.24927462713337,172.83086487832279,80.93542940643408,21.92001213090923,45.52617904111917,134.8923823440568,0.0757431597220811,0.08117945062756389
1,81.27042439717759,88.81097923815284,62.00011758135198,80.43258497040257,31.837898217451016,74.56770898297738,135.72998713755433,67.86499356877717,36.86493477810117,74.56770898297738,140.75702369820448,109.7569649075285,36.027095351326146,47.756847326176526,62.837957008127006,123.16239573592892,72.89203012942733,12.567591401625402,35.18925592455112,76.24338783652743,0.08066395743891515,0.0814966157860582
1,42.75413732071858,50.29898508319833,34.37097314018553,25.98780895965247,5.868214926373138,23.472859705492553,44.43077015682519,39.40087164850536,15.089695524959499,22.634543287439246,56.16720000957147,48.62235224709172,18.44296119717272,23.472859705492553,43.59245373877189,73.77184478869088,36.88592239434544,3.353265672213222,15.928011943012804,36.04760597629213,0.08213857302782489,0.07954500891886965
1,49.4426684248656,62.850849692625765,34.35846449863542,30.168407852460366,6.704090633880082,67.87891766803583,93.01925754508613,38.54852114481047,33.520453169400405,31.844430510930387,83.80113292350102,59.49880437568572,32.682441840165396,20.112271901640245,34.35846449863542,67.04090633880081,34.35846449863542,8.380113292350101,18.436249243170224,31.844430510930387,0.08112601490575894,0.08086265585923086
1,19.690971972153775,21.33188630316659,0.8204571655064073,19.690971972153775,6.563657324051259,6.563657324051259,16.409143310128147,26.254629296205035,7.384114489557666,9.02502882057048,35.279658116775515,9.02502882057048,2.461371496519222,10.665943151583296,14.768228979115332,18.05005764114096,9.02502882057048,4.922742993038444,5.743200158544851,23.79325779968581,0.08660901445045179,0.09293382004314094
1,26.742061811204728,13.371030905602364,10.863962610801922,17.549478063603104,5.849826021201034,8.356894316001478,25.070682948004432,18.38516749520325,7.52120488440133,19.2208569268034,25.90637237960458,28.413440674405024,6.685515452801182,11.699652042402068,11.699652042402068,35.93464555880635,11.699652042402068,4.178447158000739,12.535341474002216,20.056546358403548,0.07558240300362616,0.08872816539622612
1,24.228887085495817,21.722450490444526,15.874098435324846,20.051492760410333,6.683830920136778,21.722450490444526,32.58367573566679,15.874098435324846,15.038619570307748,24.228887085495817,39.267506655803565,31.748196870649693,13.367661840273556,11.696704110239361,20.051492760410333,25.899844815530013,16.709577300341945,5.012873190102583,8.354788650170972,25.064365950512915,0.08103540177662802,0.08348573320627474
1,67.29774258887109,87.4870653655324,41.21986733568354,61.40919011234486,10.094661388330662,74.86873863011908,88.32828714789329,83.28095645372797,28.60154060027021,48.79086337693153,84.96340001844975,63.93285545942753,23.55420990610488,23.55420990610488,92.53439605969774,81.59851288900619,47.10841981220976,12.618326735413328,33.648871294435544,65.61529902414931,0.07886904389148329,0.07990917374762829
1,41.43611128696795,34.80633348105308,14.088277837569104,24.86166677218077,9.944666708872308,18.2318889662659,43.09355573844667,30.662722352356283,21.546777869223334,21.546777869223334,53.03822244731898,24.03294454644141,12.430833386090384,19.889333417744616,37.29250015827115,37.29250015827115,19.889333417744616,6.629777805914872,14.088277837569104,25.69038899792013,0.08537754363689759,0.08590023062374336
1,33.81940848997598,51.57459794721337,11.836792971491594,28.746497216479582,8.454852122493994,22.828100730733787,43.119745824719374,60.874935281956766,21.982615518484387,22.828100730733787,65.10236134320377,37.20134933897358,11.836792971491594,19.44615988173619,71.86624304119896,71.86624304119896,23.673585942983188,3.381940848997598,13.527763395990393,33.81940848997598,0.07421384272476714,0.08030094502583343
1,18.27955177735637,21.60310664596662,9.970664605830747,9.970664605830747,4.154443585762811,10.80155332298331,20.772217928814054,15.786885625898682,10.80155332298331,14.95599690874612,33.23554868610249,18.27955177735637,7.47799845437306,8.308887171525623,20.772217928814054,18.27955177735637,10.80155332298331,3.3235548686102487,10.80155332298331,17.448663060203806,0.08363933851727876,0.08547194433015909
1,17.71748405668434,7.593207452864719,13.499035471759498,21.092242924624216,5.062138301909812,4.218448584924843,22.779622358594153,14.342725188744467,6.749517735879749,18.56117377366931,23.623312075579122,22.779622358594153,8.436897169849686,9.280586886834655,16.030104622714404,19.40486349065428,13.499035471759498,2.531069150954906,9.280586886834655,15.186414905729437,0.07631538625556109,0.07999489675947011
1,44.13339174297549,57.45667981632658,22.483048623779965,19.984932110026637,11.657877064182205,14.155993577935535,44.13339174297549,54.95856330257325,16.654110091688864,20.81763761461108,59.12209082549547,33.30822018337773,9.992466055013319,18.31952110085775,49.96233027506659,59.12209082549547,41.63527522922216,4.163527522922216,14.155993577935535,29.977398165039954,0.08353250528765611,0.08376199012790078
1,16.43201031081764,21.36161340406293,7.394404639867937,23.00481443514469,7.394404639867937,8.21600515540882,17.253610826358518,16.43201031081764,9.859206186490583,21.36161340406293,27.934417528389982,27.112817012849103,7.394404639867937,9.859206186490583,11.502407217572346,21.36161340406293,11.502407217572346,1.6432010310817637,10.680806702031465,16.43201031081764,0.09228513444161039,0.08611435001750775
1,83.2439764191807,52.66455651009391,22.93456493181509,60.30941148736561,37.37484655555052,48.41741485605408,90.88883139645239,95.98540138130019,23.783993262623056,38.22427488635848,127.41424962119494,35.675989893934585,14.440281623735427,34.82656156312662,74.74969311110104,107.87739801261172,57.761126494941706,16.139138285351358,20.38627993939119,80.6956914267568,0.07340777232225348,0.07716389686978027
1,27.705343896199025,32.74267915005339,14.272449885920711,22.668008642344656,12.593338134635921,20.149341015417473,41.13823790647734,37.780014403907764,12.593338134635921,22.668008642344656,46.17557316033171,26.026232144914236,12.593338134635921,12.593338134635921,44.49646140904692,46.17557316033171,16.791117512847894,2.518667626927184,10.074670507708737,31.903123274411,0.07820332351947047,0.08224080083813484
1,29.548144516030572,22.79428291236644,27.015446414656523,29.548144516030572,10.130792405496196,31.236609916946602,57.407823631145106,31.236609916946602,17.728886709618344,29.548144516030572,48.96549662656495,50.65396202748098,10.130792405496196,13.507723207328262,27.015446414656523,41.3674023224428,27.859679115114538,8.442327004580163,11.819257806412228,27.015446414656523,0.0758350104097117,0.07993228913227204
1,71.94670955791678,56.05150628349331,40.15630300906983,68.60035097382763,19.24156185851263,40.99289265509212,92.86145070847398,66.09058203576076,30.117227256802373,70.27353026587221,117.95914008914264,73.61988884996136,20.914741150557205,54.37832699144873,49.358789115315005,95.37121964654085,64.4174027437162,10.875665398289746,33.463585840891525,72.78329920393907,0.07999545195141287,0.08341490202629886
1,34.47023342555191,22.699909816826867,9.24811140685539,21.018435015580433,10.929586208101824,19.336960214334,31.107283823059042,26.903596819942955,8.407374006232173,14.292535810594694,39.51465782929122,26.062859419319736,7.566636605608956,12.61106100934826,22.699909816826867,31.948021223682257,17.655485413087565,4.2036870031160865,8.407374006232173,21.85917241620365,0.07809909449293038,0.0811635048838522
1,30.46666686170474,22.003703844564534,13.54074082742433,26.23518535313464,4.231481508570103,32.159259465132784,22.003703844564534,27.08148165484866,16.925926034280412,17.77222233599443,38.08333357713093,30.46666686170474,9.309259318854226,15.23333343085237,31.31296316341876,32.159259465132784,16.079629732566392,5.077777810284124,16.925926034280412,17.77222233599443,0.07567853497666438,0.07802516330931496
1,19.211253836392114,16.70543811860184,7.517447153370828,18.37598193046202,6.682175247440735,12.529078588951378,24.222885271972668,17.54071002453193,9.18799096523101,20.046525742322206,30.06978861348331,26.72870098976294,10.023262871161103,9.18799096523101,20.046525742322206,22.552341460112483,10.858534777091196,2.505815717790276,10.023262871161103,12.529078588951378,0.08502783408376371,0.07970025998614422
1,49.03091848044907,40.57731184588888,23.670098576768513,33.81442653824073,19.443295259488423,32.1237052113287,48.18555781699305,55.79380378809721,25.36081990368055,33.81442653824073,76.92782037449767,33.81442653824073,15.21649194220833,27.896901894048604,52.412361134273134,67.62885307648146,34.65978720169675,6.762885307648147,18.597934596032403,46.494836490081006,0.07538489318515512,0.07925444335882663
1,50.971134764455364,43.32546454978706,27.184605207709527,32.28171868415507,12.742783691113841,73.05862649571935,55.21872932815998,37.3788321606006,17.83989716755938,28.883643033191372,86.65092909957411,28.883643033191372,22.937010644004914,27.184605207709527,79.00525888490581,64.56343736831013,28.883643033191372,3.398075650963691,22.937010644004914,43.32546454978706,0.07428171917480073,0.07619936808427649
1,52.486728983480226,53.333289128375064,51.64016883858538,60.10577028753381,9.312161593843266,77.88353333032549,150.68770579128193,31.322725361109168,19.470883332581373,63.49201086711317,87.19569492416876,106.66657825675013,22.0105637672659,25.39680434684527,33.86240579579369,72.80417246095644,59.25921014263896,6.772481159158739,11.00528188363295,50.79360869369054,0.07530139024642438,0.07813846485873331
1,81.89135186030816,40.07449133589548,41.816860524412675,31.36264539330951,18.294876479430545,74.92187510623938,39.20330674163689,47.91515268422286,44.43041430718847,47.91515268422286,72.30832132346359,40.94567593015408,23.52198404498213,24.393168639240727,80.14898267179096,120.22347400768645,96.70148996270431,7.8406613483273775,36.58975295886109,73.17950591772218,0.06431458504565425,0.06450082069574824
1,32.86518194424657,28.75703420121575,7.394665937455478,13.967702326304792,9.85955458327397,16.432590972123286,27.11377510400342,32.043552395640404,9.85955458327397,11.5028136804863,50.94103201358218,16.432590972123286,7.394665937455478,16.432590972123286,32.86518194424657,27.935404652609584,13.967702326304792,8.216295486061643,13.967702326304792,23.0056273609726,0.08592326550859601,0.09244718588523969
1,48.41174840270559,41.73426586440137,12.520279759320413,22.53650356677674,9.181538490168302,20.03244761491266,29.213986105080963,35.89146864338518,17.528391663048577,16.69370634576055,65.94014006575418,23.371188884064768,8.346853172880275,20.867132932200686,46.742377768129536,39.23020991253729,27.544615470504908,5.008111903728165,16.69370634576055,31.718042056945045,0.08177809264778135,0.08353659006419116
1,10.747500442768704,40.509809361205114,11.574231246058604,28.10884731185661,12.400962049348504,14.054423655928305,28.93557811514651,16.534616065798005,31.41577052501621,19.841539278957608,28.10884731185661,26.45538570527681,9.094038836188902,14.881154459218205,11.574231246058604,33.895962934885915,14.054423655928305,4.960384819739402,18.188077672377805,22.32173168882731,0.08618700762338609,0.08708218908671372
1,33.495743312279146,23.447020318595403,10.048722993683743,24.28441390140238,13.398297324911658,25.12180748420936,29.30877539824425,24.28441390140238,12.56090374210468,18.42265882175353,36.00792406070008,20.934839570174464,6.699148662455829,16.747871656139573,22.60962673578842,30.14616898105123,7.536542245262807,3.3495743312279145,7.536542245262807,23.447020318595403,0.08135180668159477,0.08125461051142673
1,21.89920383337131,18.530095551314183,13.476433128228498,21.056926762857028,9.265047775657091,14.318710198742778,17.687818480799905,29.479697467999838,10.107324846171373,11.791878987199935,41.27157645519977,20.214649692342746,5.053662423085687,17.687818480799905,30.32197453851412,24.42603504491415,15.16098726925706,5.053662423085687,13.476433128228498,19.372372621828465,0.07600815635175025,0.08171477313396855
1,13.410287984775822,11.734001986678845,9.219572989533377,13.410287984775822,8.38142999048489,13.410287984775822,14.248430983824312,15.92471698192129,12.572144985727334,15.086573982872801,25.14428997145467,18.439145979066755,10.895858987630357,10.895858987630357,15.92471698192129,17.60100298001827,9.219572989533377,2.5144289971454667,10.057715988581867,14.248430983824312,0.07720161299808397,0.08465538795342716
1,18.323808305319982,26.652812080465427,12.493505662718169,17.490907927805438,6.663203020116357,12.493505662718169,25.819911702950883,24.154110947921794,13.326406040232714,14.992206795261803,31.650214345552694,26.652812080465427,8.329003775145447,14.992206795261803,19.156708682834527,21.65540981537816,19.98960906034907,1.6658007550290892,17.490907927805438,17.490907927805438,0.08217844245619092,0.0849211800292644
1,23.57850017767753,17.683875133258148,17.683875133258148,21.894321593557706,8.420892920599117,23.57850017767753,28.631035930036997,19.36805371737797,15.15760725707841,21.052232301497792,43.78864318711541,43.78864318711541,8.420892920599117,23.57850017767753,23.57850017767753,31.157303806216735,24.42058946973744,3.368357168239647,15.15760725707841,23.57850017767753,0.07807963243017503,0.07983107550991321
1,24.56007957091495,13.550388728780662,18.631784502073412,27.100777457561325,6.775194364390331,16.93798591097583,27.947676753110116,20.325583093170994,8.468992955487915,22.019381684268577,38.11046829969561,28.794576048658907,11.85659013768308,16.091086615427038,19.478683797622203,27.100777457561325,24.56007957091495,2.5406978866463743,10.162791546585497,24.56007957091495,0.07538549280406091,0.07771521164714772
1,30.09669782825501,39.29291105355515,27.588639675900424,35.94883351708237,9.196213225300141,27.588639675900424,49.32514366297349,38.456891669436956,20.90048460295487,35.112814132964175,51.83320181532807,47.6531048947371,16.720387682363892,26.75262029178223,35.94883351708237,71.06164765004655,35.112814132964175,13.376310145891114,20.064465218836673,36.784852901200566,0.08409182034712613,0.07988879553467919
1,17.512447587284843,15.844595436114858,2.5017782267549773,15.844595436114858,6.67140860467994,7.505334680264933,15.844595436114858,25.017782267549777,8.339260755849924,12.508891133774888,32.52311694781471,8.339260755849924,3.33570430233997,10.00711290701991,29.187412645474737,12.508891133774888,10.00711290701991,5.837482529094948,5.003556453509955,15.010669360529866,0.07982476961902761,0.08624915479597983
1,25.09107544460819,10.036430177843275,13.381906903791034,24.25470626312125,4.181845907434698,16.727383629738792,30.109290533529826,19.236491174199614,5.854584270408577,25.09107544460819,28.43655217055595,32.61839807799065,7.5273226333824566,15.054645266764913,16.727383629738792,26.763813807582068,18.400121992712673,4.181845907434698,6.690953451895517,17.563752811225733,0.07850028903343712,0.08513052947962328
1,50.44419050761285,19.66468443517111,11.969807917060676,17.954711875591013,11.114821637270628,27.359560953281544,17.954711875591013,21.374656994751206,35.05443747139198,21.374656994751206,42.74931398950241,19.66468443517111,11.114821637270628,16.244739316010918,35.05443747139198,32.489478632021836,16.244739316010918,2.564958839370145,11.969807917060676,28.214547233071595,0.07020659079672202,0.07480712941322973
1,39.68493285351522,40.52929312699427,27.01952875132951,37.996212306557126,10.976683555227615,34.61877121264094,50.66161640874283,38.840572580036174,19.420286290018087,38.840572580036174,72.61498351919806,34.61877121264094,16.042845196101897,22.797727383934276,36.30749175959903,66.70446160484472,31.241330118724747,5.91052191435333,16.887205469580945,47.28417531482664,0.07676171372705827,0.07887801279389449
1,27.32277390657833,27.32277390657833,9.107591302192777,19.043145450039443,5.795739919577222,9.935554147846664,30.634625289193885,32.29055098050166,10.763516993500554,16.559256913077775,43.8820308196561,21.527033987001108,6.62370276523111,19.87110829569333,38.086290900078886,25.66684821527055,22.354996832654997,3.311851382615555,9.107591302192777,19.87110829569333,0.08652300360528212,0.08551415074082902
1,19.17142551759212,20.004965757487426,7.501862159057786,15.83726455801088,5.8347816792671665,14.170184078220261,40.00993151497485,23.339126717068666,5.8347816792671665,23.339126717068666,32.50806935591707,21.672046237278046,10.002482878743713,13.336643838324951,20.004965757487426,26.673287676649903,15.83726455801088,2.5006207196859283,7.501862159057786,20.004965757487426,0.08094726323195275,0.08551249687273782
1,32.64898121954001,25.95175430271129,5.86007355222513,19.25452738588257,7.53438028143231,17.58022065667539,30.97467449033283,25.95175430271129,11.72014710445026,20.091680750486162,51.06635524081899,13.39445383365744,6.69722691682872,15.06876056286462,26.78890766731488,32.64898121954001,23.44029420890052,6.69722691682872,8.3715336460359,27.62606103191847,0.07905031620112099,0.083796319195289
1,31.269370236313204,26.198661549343495,14.367007946414175,21.12795286237379,2.5353543434848547,15.212126060909126,27.888897778333398,25.353543434848543,11.83165360292932,29.5791340073233,38.03031515227282,34.649842694293014,10.986535488434368,24.50842532035359,39.72055138126272,57.4680317856567,24.50842532035359,1.690236228989903,13.521889831919223,30.424252121818252,0.07521038331552587,0.07967150218952265
1,29.922112427980736,29.0909426383146,24.935093689983944,28.25977284864847,9.142867686327447,23.272754110651682,54.026036328298545,34.90913116597752,21.610414531319417,40.727319693640446,64.00007380429213,45.71433843163723,18.285735372654894,23.272754110651682,19.948074951987156,34.90913116597752,37.402640534975916,5.818188527662921,23.272754110651682,37.402640534975916,0.07983655974927478,0.08899365058459369
1,93.91773208750392,72.76508972545349,54.99687014133113,49.920235974439024,32.99812208479867,53.30465875236709,86.30278083716577,138.76133389505085,33.84422777928069,55.84297583581314,138.76133389505085,57.535187224777175,34.69033347376271,43.9974961130649,106.60931750473418,118.45479722748243,62.61182139166928,27.92148791790657,31.30591069583464,76.14951250338156,0.07760880149226067,0.07628550402572191
1,30.658570792595754,22.372470578380685,11.600540299901096,19.886640514116163,8.286100214215068,14.086370364165615,32.31579083543877,26.51552068548822,17.400810449851644,25.686910664066712,35.63023092112479,26.51552068548822,6.628880171372055,14.914980385587123,16.572200428430136,22.372470578380685,23.201080599802193,6.628880171372055,12.429150321322602,22.372470578380685,0.08178792631661308,0.08960205226188012
1,15.720044583403695,23.993752258879322,12.410561513213443,29.785347631712263,6.618966140380503,11.583190745665881,34.74957223699764,23.166381491331762,9.101078443023193,19.85689842114151,33.09483070190252,32.26745993435495,13.237932280761006,21.511639956236635,18.202156886046385,19.85689842114151,27.303235329069576,5.791595372832941,16.54741535095126,21.511639956236635,0.08356651930431301,0.08906271314812408
1,37.894821167819046,37.894821167819046,16.000035604190263,25.263214111879364,8.421071370626454,26.10532124894201,22.736892700691428,42.94746399019492,16.842142741252907,20.21057128950349,57.26328532025989,22.736892700691428,10.105285644751746,14.315821330064972,56.42117818319724,43.78957112725756,25.263214111879364,3.3684285482505816,19.368464152440843,22.736892700691428,0.0756507151656258,0.08224214777172886
1,11.891977716355795,9.343696777136696,9.343696777136696,15.289685635314594,2.548280939219099,7.644842817657297,16.139112615054295,13.590831675835195,10.193123756876396,9.343696777136696,21.235674493492493,16.139112615054295,4.247134898698499,8.494269797396997,19.536820534013092,17.83796657453369,11.891977716355795,3.397707918958799,6.795415837917598,14.440258655574894,0.07230012264992954,0.07827289761037085
1,48.00328181968848,32.002187879792324,31.160025040850417,37.05516491344374,16.001093939896162,29.475699362966612,43.79246762497896,40.42381626921135,22.738396651431387,42.95030478603706,66.53086427641036,51.37193317545609,16.001093939896162,32.002187879792324,47.16111898074658,48.845444658630385,41.26597910815325,8.421628389419032,19.369745295663773,37.89732775238564,0.07654265021158577,0.08129451084651115
1,19.941331242186873,28.250219259764734,14.955998431640154,24.92666405273359,5.8162216123045045,16.617776035155728,20.772220043944657,27.41933045800695,13.294220828124582,15.78688723339794,32.40466326855367,29.911996863280308,11.632443224609009,14.955998431640154,18.2795536386713,21.603108845702444,19.110442440429086,2.492666405273359,17.448664836913512,15.78688723339794,0.08302911422674548,0.08608208401546821
