GENE PRODUCT ID,GO TERM
O00141,GO:0004674
O00141,GO:0004712
O00141,GO:0005246
O00141,GO:0005515
O00141,GO:0015459
O00141,GO:0017080
O00141,GO:0017081
O00311,GO:0004672
O00311,GO:0004674
O00311,GO:0005515
O00311,GO:0016301
O00329,GO:0005515
O00329,GO:0016301
O00329,GO:0016303
O00329,GO:0035005
O00418,GO:0004672
O00418,GO:0004686
O00418,GO:0005516
O00418,GO:0008135
O00444,GO:0004674
O00444,GO:0005515
O00444,GO:0042802
O14757,GO:0004672
O14757,GO:0004674
O14757,GO:0005515
O14757,GO:0019904
O14757,GO:0035402
O14920,GO:0004672
O14920,GO:0004674
O14920,GO:0005515
O14920,GO:0008384
O14920,GO:0019901
O14920,GO:0042802
O14920,GO:0042803
O14920,GO:0046982
O14920,GO:0097110
O14920,GO:1990459
O14965,GO:0004672
O14965,GO:0004674
O14965,GO:0004712
O14965,GO:0005515
O14965,GO:0019901
O14965,GO:0046982
O14965,GO:0140677
O15075,GO:0004672
O15075,GO:0005515
O15111,GO:0004672
O15111,GO:0004674
O15111,GO:0005515
O15111,GO:0008384
O15111,GO:0042803
O15111,GO:0046982
O15111,GO:0097110
O15111,GO:1990459
O15264,GO:0004674
O15264,GO:0004707
O15264,GO:0005515
O15530,GO:0004674
O15530,GO:0004676
O15530,GO:0005515
O15530,GO:0016004
O15530,GO:0043274
O43293,GO:0004674
O43293,GO:0005515
O43293,GO:0005524
O43293,GO:0008140
O43293,GO:0031267
O43293,GO:0042802
O43293,GO:0042803
O43293,GO:0043522
O43741,GO:0004679
O43741,GO:0005515
O43741,GO:0019901
O43781,GO:0000287
O43781,GO:0004672
O43781,GO:0004674
O43781,GO:0005524
O60285,GO:0002039
O60285,GO:0004674
O60285,GO:0005515
O60674,GO:0004672
O60674,GO:0004713
O60674,GO:0004715
O60674,GO:0005102
O60674,GO:0005131
O60674,GO:0005143
O60674,GO:0005515
O60674,GO:0019901
O60674,GO:0020037
O60674,GO:0035401
O60674,GO:0042169
O60674,GO:0042393
O60674,GO:0042802
O75116,GO:0002020
O75116,GO:0003723
O75116,GO:0004674
O75116,GO:0005198
O75116,GO:0005515
O75116,GO:0048156
O75116,GO:0050321
O75116,GO:0061133
O75116,GO:0072518
O75582,GO:0004674
O75582,GO:0004713
O75582,GO:0005515
O75582,GO:0005524
O75582,GO:0035175
O75582,GO:0044022
O75582,GO:0044024
O75676,GO:0004674
O75676,GO:0004711
O75676,GO:0005515
O75676,GO:0005524
O75676,GO:0035175
O75676,GO:0044022
O94806,GO:0004674
O94806,GO:0004697
O94806,GO:0005515
O94806,GO:0016301
O95819,GO:0004111
O95819,GO:0004674
O95819,GO:0005515
O95819,GO:0005524
O95819,GO:0008017
O95819,GO:0008349
O96013,GO:0004672
O96013,GO:0004674
O96013,GO:0005515
O96013,GO:0098641
O96017,GO:0004674
O96017,GO:0005515
O96017,GO:0019901
O96017,GO:0031625
O96017,GO:0042802
O96017,GO:0042803
P00519,GO:0097100
P00519,GO:0000287
P00519,GO:0000400
P00519,GO:0000405
P00519,GO:0001784
P00519,GO:0003677
P00519,GO:0003713
P00519,GO:0003785
P00519,GO:0004515
P00519,GO:0004672
P00519,GO:0004713
P00519,GO:0004715
P00519,GO:0005080
P00519,GO:0005515
P00519,GO:0005524
P00519,GO:0016301
P00519,GO:0017124
P00519,GO:0019905
P00519,GO:0030145
P00519,GO:0038191
P00519,GO:0042169
P00519,GO:0046875
P00519,GO:0051019
P00519,GO:0070064
P00519,GO:1990837
P00533,GO:0005006
P00533,GO:0003682
P00533,GO:0003690
P00533,GO:0004709
P00533,GO:0004713
P00533,GO:0004714
P00533,GO:0004888
P00533,GO:0005515
P00533,GO:0019899
P00533,GO:0019900
P00533,GO:0019903
P00533,GO:0030296
P00533,GO:0031625
P00533,GO:0042802
P00533,GO:0045296
P00533,GO:0048408
P00533,GO:0051015
P00533,GO:0051117
P04049,GO:0031267
P04049,GO:0004672
P04049,GO:0004674
P04049,GO:0004709
P04049,GO:0005515
P04049,GO:0019899
P04049,GO:0042802
P04626,GO:0019838
P04626,GO:0001042
P04626,GO:0004713
P04626,GO:0004714
P04626,GO:0004888
P04626,GO:0005102
P04626,GO:0005515
P04626,GO:0015026
P04626,GO:0030971
P04626,GO:0042802
P04626,GO:0043125
P04626,GO:0046982
P04629,GO:0004713
P04629,GO:0004714
P04629,GO:0005030
P04629,GO:0005515
P04629,GO:0010465
P04629,GO:0042802
P04629,GO:0042803
P04629,GO:0043121
P04629,GO:0048406
P05129,GO:0004672
P05129,GO:0004674
P05129,GO:0004697
P05129,GO:0004712
P05129,GO:0005515
P05771,GO:0003682
P05771,GO:0004674
P05771,GO:0004697
P05771,GO:0005080
P05771,GO:0005515
P05771,GO:0030374
P05771,GO:0035403
P05771,GO:0042393
P05771,GO:0050681
P06213,GO:0001540
P06213,GO:0004713
P06213,GO:0005009
P06213,GO:0005159
P06213,GO:0005515
P06213,GO:0005524
P06213,GO:0005525
P06213,GO:0019904
P06213,GO:0031994
P06213,GO:0031995
P06213,GO:0038024
P06213,GO:0043548
P06213,GO:0043559
P06213,GO:0043560
P06213,GO:0044877
P06213,GO:0051425
P06213-PRO_0000016687,GO:0005198
P06239,GO:0001784
P06239,GO:0004713
P06239,GO:0004715
P06239,GO:0004722
P06239,GO:0005102
P06239,GO:0005515
P06239,GO:0016004
P06239,GO:0019901
P06239,GO:0019903
P06239,GO:0042169
P06239,GO:0042608
P06239,GO:0042609
P06239,GO:0042610
P06239,GO:0042802
P06239,GO:0043274
P06239,GO:0043548
P06239,GO:0051117
P06241,GO:0004713
P06241,GO:0004715
P06241,GO:0005102
P06241,GO:0005515
P06241,GO:0016004
P06241,GO:0019899
P06241,GO:0031802
P06241,GO:0042802
P06241,GO:0043014
P06241,GO:0043274
P06241,GO:0046875
P06241,GO:0048156
P06241,GO:0050321
P06241,GO:0070851
P06241,GO:0097110
P06241,GO:0097718
P06493,GO:0004672
P06493,GO:0004674
P06493,GO:0004693
P06493,GO:0005515
P06493,GO:0008353
P06493,GO:0016301
P06493,GO:0030332
P06493,GO:0035173
P06493,GO:0097472
P07332,GO:0004713
P07332,GO:0004715
P07332,GO:0005515
P07332,GO:0034987
P07332,GO:0035091
P07333,GO:0004713
P07333,GO:0005011
P07333,GO:0005515
P07333,GO:0019838
P07333,GO:0019955
P07333,GO:0042803
P07947,GO:0001784
P07947,GO:0004713
P07947,GO:0004715
P07947,GO:0005102
P07947,GO:0005515
P07947,GO:0019899
P07947,GO:0044325
P07948,GO:0004713
P07948,GO:0004715
P07948,GO:0005102
P07948,GO:0005515
P07948,GO:0016301
P07948,GO:0044325
P07948,GO:0046875
P07948,GO:0097110
P07948,GO:0140031
P07949,GO:0004713
P07949,GO:0004714
P07949,GO:0005509
P07949,GO:0005515
P07949,GO:0038023
P08069,GO:0004713
P08069,GO:0005009
P08069,GO:0005010
P08069,GO:0005158
P08069,GO:0005515
P08069,GO:0005520
P08069,GO:0031994
P08069,GO:0042802
P08069,GO:0043548
P08069,GO:0043559
P08069,GO:0043560
P08069,GO:0140318
P08581,GO:0004713
P08581,GO:0005008
P08581,GO:0005515
P08581,GO:0019903
P08581,GO:0042802
P08581,GO:0140677
P08631,GO:0001784
P08631,GO:0004713
P08631,GO:0004715
P08631,GO:0005102
P08631,GO:0005515
P08631,GO:0008289
P08922,GO:0004713
P08922,GO:0004714
P08922,GO:0005515
P08922,GO:0019903
P09619,GO:0004672
P09619,GO:0004713
P09619,GO:0004992
P09619,GO:0005017
P09619,GO:0005019
P09619,GO:0005102
P09619,GO:0005161
P09619,GO:0005515
P09619,GO:0019899
P09619,GO:0019901
P09619,GO:0038085
P09619,GO:0048407
P09769,GO:0001784
P09769,GO:0004713
P09769,GO:0004715
P09769,GO:0005102
P09769,GO:0005515
P09769,GO:0019901
P09769,GO:0034987
P09769,GO:0034988
P10721,GO:0004713
P10721,GO:0004714
P10721,GO:0005515
P10721,GO:0019838
P10721,GO:0019955
P10721,GO:0042803
P11309,GO:0004674
P11309,GO:0005515
P11309,GO:0005524
P11309,GO:0008134
P11309,GO:0030145
P11309,GO:0043024
P11362,GO:0004713
P11362,GO:0005007
P11362,GO:0005515
P11362,GO:0008201
P11362,GO:0017134
P11362,GO:0042802
P11362,GO:0042803
P11362,GO:0090722
P11802,GO:0004693
P11802,GO:0005515
P11802,GO:0016538
P11802,GO:0030332
P12931,GO:0004672
P12931,GO:0004713
P12931,GO:0004715
P12931,GO:0005102
P12931,GO:0005178
P12931,GO:0005515
P12931,GO:0016004
P12931,GO:0019899
P12931,GO:0020037
P12931,GO:0042169
P12931,GO:0043274
P12931,GO:0044325
P12931,GO:0045296
P12931,GO:0046875
P12931,GO:0051117
P12931,GO:0051219
P12931,GO:0070700
P12931,GO:0097110
P15056,GO:0031267
P15056,GO:0004672
P15056,GO:0004674
P15056,GO:0004708
P15056,GO:0004709
P15056,GO:0005509
P15056,GO:0005515
P15056,GO:0042802
P15056,GO:0097110
P15735,GO:0004674
P15735,GO:0004689
P15735,GO:0005515
P15735,GO:0050321
P16234,GO:0004672
P16234,GO:0004714
P16234,GO:0005018
P16234,GO:0005021
P16234,GO:0005161
P16234,GO:0005515
P16234,GO:0038085
P16234,GO:0042803
P16234,GO:0048407
P16591,GO:0004713
P16591,GO:0004715
P16591,GO:0005154
P16591,GO:0005515
P16591,GO:0008289
P17252,GO:0004672
P17252,GO:0004674
P17252,GO:0004697
P17252,GO:0004698
P17252,GO:0005178
P17252,GO:0005515
P17252,GO:0019899
P17252,GO:0035403
P17612,GO:0004672
P17612,GO:0004674
P17612,GO:0004691
P17612,GO:0004712
P17612,GO:0005515
P17612,GO:0019901
P17612,GO:0031625
P17612,GO:0034237
P17612,GO:0099103
P17612,GO:0106310
P17948,GO:0004714
P17948,GO:0005021
P17948,GO:0005515
P17948,GO:0019838
P17948,GO:0036332
P19784,GO:0004674
P19784,GO:0005515
P21802,GO:0004713
P21802,GO:0005007
P21802,GO:0005515
P21802,GO:0017134
P21802,GO:0042803
P22455,GO:0005007
P22455,GO:0005515
P22455,GO:0008201
P22455,GO:0017134
P22607,GO:0004713
P22607,GO:0005007
P22607,GO:0005515
P22607,GO:0017134
P22607,GO:0042802
P22612,GO:0004674
P22612,GO:0004691
P22612,GO:0005515
P22612,GO:0034237
P22694,GO:0000287
P22694,GO:0004674
P22694,GO:0004691
P22694,GO:0005515
P22694,GO:0005524
P22694,GO:0031625
P23443,GO:0004672
P23443,GO:0004674
P23443,GO:0004712
P23443,GO:0005515
P23458,GO:0004713
P23458,GO:0004715
P23458,GO:0005131
P23458,GO:0005515
P23458,GO:0019903
P23458,GO:0031625
P24723,GO:0004672
P24723,GO:0004674
P24723,GO:0004697
P24723,GO:0005515
P24723,GO:0019899
P24941,GO:0035173
P24941,GO:0004674
P24941,GO:0004693
P24941,GO:0005515
P24941,GO:0019904
P24941,GO:0030332
P24941,GO:0097472
P27361,GO:0004674
P27361,GO:0004707
P27361,GO:0005515
P27361,GO:0019902
P27361,GO:0042802
P27361,GO:0140297
P27448,GO:0004674
P27448,GO:0005515
P27448,GO:0048156
P27448,GO:0050321
P28482,GO:0004674
P28482,GO:0004707
P28482,GO:0005515
P28482,GO:0008353
P28482,GO:0019902
P28482,GO:0042802
P29317,GO:0004714
P29317,GO:0005515
P29317,GO:0019838
P29317,GO:0045296
P29317,GO:0140677
P29323,GO:0001540
P29323,GO:0004713
P29323,GO:0005005
P29323,GO:0005515
P29323,GO:0044877
P29376,GO:0004672
P29376,GO:0004713
P29376,GO:0004714
P29376,GO:0005515
P29376,GO:0030298
P29597,GO:0004713
P29597,GO:0004715
P29597,GO:0005131
P29597,GO:0005515
P30291,GO:0004713
P30291,GO:0005515
P30530,GO:0001618
P30530,GO:0001786
P30530,GO:0004713
P30530,GO:0004714
P30530,GO:0005515
P31749,GO:0004672
P31749,GO:0004674
P31749,GO:0004712
P31749,GO:0005515
P31749,GO:0005516
P31749,GO:0005524
P31749,GO:0005547
P31749,GO:0016301
P31749,GO:0019899
P31749,GO:0030235
P31749,GO:0030291
P31749,GO:0042802
P31749,GO:0042803
P31749,GO:0043325
P31749,GO:0071889
P31749,GO:0099104
P31751,GO:0004674
P31751,GO:0005515
P31751,GO:0005524
P31751,GO:0140677
P34947,GO:0004672
P34947,GO:0004674
P34947,GO:0005080
P34947,GO:0005515
P34947,GO:0005543
P34947,GO:0047696
P35916,GO:0004714
P35916,GO:0005021
P35916,GO:0005515
P35916,GO:0019838
P35916,GO:0019903
P35916,GO:0042803
P35968,GO:0004713
P35968,GO:0004714
P35968,GO:0005021
P35968,GO:0005178
P35968,GO:0005515
P35968,GO:0019838
P35968,GO:0038085
P35968,GO:0042802
P35968,GO:0045296
P35968,GO:0051879
P36507,GO:0004674
P36507,GO:0004708
P36507,GO:0004712
P36507,GO:0005078
P36507,GO:0005515
P36507,GO:0030165
P36507,GO:0043539
P36507,GO:0097110
P36888,GO:0004713
P36888,GO:0004714
P36888,GO:0004896
P36888,GO:0005021
P36888,GO:0005515
P36888,GO:0019838
P36888,GO:0141038
P41240,GO:0004713
P41240,GO:0004715
P41240,GO:0005515
P41240,GO:0034236
P41240,GO:0042802
P41279,GO:0004674
P41279,GO:0004709
P41279,GO:0005515
P41743,GO:0004672
P41743,GO:0004674
P41743,GO:0004697
P41743,GO:0005515
P41743,GO:0005524
P41743,GO:0005543
P42336,GO:0005515
P42336,GO:0016301
P42336,GO:0016303
P42336,GO:0035005
P42336,GO:0046934
P42338,GO:0005515
P42338,GO:0016301
P42338,GO:0016303
P42338,GO:0035005
P42338,GO:0046934
P42338,GO:0106310
P42345,GO:0001002
P42345,GO:0001003
P42345,GO:0001006
P42345,GO:0001156
P42345,GO:0004672
P42345,GO:0004674
P42345,GO:0005515
P42345,GO:0016301
P42345,GO:0042802
P42345,GO:0051219
P42679,GO:0004713
P42679,GO:0004715
P42679,GO:0005515
P42684,GO:0000287
P42684,GO:0001784
P42684,GO:0003785
P42684,GO:0004672
P42684,GO:0004713
P42684,GO:0004715
P42684,GO:0005515
P42684,GO:0030145
P42684,GO:0051015
P42685,GO:0004713
P42685,GO:0004715
P42685,GO:0005102
P42685,GO:0005515
P43403,GO:0001784
P43403,GO:0004713
P43403,GO:0004715
P43403,GO:0005102
P43403,GO:0005515
P43403,GO:0005524
P43405,GO:0001784
P43405,GO:0004672
P43405,GO:0004674
P43405,GO:0004713
P43405,GO:0004715
P43405,GO:0005102
P43405,GO:0005178
P43405,GO:0005515
P43405,GO:0016170
P43405,GO:0016301
P43405,GO:0043274
P43405,GO:0097110
P45983,GO:0004674
P45983,GO:0004705
P45983,GO:0005515
P45983,GO:0019899
P45983,GO:0019903
P45983,GO:0035033
P45983,GO:0042826
P45983,GO:0120283
P45984,GO:0004674
P45984,GO:0004705
P45984,GO:0005515
P48729,GO:0004672
P48729,GO:0004674
P48729,GO:0005515
P48730,GO:0004672
P48730,GO:0004674
P48730,GO:0005515
P48730,GO:0045296
P48730,GO:0050321
P48730,GO:0106310
P48736,GO:0004672
P48736,GO:0005515
P48736,GO:0016301
P48736,GO:0016303
P48736,GO:0035005
P48736,GO:0042802
P48736,GO:0046875
P48736,GO:0046934
P48736,GO:0106310
P49137,GO:0004672
P49137,GO:0004674
P49137,GO:0004683
P49137,GO:0005515
P49137,GO:0005516
P49137,GO:0009931
P49137,GO:0051019
P49137-1,GO:0005515
P49336,GO:0004672
P49336,GO:0004674
P49336,GO:0005515
P49674,GO:0003723
P49674,GO:0004672
P49674,GO:0004674
P49674,GO:0005515
P49759,GO:0004674
P49759,GO:0004713
P49759,GO:0004715
P49759,GO:0005515
P49760,GO:0004674
P49760,GO:0004713
P49760,GO:0005515
P49760,GO:0042802
P49840,GO:0004674
P49840,GO:0005102
P49840,GO:0005515
P49840,GO:0034236
P49840,GO:0048156
P49840,GO:0050321
P49841,GO:0002020
P49841,GO:0002039
P49841,GO:0004672
P49841,GO:0004674
P49841,GO:0005515
P49841,GO:0008013
P49841,GO:0016301
P49841,GO:0019901
P49841,GO:0031625
P49841,GO:0034236
P49841,GO:0034452
P49841,GO:0048156
P49841,GO:0050321
P49841,GO:0051059
P49841,GO:0061629
P49841,GO:0106310
P50613,GO:0004672
P50613,GO:0004674
P50613,GO:0004693
P50613,GO:0005515
P50613,GO:0008094
P50613,GO:0008353
P50750,GO:0001223
P50750,GO:0003677
P50750,GO:0003682
P50750,GO:0003711
P50750,GO:0004672
P50750,GO:0004674
P50750,GO:0004693
P50750,GO:0005515
P50750,GO:0008353
P50750,GO:0016301
P50750,GO:0097322
P51451,GO:0004713
P51451,GO:0004715
P51451,GO:0005102
P51451,GO:0005515
P51617,GO:0004672
P51617,GO:0004674
P51617,GO:0005515
P51617,GO:0016301
P51617,GO:0019901
P51617,GO:0042802
P51617,GO:0042803
P51617,GO:0046982
P51812,GO:0004672
P51812,GO:0004674
P51812,GO:0004711
P51812,GO:0005515
P51812,GO:0043027
P51813,GO:0004713
P51813,GO:0004715
P51813,GO:0005515
P51817,GO:0004691
P51817,GO:0005515
P51955,GO:0004672
P51955,GO:0004674
P51955,GO:0005515
P51955,GO:0019903
P51957,GO:0004674
P51957,GO:0030145
P52333,GO:0004713
P52333,GO:0004715
P52333,GO:0005131
P52333,GO:0005515
P52333,GO:0019903
P52564,GO:0004674
P52564,GO:0004708
P52564,GO:0005515
P52564,GO:0019901
P52564-1,GO:0042802
P53350,GO:0000287
P53350,GO:0004672
P53350,GO:0004674
P53350,GO:0005515
P53350,GO:0005524
P53350,GO:0008017
P53350,GO:0010997
P53350,GO:0019901
P53350,GO:0042802
P53350,GO:0106310
P53667,GO:0004672
P53667,GO:0004674
P53667,GO:0005515
P53667,GO:0031072
P53778,GO:0000287
P53778,GO:0004674
P53778,GO:0004707
P53778,GO:0005515
P53779,GO:0004705
P53779,GO:0004708
P53779,GO:0005515
P54619,GO:0004672
P54619,GO:0004691
P54619,GO:0005515
P54619,GO:0005524
P54619,GO:0008603
P54619,GO:0016208
P54619,GO:0019887
P54619,GO:0019901
P54619,GO:0043531
P54646,GO:0003682
P54646,GO:0004672
P54646,GO:0004674
P54646,GO:0004679
P54646,GO:0004712
P54646,GO:0005515
P54646,GO:0140823
P54760,GO:0004714
P54760,GO:0005003
P54760,GO:0005515
P67870,GO:0004674
P67870,GO:0003682
P67870,GO:0005102
P67870,GO:0005515
P67870,GO:0019887
P67870,GO:0019904
P67870,GO:0030674
P67870,GO:0042802
P67870,GO:0061629
P68400,GO:0004674
P68400,GO:0005515
P68400,GO:0016301
P68400,GO:0042802
P68400,GO:0051879
P78368,GO:0004674
P78368,GO:0005515
P78527,GO:0003690
P78527,GO:0003723
P78527,GO:0004672
P78527,GO:0004674
P78527,GO:0004677
P78527,GO:0005515
P78527,GO:0019904
P78527,GO:0034511
P78527,GO:0035979
P78527,GO:0061629
P80192,GO:0004674
P80192,GO:0004706
P80192,GO:0004708
P80192,GO:0005515
P80192,GO:0042803
P80192,GO:0140677
Q00534,GO:0004693
Q00534,GO:0005515
Q00534,GO:0005524
Q00534,GO:0030332
Q00534,GO:0098770
Q00535,GO:0008017
Q00535,GO:0004672
Q00535,GO:0004674
Q00535,GO:0004693
Q00535,GO:0005176
Q00535,GO:0005515
Q00535,GO:0016301
Q00535,GO:0030549
Q00535,GO:0043125
Q00535,GO:0048156
Q00535,GO:0050321
Q02156,GO:0003785
Q02156,GO:0004672
Q02156,GO:0004674
Q02156,GO:0004697
Q02156,GO:0005515
Q02156,GO:0008047
Q02156,GO:0019899
Q02750,GO:0004672
Q02750,GO:0004674
Q02750,GO:0004708
Q02750,GO:0004712
Q02750,GO:0005078
Q02750,GO:0005515
Q02750,GO:0030295
Q02750,GO:0043539
Q02750,GO:0097110
Q02763,GO:0004672
Q02763,GO:0004714
Q02763,GO:0005515
Q02763,GO:0038023
Q02763,GO:0042802
Q02779,GO:0003714
Q02779,GO:0004672
Q02779,GO:0004674
Q02779,GO:0004706
Q02779,GO:0005515
Q02779,GO:0042803
Q02779,GO:0043425
Q04759,GO:0004672
Q04759,GO:0004674
Q04759,GO:0004697
Q04759,GO:0005515
Q04771,GO:0016361
Q04771,GO:0004672
Q04771,GO:0004674
Q04771,GO:0004675
Q04771,GO:0005025
Q04771,GO:0005515
Q04771,GO:0005524
Q04771,GO:0017046
Q04771,GO:0042803
Q04771,GO:0045296
Q04771,GO:0046332
Q04771,GO:0048185
Q04771,GO:0050431
Q04771,GO:0098821
Q04771,GO:1990782
Q04912,GO:0004714
Q04912,GO:0005011
Q04912,GO:0005515
Q04912,GO:0019899
Q05397,GO:0003779
Q05397,GO:0004713
Q05397,GO:0004715
Q05397,GO:0004725
Q05397,GO:0005178
Q05397,GO:0005515
Q05397,GO:0008432
Q05397,GO:0019901
Q05397,GO:0019903
Q05397,GO:0042169
Q05397,GO:0140677
Q05513,GO:0004672
Q05513,GO:0004674
Q05513,GO:0004697
Q05513,GO:0005515
Q05513,GO:0043560
Q05655,GO:0004672
Q05655,GO:0004674
Q05655,GO:0004697
Q05655,GO:0004699
Q05655,GO:0005515
Q05655,GO:0008047
Q05655,GO:0019899
Q05655,GO:0019901
Q05655,GO:0043560
Q05655,GO:0106310
Q06187,GO:0004713
Q06187,GO:0004715
Q06187,GO:0005515
Q06187,GO:0005524
Q06187,GO:0005547
Q06187,GO:0016004
Q06187,GO:0042802
Q06187,GO:0043274
Q06418,GO:0001618
Q06418,GO:0004713
Q06418,GO:0004714
Q06418,GO:0005515
Q06418,GO:0043548
Q07912,GO:0004712
Q07912,GO:0004713
Q07912,GO:0004715
Q07912,GO:0005095
Q07912,GO:0005154
Q07912,GO:0005515
Q07912,GO:0031625
Q07912,GO:0042802
Q07912,GO:0050699
Q08881,GO:0004715
Q08881,GO:0005515
Q12851,GO:0004674
Q12851,GO:0005515
Q12851,GO:0005524
Q12851,GO:0008349
Q12851,GO:0031435
Q12866,GO:0004714
Q12866,GO:0005515
Q13131,GO:0003682
Q13131,GO:0004672
Q13131,GO:0004674
Q13131,GO:0004679
Q13131,GO:0004691
Q13131,GO:0005515
Q13131,GO:0048156
Q13131,GO:0050321
Q13131,GO:0140823
Q13153,GO:0031267
Q13153,GO:0004672
Q13153,GO:0004674
Q13153,GO:0005515
Q13153,GO:0005518
Q13153,GO:0043015
Q13177,GO:0004672
Q13177,GO:0004674
Q13177,GO:0005515
Q13177,GO:0019901
Q13177,GO:0030296
Q13177,GO:0031267
Q13177,GO:0042802
Q13177,GO:0045296
Q13188,GO:0000287
Q13188,GO:0004672
Q13188,GO:0004674
Q13188,GO:0005515
Q13188,GO:0005524
Q13188,GO:0042802
Q13188,GO:0043539
Q13237,GO:0004672
Q13237,GO:0004692
Q13237,GO:0051019
Q13237,GO:0106310
Q13464,GO:0004672
Q13464,GO:0004674
Q13464,GO:0005515
Q13464,GO:0048156
Q13464,GO:0050321
Q13464,GO:0072518
Q13554,GO:0004683
Q13554,GO:0005515
Q13554,GO:0005516
Q13554,GO:0009931
Q13554,GO:0042802
Q13554,GO:0042803
Q13555,GO:0004683
Q13555,GO:0004723
Q13555,GO:0005515
Q13555,GO:0005516
Q13555,GO:0042802
Q13555,GO:0042803
Q13557,GO:0004674
Q13557,GO:0004683
Q13557,GO:0005515
Q13557,GO:0005516
Q13557,GO:0019871
Q13557,GO:0031432
Q13557,GO:0042802
Q13557,GO:0042803
Q13557,GO:0044325
Q13627,GO:0003713
Q13627,GO:0004672
Q13627,GO:0004674
Q13627,GO:0004713
Q13627,GO:0004715
Q13627,GO:0005515
Q13627,GO:0008353
Q13627,GO:0048156
Q13627,GO:0050321
Q13627,GO:0106310
Q13627,GO:0140857
Q13882,GO:0004713
Q13882,GO:0004715
Q13882,GO:0005102
Q13882,GO:0005515
Q13882,GO:0042802
Q13976,GO:0004672
Q13976,GO:0004692
Q13976,GO:0005246
Q13976,GO:0005515
Q14012,GO:0004683
Q14012,GO:0005515
Q14012,GO:0005516
Q14164,GO:0070530
Q14164,GO:0004674
Q14164,GO:0005515
Q14164,GO:0019903
Q14164,GO:0031625
Q14164,GO:0036435
Q14164,GO:0042802
Q14289,GO:0004683
Q14289,GO:0004713
Q14289,GO:0004715
Q14289,GO:0005515
Q14289,GO:0099602
Q14680,GO:0004674
Q14680,GO:0004715
Q14680,GO:0005509
Q14680,GO:0005515
Q15078,GO:0004672
Q15078,GO:0005509
Q15078,GO:0005515
Q15078,GO:0016301
Q15078,GO:0019901
Q15078,GO:0030295
Q15078,GO:0043014
Q15078,GO:0043539
Q15078,GO:0045296
Q15078,GO:0048487
Q15078,GO:0061575
Q15118,GO:0004672
Q15118,GO:0004740
Q15118,GO:0005515
Q15139,GO:0004674
Q15139,GO:0004697
Q15139,GO:0005515
Q15139,GO:0016301
Q15139,GO:0042802
Q15139,GO:0106310
Q15139,GO:0141038
Q15303,GO:0000976
Q15303,GO:0004713
Q15303,GO:0004714
Q15303,GO:0005154
Q15303,GO:0005515
Q15303,GO:0038131
Q15303,GO:0042803
Q15418,GO:0004674
Q15418,GO:0004711
Q15418,GO:0004712
Q15418,GO:0005515
Q15418,GO:0043027
Q15759,GO:0004674
Q15759,GO:0004707
Q15759,GO:0005515
Q16288,GO:0002039
Q16288,GO:0004714
Q16288,GO:0005030
Q16288,GO:0005515
Q16288,GO:0043121
Q16512,GO:0003682
Q16512,GO:0004672
Q16512,GO:0004674
Q16512,GO:0004697
Q16512,GO:0005080
Q16512,GO:0005515
Q16512,GO:0030374
Q16512,GO:0031267
Q16512,GO:0035402
Q16512,GO:0042393
Q16512,GO:0042826
Q16512,GO:0050681
Q16513,GO:0003723
Q16513,GO:0004672
Q16513,GO:0004674
Q16513,GO:0005515
Q16513,GO:0016301
Q16513,GO:0042826
Q16513,GO:0045296
Q16513,GO:0070063
Q16539,GO:0004674
Q16539,GO:0004707
Q16539,GO:0004708
Q16539,GO:0005515
Q16539,GO:0019899
Q16539,GO:0019903
Q16539,GO:0048273
Q16539,GO:0051525
Q16566,GO:0004683
Q16566,GO:0005516
Q16566,GO:0009931
Q16584,GO:0004672
Q16584,GO:0004674
Q16584,GO:0004706
Q16584,GO:0004709
Q16584,GO:0005515
Q16584,GO:0031435
Q16584,GO:0042802
Q16584,GO:0042803
Q16620,GO:0002020
Q16620,GO:0005515
Q16620,GO:0042803
Q16620,GO:0043121
Q16620,GO:0048403
Q16620,GO:0060175
Q16644,GO:0004674
Q16644,GO:0004683
Q16644,GO:0004708
Q16644,GO:0005515
Q16644,GO:0005516
Q16644,GO:0009931
Q16644,GO:0051019
Q5S007,GO:0000149
Q5S007,GO:0000287
Q5S007,GO:0003779
Q5S007,GO:0003924
Q5S007,GO:0004672
Q5S007,GO:0004674
Q5S007,GO:0004706
Q5S007,GO:0004709
Q5S007,GO:0005096
Q5S007,GO:0005515
Q5S007,GO:0005525
Q5S007,GO:0008017
Q5S007,GO:0015631
Q5S007,GO:0016301
Q5S007,GO:0017075
Q5S007,GO:0030159
Q5S007,GO:0030276
Q5S007,GO:0031267
Q5S007,GO:0034211
Q5S007,GO:0036479
Q5S007,GO:0039706
Q5S007,GO:0042802
Q5S007,GO:0042803
Q5S007,GO:0044325
Q5S007,GO:0051018
Q5S007,GO:1904713
Q5VT25,GO:0000287
Q5VT25,GO:0004674
Q5VT25,GO:0005515
Q5VT25,GO:0005524
Q5VT25,GO:0042802
Q7KZI7,GO:0000287
Q7KZI7,GO:0003723
Q7KZI7,GO:0004674
Q7KZI7,GO:0005515
Q7KZI7,GO:0005524
Q7KZI7,GO:0030295
Q7KZI7,GO:0045296
Q7KZI7,GO:0048156
Q7KZI7,GO:0050321
Q7L7X3,GO:0004672
Q7L7X3,GO:0004674
Q7L7X3,GO:0005515
Q7L7X3,GO:0005524
Q7L7X3,GO:0016301
Q7L7X3,GO:0016740
Q7L7X3,GO:0043014
Q7L7X3,GO:0043539
Q7L7X3,GO:0048156
Q7L7X3,GO:0048487
Q7L7X3,GO:0050321
Q86V86,GO:0004674
Q86V86,GO:0005515
Q8IU85,GO:0004683
Q8IU85,GO:0005515
Q8IU85,GO:0005516
Q8IW41,GO:0002039
Q8IW41,GO:0004674
Q8IW41,GO:0004683
Q8IW41,GO:0004708
Q8IW41,GO:0005515
Q8IW41,GO:0005516
Q8IW41,GO:0009931
Q8IW41,GO:0051019
Q8N4C8,GO:0004672
Q8N4C8,GO:0004674
Q8N4C8,GO:0005515
Q8N4C8,GO:0005524
Q8NE63,GO:0004674
Q8NE63,GO:0004713
Q8NE63,GO:0005515
Q8TDC3,GO:0000287
Q8TDC3,GO:0004674
Q8TDC3,GO:0005524
Q8TDC3,GO:0043015
Q8TDC3,GO:0048156
Q8TDC3,GO:0050321
Q96GD4,GO:0004674
Q96GD4,GO:0004712
Q96GD4,GO:0005515
Q96GD4,GO:0019900
Q96KB5,GO:0004674
Q96KB5,GO:0005515
Q96L34,GO:0004674
Q96L34,GO:0005515
Q96L34,GO:0005524
Q96L34,GO:0008017
Q96L34,GO:0008093
Q96L34,GO:0043015
Q96L34,GO:0043130
Q96L34,GO:0048156
Q96L34,GO:0050321
Q96PF2,GO:0000287
Q96PF2,GO:0004674
Q96PF2,GO:0005515
Q96PF2,GO:0005524
Q96RG2,GO:0004674
Q96RG2,GO:0005515
Q96RG2,GO:0035091
Q96RR4,GO:0004674
Q96RR4,GO:0004713
Q96RR4,GO:0005509
Q96RR4,GO:0005516
Q96SB4,GO:0000287
Q96SB4,GO:0003723
Q96SB4,GO:0004672
Q96SB4,GO:0004674
Q96SB4,GO:0005515
Q96SB4,GO:0005524
Q99683,GO:0000287
Q99683,GO:0004672
Q99683,GO:0004674
Q99683,GO:0004706
Q99683,GO:0004709
Q99683,GO:0005515
Q99683,GO:0005524
Q99683,GO:0019903
Q99683,GO:0019904
Q99683,GO:0042802
Q99683,GO:0042803
Q9BUB5,GO:0004674
Q9BUB5,GO:0004683
Q9BUB5,GO:0005515
Q9BUB5,GO:0005516
Q9BUB5,GO:0005524
Q9BUB5,GO:0009931
Q9BWU1,GO:0004674
Q9BXA7,GO:0000287
Q9BXA7,GO:0004674
Q9BXA7,GO:0005515
Q9BXA7,GO:0005524
Q9BZL6,GO:0004672
Q9BZL6,GO:0004674
Q9BZL6,GO:0004697
Q9BZL6,GO:0005080
Q9BZL6,GO:0005515
Q9BZL6,GO:0106310
Q9H0K1,GO:0000287
Q9H0K1,GO:0004674
Q9H0K1,GO:0005515
Q9H0K1,GO:0005524
Q9H0K1,GO:0106310
Q9H2G2,GO:0004674
Q9H2G2,GO:0005515
Q9H2G2,GO:0042802
Q9H2G2,GO:0042803
Q9H2G2,GO:0045296
Q9H2X6,GO:0003713
Q9H2X6,GO:0003714
Q9H2X6,GO:0004672
Q9H2X6,GO:0004674
Q9H2X6,GO:0004713
Q9H2X6,GO:0005515
Q9H2X6,GO:0046332
Q9H2X6,GO:0046790
Q9H2X6,GO:0061629
Q9H3Y6,GO:0004713
Q9H3Y6,GO:0004715
Q9H3Y6,GO:0005102
Q9H3Y6,GO:0005515
Q9H4B4,GO:0002039
Q9H4B4,GO:0004674
Q9H4B4,GO:0005515
Q9HAZ1,GO:0004674
Q9HAZ1,GO:0004713
Q9HAZ1,GO:0005515
Q9HBH9,GO:0004674
Q9HBH9,GO:0004683
Q9HBH9,GO:0005515
Q9HBH9,GO:0005516
Q9HBH9,GO:0005524
Q9HBH9,GO:0009931
Q9HBY8,GO:0004674
Q9HBY8,GO:0005515
Q9HBY8,GO:0015459
Q9HBY8,GO:0017080
Q9HC98,GO:0000287
Q9HC98,GO:0001222
Q9HC98,GO:0004674
Q9HC98,GO:0005515
Q9HC98,GO:0005524
Q9HC98,GO:0019894
Q9HC98,GO:0019901
Q9HC98,GO:0031625
Q9HC98,GO:0140297
Q9HCP0,GO:0004674
Q9HCP0,GO:0005515
Q9NR20,GO:0004674
Q9NR20,GO:0005515
Q9NWZ3,GO:0004674
Q9NWZ3,GO:0005515
Q9NWZ3,GO:0016301
Q9NWZ3,GO:0019901
Q9NYL2,GO:0000287
Q9NYL2,GO:0003723
Q9NYL2,GO:0004674
Q9NYL2,GO:0004706
Q9NYL2,GO:0004709
Q9NYL2,GO:0005515
Q9NYL2,GO:0005524
Q9NYL2,GO:0030295
Q9NYL2,GO:0043022
Q9NYL2,GO:0070181
Q9P1W9,GO:0004674
Q9P1W9,GO:0005515
Q9P289,GO:0000287
Q9P289,GO:0004672
Q9P289,GO:0004674
Q9P289,GO:0005515
Q9P289,GO:0005524
Q9P289,GO:0042802
Q9P289,GO:0042803
Q9UBE8,GO:0000287
Q9UBE8,GO:0004672
Q9UBE8,GO:0004674
Q9UBE8,GO:0004707
Q9UBE8,GO:0005515
Q9UBE8,GO:0005524
Q9UBE8,GO:0031625
Q9UBE8,GO:0042169
Q9UBE8,GO:0140297
Q9UBF8,GO:0004430
Q9UBF8,GO:0005515
Q9UBF8,GO:0071889
Q9UBS0,GO:0004672
Q9UBS0,GO:0004674
Q9UEE5,GO:0004674
Q9UEE5,GO:0005524
Q9UGI9,GO:0004679
Q9UGI9,GO:0005515
Q9UGI9,GO:0016208
Q9UGI9,GO:0019887
Q9UGI9,GO:0019901
Q9UGJ0,GO:0004862
Q9UGJ0,GO:0005515
Q9UGJ0,GO:0005524
Q9UGJ0,GO:0008603
Q9UGJ0,GO:0008607
Q9UGJ0,GO:0016208
Q9UGJ0,GO:0019887
Q9UGJ0,GO:0019901
Q9UGJ0,GO:0030295
Q9UGJ0,GO:0043531
Q9UHD2,GO:0004672
Q9UHD2,GO:0004674
Q9UHD2,GO:0005515
Q9UHD2,GO:0019903
Q9UHD2,GO:0051219
Q9UM73,GO:0004713
Q9UM73,GO:0004714
Q9UM73,GO:0005515
Q9UM73,GO:0008201
Q9UM73,GO:0030298
Q9UM73,GO:0042802
Q9UQM7,GO:0004674
Q9UQM7,GO:0004683
Q9UQM7,GO:0005515
Q9UQM7,GO:0005516
Q9UQM7,GO:0016301
Q9UQM7,GO:0035254
Q9UQM7,GO:0042802
Q9UQM7,GO:0042803
Q9Y243,GO:0004672
Q9Y243,GO:0004674
Q9Y243,GO:0005515
Q9Y243,GO:0005524
Q9Y463,GO:0003713
Q9Y463,GO:0004672
Q9Y463,GO:0004674
Q9Y463,GO:0005515
Q9Y478,GO:0004672
Q9Y478,GO:0005515
Q9Y478,GO:0019901
Q9Y4K4,GO:0004672
Q9Y4K4,GO:0004674
Q9Y4K4,GO:0005515
Q9Y4K4,GO:0005524
Q9Y4K4,GO:0008349
Q9Y6M4,GO:0004672
Q9Y6M4,GO:0004674
