0,1
179,491
153,39
726,125
129,3
1,112
539,298
265,458
266,2
216,175
344,155
173,346
3,226
395,574
10,448
194,386
129,93
546,507
393,548
334,81
190,233
789,412
709,548
149,18
349,229
182,153
166,155
200,126
724,236
166,42
146,434
228,303
94,305
239,355
195,571
268,412
212,37
144,246
411,491
439,548
159,569
392,322
149,14
138,411
227,470
164,495
145,31
171,297
797,7
38,232
143,480
136,574
285,373
417,155
334,548
164,355
149,243
28,126
40,373
227,260
440,320
187,46
240,346
8,238
66,176
833,71
347,452
216,82
166,449
281,81
419,574
286,275
0,216
403,387
849,322
241,362
242,276
623,548
242,243
13,154
153,63
201,217
221,452
22,126
246,412
570,347
261,12
281,155
550,37
214,563
221,305
385,346
240,95
242,411
507,66
10,362
222,43
424,76
52,12
123,155
208,140
850,289
156,89
164,433
123,452
75,412
406,322
201,102
146,113
52,216
149,110
750,126
246,495
453,243
149,137
207,346
247,386
7,401
79,96
384,413
136,177
214,187
439,452
677,217
131,402
173,452
166,81
12,394
431,320
829,205
351,452
201,132
197,548
155,83
232,260
139,83
540,449
4,164
369,346
547,63
453,456
349,379
642,572
326,140
182,470
550,238
345,541
228,61
286,126
384,243
178,540
222,39
157,15
270,480
717,412
358,347
24,81
384,574
180,349
131,90
183,76
149,258
14,232
218,491
38,524
792,412
220,276
806,349
132,126
606,255
349,305
146,50
833,400
444,563
564,63
704,548
215,494
164,280
228,419
156,76
241,489
222,276
257,477
73,305
265,175
227,348
25,242
221,456
215,504
343,63
5,474
190,574
1,126
132,217
560,177
22,125
495,155
670,63
239,509
349,56
242,75
265,533
652,346
281,440
146,188
319,243
544,76
93,187
271,491
847,346
549,452
24,433
342,478
199,317
407,412
232,148
549,41
38,448
146,542
1,243
125,589
3,275
818,126
22,458
849,89
333,76
421,224
5,400
124,156
281,458
280,574
789,422
341,575
270,29
39,4
227,401
441,373
427,574
490,561
564,217
14,187
169,355
622,81
179,81
850,507
547,390
215,490
530,529
144,483
179,148
87,387
254,28
253,76
185,37
461,63
677,563
351,495
26,126
24,76
424,81
122,97
228,81
338,548
349,483
668,529
560,76
144,216
214,75
68,540
265,153
256,76
195,588
1,474
140,354
246,341
256,206
22,110
24,387
736,548
174,318
724,233
564,548
847,126
194,93
790,423
383,0
53,550
123,303
125,391
257,217
211,452
255,480
11,504
123,480
549,61
825,238
208,548
68,569
257,113
227,464
167,126
286,209
732,401
3,81
196,63
642,490
38,562
267,317
24,3
255,243
227,82
285,541
227,263
421,574
346,324
137,217
225,355
246,335
241,176
142,500
203,336
176,569
241,478
149,545
165,3
351,542
26,177
66,63
169,314
22,548
501,574
243,548
139,449
605,76
537,24
571,256
3,482
118,423
161,491
222,509
426,243
349,497
560,238
185,155
123,386
38,193
249,266
166,55
96,63
341,574
149,571
234,346
351,412
242,501
778,52
506,452
268,12
256,153
813,335
549,550
154,63
286,563
588,480
386,575
221,563
502,76
239,412
18,524
227,501
549,243
400,491
228,210
542,221
145,291
24,548
747,412
16,408
116,7
851,402
316,216
153,412
240,238
214,423
586,548
144,262
153,449
223,286
385,279
271,153
349,176
227,405
176,176
393,373
149,184
180,215
156,317
575,373
172,507
826,313
169,312
176,563
9,12
818,397
220,452
726,81
155,574
1,238
546,491
242,187
133,497
68,542
176,44
156,380
350,148
684,296
79,83
833,45
421,480
173,76
161,63
186,126
144,41
38,548
212,287
546,502
146,93
209,187
166,468
212,568
164,110
243,125
559,153
23,474
202,482
168,449
214,176
156,7
208,126
241,440
242,441
251,7
849,247
255,63
584,548
149,39
153,322
808,126
165,548
820,412
228,182
277,238
199,563
227,150
136,382
331,95
674,550
141,71
745,387
186,217
234,574
256,440
349,403
345,387
9,154
38,337
220,125
266,507
184,284
9,63
425,305
11,346
185,278
156,373
215,141
743,126
125,474
393,408
172,335
185,480
694,126
379,76
183,94
143,122
539,548
789,63
164,26
392,224
208,76
551,346
750,482
143,196
535,81
29,7
247,154
171,132
792,37
194,291
157,563
174,347
239,346
150,290
164,154
425,348
250,446
502,63
547,465
190,483
348,37
221,266
68,95
351,507
199,346
243,446
830,313
146,575
6,177
257,166
8,400
2,322
130,95
391,110
591,491
333,480
175,45
648,563
349,452
213,568
267,82
38,39
405,390
246,225
257,380
233,392
810,63
11,9
420,504
180,548
721,322
598,174
211,317
153,372
744,81
172,465
350,507
142,518
4,18
172,289
852,192
620,14
140,313
261,216
286,105
267,346
186,548
378,265
95,380
267,335
196,305
169,7
256,215
154,452
180,382
686,541
129,342
502,289
67,232
140,216
850,521
140,500
246,387
155,411
149,452
303,232
852,522
150,446
98,491
483,530
334,263
123,238
22,500
253,243
261,257
97,346
149,164
849,76
66,491
136,491
549,501
434,42
68,217
785,256
239,275
807,216
9,18
547,560
79,348
225,372
153,536
186,568
285,209
5,82
456,507
771,146
561,110
247,160
268,67
168,216
157,216
250,217
599,255
803,518
130,27
284,83
549,81
26,75
195,76
546,346
68,289
577,216
241,575
123,18
165,575
658,63
196,12
169,387
273,449
145,83
439,373
125,341
220,116
222,306
97,449
483,63
23,381
170,574
135,372
280,569
351,255
165,529
273,81
196,476
272,63
94,456
180,449
136,277
386,574
378,320
199,482
214,373
759,81
256,176
99,412
362,387
210,320
543,575
164,475
164,367
65,126
797,107
358,18
735,563
175,491
199,217
280,83
172,322
167,83
179,504
426,402
67,125
181,119
3,105
227,574
9,179
851,521
150,216
614,126
281,575
211,358
239,215
286,289
68,514
407,372
618,346
212,41
165,360
235,193
167,435
165,157
333,82
166,59
220,302
272,412
709,76
734,265
712,76
852,491
2,126
558,449
142,113
241,114
199,95
79,4
426,313
277,187
240,41
682,39
167,243
343,552
574,38
384,548
796,29
215,255
145,335
546,297
0,83
14,81
535,82
258,390
341,346
67,319
246,243
167,387
169,574
641,63
38,272
211,440
125,373
208,449
243,480
496,452
482,507
849,276
227,137
169,480
225,320
216,95
149,83
5,177
3,386
166,45
215,76
217,155
180,587
164,176
159,412
164,63
150,449
272,572
142,446
175,401
546,412
174,548
384,575
264,536
6,412
725,63
146,501
68,159
215,495
131,41
144,478
203,432
266,27
620,126
65,452
392,76
223,404
167,9
210,257
222,135
214,217
17,548
849,63
125,548
240,380
239,41
180,216
561,548
662,263
131,458
724,548
426,276
225,275
190,480
164,42
131,466
273,373
605,412
350,423
664,206
25,290
67,386
211,386
560,372
13,563
846,574
264,76
123,449
247,449
145,215
156,529
168,435
149,485
6,411
603,500
210,521
852,373
227,361
203,226
495,505
165,255
164,521
284,27
833,81
235,110
226,542
221,50
264,216
573,574
261,243
163,126
17,452
240,369
297,76
347,541
210,458
4,255
7,474
150,575
142,452
3,423
198,176
185,548
725,290
242,492
240,216
251,276
497,243
269,412
734,76
400,574
608,358
789,48
851,548
761,412
256,563
340,486
165,488
384,255
28,491
179,5
216,412
238,126
286,569
0,362
249,243
280,221
86,217
283,216
715,63
1,346
346,444
225,42
199,83
184,321
134,548
227,268
164,456
789,182
143,358
548,63
266,394
209,76
393,81
214,219
384,412
850,187
508,7
273,74
286,137
194,50
180,1
701,412
502,548
195,110
643,373
358,126
12,255
732,76
22,95
256,412
241,18
169,474
849,174
131,449
157,390
497,81
355,42
253,63
351,56
833,412
68,412
212,412
185,39
122,126
700,52
669,349
212,361
830,314
362,284
286,384
241,452
149,575
169,512
212,83
43,81
220,243
66,452
164,467
448,63
265,381
53,216
17,176
482,55
190,449
149,216
10,187
374,76
211,512
149,368
439,412
549,491
830,402
560,423
254,83
227,244
350,548
2,164
334,424
164,243
24,126
767,518
68,563
251,548
70,491
5,39
295,29
683,548
420,474
185,81
215,73
223,346
212,76
406,105
719,349
144,187
789,513
535,8
250,548
5,412
66,386
196,83
137,243
408,63
123,81
221,26
345,373
149,63
333,536
675,491
383,126
227,3
156,560
374,419
125,419
67,317
851,176
150,440
833,76
344,289
146,420
265,575
851,482
241,317
44,126
197,449
547,217
98,83
475,76
176,341
242,86
344,408
227,575
668,491
136,480
402,499
155,137
242,289
692,548
213,359
169,358
196,332
227,458
102,548
164,289
221,76
343,217
215,9
146,589
176,206
607,81
154,39
561,63
132,121
125,338
169,524
348,480
666,363
117,7
65,255
185,485
130,574
549,411
179,412
341,56
211,126
24,569
734,346
320,446
720,412
833,420
563,373
157,411
467,452
426,289
256,446
832,480
752,83
426,373
209,449
227,216
267,412
0,400
550,572
165,320
238,452
154,574
606,266
169,575
179,266
831,243
798,231
194,474
849,43
330,216
132,548
179,216
212,18
200,81
26,42
13,574
273,243
66,372
196,75
349,320
258,420
285,216
439,491
256,244
226,412
64,346
186,7
346,187
164,586
216,548
97,380
241,563
849,93
265,126
346,480
281,289
195,83
340,515
339,529
726,29
789,217
356,46
545,373
212,125
790,9
227,42
256,257
176,83
149,310
153,24
23,346
172,482
241,125
844,337
150,265
218,346
166,63
225,67
225,62
23,95
600,548
384,217
144,313
407,217
350,382
750,155
207,491
13,483
10,390
282,458
68,457
482,440
379,446
344,380
825,524
332,243
225,423
359,499
220,563
546,110
544,126
246,244
10,452
163,346
833,373
384,519
0,209
225,314
199,76
9,238
66,321
346,126
26,72
167,401
169,110
141,574
13,548
329,184
176,412
190,387
159,536
169,322
570,346
664,548
268,216
247,477
561,216
214,494
406,160
271,125
852,433
232,524
371,76
52,120
54,550
269,449
349,322
348,76
789,76
569,266
379,548
198,386
5,322
57,276
150,378
350,541
209,446
647,126
378,76
171,386
149,274
335,216
627,12
737,493
851,76
9,458
757,63
346,322
212,318
3,550
221,401
345,548
171,347
25,358
144,179
68,574
166,22
523,548
852,574
850,256
553,491
286,491
185,411
241,210
546,31
227,37
676,550
619,275
242,76
367,125
561,522
425,402
420,11
682,548
202,126
852,75
730,575
228,575
68,216
242,572
115,7
143,548
239,18
256,217
850,155
608,222
213,322
79,76
118,63
355,561
67,305
498,82
150,433
182,243
125,255
225,305
212,550
185,433
333,46
606,354
143,32
12,165
68,209
159,39
228,426
192,548
22,18
73,449
38,403
391,491
190,81
67,166
383,63
241,126
689,216
14,491
349,313
141,284
286,492
350,411
726,491
3,362
791,548
814,160
221,126
642,45
23,353
195,408
232,573
149,232
67,548
482,524
497,373
286,387
150,330
210,412
351,295
347,574
233,63
17,155
137,490
227,77
233,76
238,76
669,384
246,316
136,346
833,224
241,358
164,126
351,372
164,589
67,250
78,76
227,153
459,44
3,216
728,63
424,373
227,178
125,568
149,267
850,63
26,433
593,574
186,480
339,9
179,63
247,216
222,81
255,373
257,76
240,507
306,412
439,125
142,56
145,132
692,574
164,224
179,71
247,81
556,255
618,76
256,30
194,304
851,166
670,373
146,61
222,305
346,317
762,446
657,500
274,243
585,349
9,572
349,29
701,126
153,83
248,160
196,433
149,402
242,523
241,96
24,390
384,346
851,558
609,216
284,42
734,126
167,355
453,390
86,12
724,423
199,28
495,373
156,345
2,520
185,216
767,63
456,548
239,216
345,491
67,321
176,51
758,81
349,76
202,346
203,76
728,305
246,95
169,476
344,270
346,257
228,313
164,51
222,317
247,452
791,373
223,89
536,477
141,497
227,446
144,494
1,401
408,305
234,83
725,125
180,44
347,322
209,126
669,41
26,569
26,432
184,48
405,216
144,354
38,256
790,346
225,432
194,305
240,232
227,62
195,500
251,63
132,63
393,313
222,89
65,499
216,491
242,480
153,243
22,81
125,145
256,548
249,452
164,432
239,458
52,81
164,82
265,125
840,412
211,209
439,574
150,358
241,433
137,76
247,490
743,76
38,244
11,243
220,81
166,14
559,418
193,63
116,288
227,515
132,446
143,243
257,60
240,63
157,491
470,412
665,335
156,291
797,548
169,335
384,452
222,452
3,504
169,12
209,140
79,216
38,382
215,412
149,139
185,494
12,504
761,49
190,12
7,177
214,491
183,575
199,480
16,63
5,411
405,405
23,387
256,293
402,491
682,41
227,491
233,386
222,569
155,76
66,492
258,266
216,243
338,216
286,175
657,386
256,155
149,151
543,63
201,81
166,160
1,465
645,572
228,433
15,449
143,155
792,81
176,402
10,474
374,82
426,412
146,110
286,354
392,403
724,63
383,574
634,205
247,125
239,226
17,75
469,155
235,373
580,373
68,314
227,412
228,232
3,177
535,384
234,209
23,412
747,63
256,216
211,303
48,76
255,69
154,548
340,571
677,14
611,412
549,76
634,500
164,390
226,243
286,346
358,304
546,217
149,322
233,305
255,37
22,40
258,325
242,569
150,373
349,440
349,456
220,83
202,320
767,346
176,105
149,491
58,452
701,23
54,63
21,54
790,373
264,320
163,216
383,413
334,542
6,145
352,373
156,65
573,243
338,482
258,155
142,18
227,195
38,76
403,448
265,63
791,217
283,449
145,313
65,177
152,63
620,317
166,548
404,347
129,244
251,347
483,449
149,209
229,303
830,524
548,423
2,289
13,96
180,86
140,37
169,258
163,548
68,232
241,320
167,314
209,54
258,14
242,412
684,346
9,201
139,574
149,3
9,449
1,349
167,137
790,7
839,63
11,114
344,372
134,126
215,452
495,326
559,76
202,483
131,515
826,355
166,373
180,184
169,76
338,380
254,243
164,393
164,16
164,184
381,548
268,291
282,216
53,12
675,480
343,335
233,337
150,209
164,354
386,7
149,224
499,52
681,293
152,458
704,217
411,320
166,50
265,452
229,29
125,289
831,449
156,452
811,166
2,177
268,215
238,216
581,412
339,147
797,452
350,83
845,320
143,563
561,76
839,248
179,76
407,48
216,346
221,83
225,446
540,491
202,81
3,433
212,63
4,176
255,277
844,521
539,126
255,123
535,444
109,491
237,574
268,307
390,61
427,412
131,286
97,358
229,43
164,361
449,45
228,574
68,302
285,412
146,81
201,256
140,71
588,491
199,495
200,137
472,491
181,76
275,217
164,564
194,99
681,548
256,255
333,62
27,571
25,67
193,221
249,480
4,277
830,476
217,215
670,574
604,76
40,63
694,216
1,216
123,255
275,372
537,571
227,95
603,187
7,76
200,83
132,346
164,358
12,495
341,466
98,575
604,486
52,76
383,255
141,515
165,63
10,18
421,65
142,50
211,48
343,206
0,277
220,16
159,548
155,255
173,216
265,423
169,83
425,243
53,401
221,512
406,446
480,160
202,382
677,126
144,412
233,446
169,177
6,243
256,156
395,491
183,491
211,491
129,491
65,238
668,256
240,420
544,263
270,126
256,83
624,187
562,346
830,56
125,551
144,63
832,243
449,257
668,203
265,232
125,185
284,346
329,563
169,275
297,31
6,390
65,18
849,73
199,187
227,404
536,387
52,401
68,66
242,575
251,116
559,224
57,494
635,372
239,490
23,232
265,275
297,456
226,344
352,126
355,433
374,412
236,411
146,401
826,423
38,501
497,63
791,563
270,412
165,515
228,472
185,178
427,243
268,375
225,266
283,243
54,401
419,518
792,452
826,176
165,82
194,4
201,243
214,257
37,491
9,277
838,216
142,548
159,216
423,7
535,472
253,548
338,322
132,349
241,582
226,217
550,63
199,40
374,395
38,243
608,243
256,456
140,66
13,289
357,491
282,76
164,5
10,277
43,346
225,322
235,453
349,244
3,419
523,123
153,574
240,177
338,276
427,318
425,95
96,76
143,37
164,150
621,76
211,552
165,126
13,113
201,176
143,380
3,164
541,90
14,452
240,163
179,372
239,267
358,550
7,400
266,302
68,354
608,465
242,41
184,500
643,490
495,71
345,298
65,35
217,126
256,276
199,156
185,373
331,63
337,135
223,277
216,373
149,492
351,518
280,26
362,44
38,258
240,483
13,411
585,449
572,243
602,373
227,282
344,346
327,140
22,37
266,480
228,343
129,89
25,423
251,243
138,83
66,315
194,76
15,354
339,446
74,548
167,37
68,335
22,42
239,548
439,569
606,548
179,289
7,412
163,390
68,41
275,263
269,60
180,446
379,121
65,574
393,492
344,76
351,569
255,153
396,491
66,238
501,92
346,81
268,340
256,90
15,125
341,419
209,30
130,93
142,63
227,122
185,238
349,304
88,446
535,499
342,327
166,94
57,7
228,321
173,401
270,17
789,458
146,96
258,495
68,126
257,14
345,216
154,341
169,548
201,322
67,11
617,243
270,153
164,123
826,93
0,125
383,74
168,5
502,238
240,243
351,155
208,90
536,491
281,412
124,572
150,524
796,529
852,290
341,524
186,324
225,387
124,574
267,153
166,341
149,521
668,42
211,354
22,256
24,4
426,29
2,474
851,373
221,476
52,452
334,575
756,143
832,524
173,255
405,408
832,500
339,346
129,9
164,465
424,387
258,187
232,243
164,460
221,52
6,474
284,491
106,491
5,504
54,120
406,248
721,63
319,395
263,63
350,347
268,53
760,574
52,423
621,81
91,83
668,346
399,71
3,367
52,372
336,572
149,76
38,287
542,449
384,250
832,126
150,322
145,155
340,424
265,402
81,238
225,232
6,452
214,12
830,322
227,280
185,476
814,449
850,444
636,187
405,76
166,12
805,513
140,575
196,313
199,12
223,126
559,75
186,477
227,313
169,531
283,452
9,401
190,542
227,466
684,477
266,335
768,351
367,349
232,346
68,4
771,548
199,81
419,458
81,491
149,348
146,243
207,446
483,81
233,56
850,362
246,184
547,137
618,63
22,255
194,572
129,449
11,277
143,303
758,548
815,491
53,372
543,269
57,243
23,563
155,373
595,480
251,80
173,524
145,524
209,355
8,289
268,317
14,238
124,491
199,452
227,337
224,92
817,126
495,29
7,125
420,452
9,474
23,317
68,364
53,40
401,574
545,569
426,505
123,260
38,261
734,63
154,522
270,386
144,196
209,412
130,335
10,504
246,279
22,63
156,544
709,175
200,300
240,446
234,262
146,412
23,568
419,515
156,177
559,155
386,373
814,387
223,132
199,175
81,126
541,81
120,216
214,296
142,346
483,76
379,81
261,574
671,440
833,12
149,301
548,14
225,153
26,305
339,195
198,126
11,458
251,395
15,76
393,176
383,528
212,491
185,482
242,209
466,189
146,75
212,7
164,304
333,63
362,354
159,75
227,480
240,500
221,575
253,491
211,396
15,472
603,491
257,187
349,373
247,420
407,373
482,458
52,550
404,412
826,216
0,542
211,250
547,480
228,565
233,110
747,382
156,155
352,347
407,225
67,267
551,76
3,452
567,373
830,45
124,449
132,76
169,449
227,116
215,566
167,257
168,548
419,521
850,440
678,132
232,449
240,186
194,491
333,446
388,372
284,116
15,81
197,452
226,126
771,440
38,341
123,423
464,215
143,301
281,386
176,452
339,452
453,45
334,42
216,123
143,574
168,194
68,533
68,304
548,438
535,386
172,45
350,482
484,289
232,491
154,76
236,110
200,217
164,477
158,63
427,575
6,386
246,126
149,162
241,401
268,483
358,236
10,341
144,529
210,372
256,18
65,223
156,571
393,7
164,420
67,430
564,76
54,81
169,289
693,76
343,7
608,76
132,449
38,491
144,177
281,446
202,452
149,380
200,209
163,322
185,546
242,470
677,125
495,14
502,160
67,238
211,318
132,384
549,209
164,37
5,238
1,373
257,433
240,290
224,542
831,76
349,65
106,76
38,178
190,26
227,523
830,317
463,137
337,204
503,373
23,477
8,125
145,541
406,449
818,265
558,126
331,349
243,373
227,67
201,63
849,446
222,277
243,263
64,126
123,63
623,217
240,110
3,125
170,563
164,363
833,44
850,284
156,491
300,412
132,132
497,500
156,321
12,63
87,216
851,412
241,153
169,183
141,37
329,486
24,446
13,187
144,482
696,346
203,386
156,296
270,491
285,155
240,541
164,153
575,507
247,266
129,550
179,420
797,260
159,63
4,401
724,491
261,575
542,76
483,75
66,574
542,307
143,354
393,25
223,63
247,126
65,243
182,386
136,217
513,446
53,120
157,348
283,42
176,81
349,260
156,482
156,250
247,335
156,40
265,317
540,63
149,154
744,548
249,567
142,347
141,386
164,274
146,296
589,530
227,300
545,412
248,76
211,298
577,548
131,295
125,106
164,356
124,204
145,297
832,32
149,265
164,313
169,490
225,318
242,478
602,440
176,542
211,313
403,446
227,520
3,14
165,314
444,491
211,497
267,182
228,449
582,243
214,255
143,492
233,267
15,548
141,63
826,81
847,456
144,198
5,433
208,452
143,452
542,446
550,262
199,63
198,501
211,76
549,126
10,411
267,322
25,323
852,139
712,541
150,522
682,291
23,548
240,574
676,349
132,83
256,480
448,244
147,76
96,563
804,76
218,548
153,444
240,86
22,347
256,101
569,83
719,500
39,76
850,132
169,423
23,372
149,51
482,255
209,276
694,452
253,216
247,408
165,435
22,501
682,12
270,346
701,392
416,60
225,18
426,275
408,412
105,548
272,82
83,63
851,522
16,126
138,354
23,18
207,412
421,446
268,76
846,575
620,12
258,76
771,81
242,182
222,480
215,83
227,83
32,511
176,126
131,126
176,346
182,217
419,126
217,446
392,446
24,491
17,480
264,322
341,70
268,272
398,574
228,412
350,408
535,39
272,574
185,263
255,541
760,206
495,76
227,317
228,501
164,440
22,452
182,81
227,217
242,60
847,155
125,485
258,246
155,104
719,449
190,76
169,263
149,10
228,40
438,485
182,548
319,321
243,3
216,563
786,63
167,529
549,86
285,41
165,125
546,548
2,39
232,45
233,94
636,372
209,257
852,449
242,252
167,324
797,244
168,313
239,110
227,382
4,452
265,65
62,550
38,105
235,243
10,161
734,39
309,76
617,412
258,19
67,449
643,76
242,322
144,70
34,574
228,305
68,76
3,313
241,386
200,548
733,276
847,76
261,63
249,524
354,320
331,551
270,12
350,346
68,187
379,217
171,548
188,500
818,412
447,346
4,504
268,361
11,396
292,63
154,304
264,243
280,480
256,304
214,50
239,25
541,574
23,305
237,411
135,126
334,495
246,209
257,257
199,209
225,155
26,41
156,358
832,354
229,162
14,449
537,86
545,491
556,548
497,491
164,575
164,116
716,7
238,125
267,302
349,412
226,432
158,81
153,291
202,401
35,217
257,274
705,541
167,216
594,354
346,216
203,187
241,413
345,243
339,83
146,397
265,53
221,590
603,63
362,76
10,373
7,372
146,4
172,216
26,562
180,367
227,105
286,187
246,1
547,83
383,100
2,542
211,359
249,93
146,298
154,219
337,243
25,346
203,574
164,208
24,215
190,216
240,339
216,50
38,4
839,76
17,450
26,238
65,155
350,540
240,105
6,176
222,571
261,452
261,217
771,63
207,132
233,160
241,569
560,346
169,41
26,187
179,176
423,63
136,75
185,320
543,102
123,94
334,336
141,320
240,56
266,483
132,496
732,29
664,30
239,83
227,126
331,126
227,274
68,481
143,326
456,491
257,155
676,255
720,263
850,12
255,238
559,65
9,83
12,177
224,42
343,76
405,81
68,82
805,76
501,17
66,408
549,250
125,412
407,474
233,525
38,413
536,83
220,29
238,563
240,413
2,63
125,529
281,244
2,362
265,217
849,506
200,373
735,92
346,123
23,507
535,18
247,257
54,176
734,257
166,339
199,458
143,507
267,41
159,337
240,318
79,63
227,449
228,381
554,76
349,98
247,41
149,411
13,126
851,81
851,335
26,341
252,446
247,39
156,478
550,76
216,160
146,411
68,132
833,125
791,524
130,3
214,247
697,491
285,27
221,125
240,497
4,390
22,446
256,477
350,574
251,81
154,7
149,102
199,542
39,313
151,63
242,350
96,346
794,320
146,187
348,34
201,300
673,491
791,346
150,562
141,81
602,42
722,217
333,372
129,42
258,243
232,44
164,185
497,7
251,363
280,349
186,346
754,153
420,76
30,449
90,575
169,249
165,313
149,341
144,95
280,42
210,477
203,380
210,176
199,468
285,569
562,507
16,12
693,11
258,257
164,500
282,412
246,63
212,359
3,411
255,297
344,386
165,293
346,221
407,126
185,126
227,427
180,30
449,392
66,305
23,209
329,412
216,238
267,323
154,24
405,518
340,548
14,472
420,63
149,424
549,63
189,375
66,463
333,563
242,541
368,346
166,412
535,76
228,542
225,401
157,14
241,432
501,446
211,243
240,362
349,94
10,298
405,39
239,29
215,125
559,107
677,541
171,335
158,411
11,548
342,423
233,177
216,497
732,125
124,76
518,255
601,222
210,548
227,243
169,139
25,160
792,76
833,477
169,465
0,177
263,101
211,322
824,93
242,346
189,452
207,126
825,574
143,464
270,452
232,82
456,7
214,63
186,209
351,308
619,217
232,182
125,14
26,83
257,276
240,82
533,81
267,63
792,39
280,89
9,332
169,367
38,298
66,76
228,354
200,9
247,243
349,346
171,120
236,193
26,373
184,440
456,341
24,224
67,1
12,446
323,83
196,322
201,335
232,317
534,180
227,413
242,460
0,515
222,265
420,75
540,373
3,507
562,125
22,162
340,82
225,209
153,76
242,512
199,216
65,358
224,76
29,76
427,452
476,367
215,82
167,317
409,63
181,187
98,81
679,418
22,45
266,297
425,223
393,478
194,113
139,313
333,51
54,12
549,9
825,216
150,346
227,144
149,386
233,393
199,574
164,536
227,40
333,17
268,452
701,63
125,440
227,489
165,386
427,468
6,277
362,395
501,335
831,563
144,188
833,42
24,452
225,70
351,126
226,501
815,456
144,512
419,491
266,160
833,574
52,61
242,214
135,243
186,243
221,327
136,548
133,574
203,346
241,393
588,548
3,291
141,76
160,216
196,77
86,423
546,293
735,574
153,14
176,504
750,55
781,155
138,346
242,184
379,320
169,361
346,575
220,275
45,255
246,277
246,177
239,480
718,63
79,449
576,507
39,193
164,266
227,224
23,62
833,250
149,96
165,14
627,236
214,110
346,14
233,155
282,42
571,322
131,555
228,29
610,222
847,81
283,346
721,126
384,74
202,185
220,440
313,126
138,449
17,76
153,455
408,162
242,263
169,224
0,322
67,412
1,362
242,400
224,243
256,242
794,521
164,149
830,67
299,3
57,290
144,242
731,7
146,54
541,224
153,219
171,38
10,54
67,217
265,162
349,184
286,290
611,575
791,126
214,569
249,63
53,76
159,162
558,156
597,174
156,243
140,63
607,380
556,390
24,375
363,63
338,126
610,126
392,81
154,320
255,255
709,507
242,232
164,7
286,520
214,160
199,541
145,444
171,93
349,433
67,216
225,550
214,209
211,249
374,183
150,432
169,126
11,165
665,76
51,66
156,275
238,217
25,575
835,494
258,162
23,373
169,402
265,193
303,39
400,412
132,402
207,63
25,12
542,548
214,116
130,396
830,326
241,449
257,335
214,548
495,572
767,490
814,513
255,42
176,247
850,480
236,217
747,291
163,226
319,491
166,289
186,373
456,458
272,217
453,76
439,177
584,205
405,63
10,282
2,521
129,444
114,288
731,81
229,534
181,276
228,373
166,491
38,262
212,48
826,83
255,478
535,403
803,491
349,114
559,491
68,548
790,182
66,346
43,63
131,341
242,275
4,474
556,126
240,354
14,12
149,403
293,76
462,184
96,216
227,198
143,504
280,41
276,480
182,302
16,317
139,321
129,31
370,29
539,297
333,217
392,501
242,262
758,63
429,63
164,387
25,77
38,290
208,137
203,358
10,368
539,419
5,497
425,303
38,187
348,349
234,217
249,295
350,94
233,82
23,77
24,12
606,213
149,291
174,401
125,44
212,314
349,267
142,177
156,369
351,148
257,95
213,390
65,393
3,548
227,123
240,83
239,176
163,49
379,272
14,346
606,320
257,373
5,521
141,390
379,295
692,349
4,574
752,76
604,446
181,152
235,41
280,113
146,9
475,258
771,374
179,337
155,402
149,302
761,411
8,449
153,575
721,373
384,100
242,373
220,504
173,93
5,63
767,491
38,322
201,482
790,63
349,286
521,63
144,513
262,126
623,176
349,275
344,331
627,548
176,380
39,346
156,290
501,126
362,125
13,575
233,304
255,15
664,446
269,346
326,76
546,153
833,187
118,76
165,250
805,217
3,346
160,491
349,154
145,501
258,540
255,14
199,162
624,548
265,346
327,63
26,411
554,140
171,412
726,412
267,509
825,548
220,491
594,76
704,346
203,181
571,76
536,76
131,76
169,568
349,160
546,76
144,209
111,288
215,290
830,250
38,392
225,501
357,81
388,346
272,238
169,346
498,63
70,76
135,346
153,81
26,217
228,298
795,238
227,46
281,28
329,446
10,132
240,563
393,335
549,390
207,2
482,287
211,320
587,548
383,341
317,60
234,265
546,322
247,158
830,507
68,490
198,452
242,386
169,502
169,501
475,449
343,41
12,396
681,76
232,275
212,266
814,233
134,217
13,346
419,446
393,76
847,440
256,275
122,63
225,287
349,390
760,288
217,206
149,109
284,412
826,373
439,265
254,458
257,503
194,289
266,408
199,529
791,495
150,16
7,373
449,322
337,449
11,176
495,126
792,289
265,543
245,63
210,322
25,41
153,393
694,217
164,384
424,474
228,401
213,326
449,180
79,433
137,569
222,55
23,423
305,574
239,446
149,222
328,63
425,224
285,110
159,448
819,491
0,521
687,183
384,372
228,82
228,37
549,354
337,346
140,322
308,412
798,41
194,81
623,574
792,482
0,187
265,42
260,132
146,217
68,235
349,93
139,238
508,354
265,322
169,266
482,446
170,401
215,75
149,574
6,449
88,574
183,449
149,475
68,313
137,301
207,548
79,446
437,216
182,449
824,126
165,507
559,412
3,9
211,267
149,495
211,449
675,76
246,474
285,76
23,125
65,217
546,354
166,387
201,548
227,5
142,75
826,12
847,491
169,363
349,382
164,92
225,411
840,449
362,480
215,449
67,408
283,458
222,490
16,76
379,246
623,187
799,63
168,125
543,187
65,37
132,452
134,243
12,132
270,76
67,76
227,542
150,110
194,9
68,42
3,289
227,41
253,373
16,548
829,76
824,524
39,500
211,361
1,400
112,7
164,449
607,177
852,41
242,379
215,337
594,187
449,126
7,362
98,90
124,216
141,244
226,63
6,521
24,302
123,217
168,575
339,540
137,41
499,63
159,81
535,433
139,81
814,63
0,9
535,372
143,176
559,574
157,4
225,210
497,83
379,331
274,480
201,92
143,39
824,232
750,346
156,449
144,574
167,542
196,81
169,482
282,176
668,76
227,80
254,474
253,110
351,346
349,126
240,478
535,110
391,63
237,491
124,321
346,433
1,39
107,32
233,187
136,373
345,81
222,396
222,393
637,346
420,499
256,363
155,81
153,433
199,349
8,243
221,326
711,387
22,568
3,412
562,449
129,495
4,449
166,324
124,65
355,450
5,164
331,397
172,346
556,217
426,83
253,244
222,175
543,412
203,575
282,63
243,214
212,482
403,81
22,93
349,95
234,575
214,14
65,504
734,347
142,255
439,18
341,373
508,42
185,569
171,355
141,397
627,125
719,217
803,63
237,548
280,49
38,331
607,199
13,132
160,500
850,209
342,481
379,412
169,70
215,219
10,346
14,574
847,263
282,257
98,232
58,63
233,456
2,515
475,63
221,86
214,154
143,42
67,126
185,512
185,255
543,507
202,63
169,321
523,347
227,495
105,76
559,41
181,126
153,217
156,548
227,112
228,102
681,7
237,76
623,76
5,324
132,61
255,575
272,499
671,432
209,63
169,132
319,541
169,433
725,76
149,465
339,40
236,453
818,423
113,288
53,373
833,209
150,289
286,541
351,243
11,574
246,40
425,382
583,548
554,216
149,355
140,548
65,500
189,423
328,126
123,491
164,220
482,99
562,216
537,126
161,412
830,423
149,276
343,440
549,524
164,173
21,76
607,250
242,246
391,257
155,238
149,542
270,9
543,216
211,89
549,412
25,63
221,85
57,322
176,534
266,387
267,355
15,83
192,126
57,575
350,317
125,387
10,177
225,4
227,143
242,250
742,500
255,550
346,37
54,507
227,242
266,81
181,474
150,387
535,548
246,393
179,40
709,404
11,76
57,209
66,125
171,363
201,137
83,216
9,81
185,507
383,491
208,412
427,126
349,193
158,563
456,575
13,83
169,372
0,243
833,363
790,495
159,176
239,289
260,482
617,327
345,217
155,521
242,42
392,355
35,76
265,160
550,243
247,9
251,289
146,559
482,491
165,36
165,12
246,491
495,481
569,373
43,446
26,354
143,446
234,257
236,126
227,75
280,346
12,458
789,563
68,270
211,62
179,548
146,507
341,423
383,76
715,433
146,63
164,41
350,458
11,257
789,126
157,373
824,62
38,574
792,317
543,9
240,423
536,8
210,457
157,458
836,372
280,29
168,529
57,373
280,81
603,412
168,542
7,550
286,32
243,347
210,132
146,71
232,575
8,548
501,217
225,500
132,160
537,270
286,76
164,155
251,482
502,83
137,393
7,238
11,31
0,39
141,193
800,569
799,548
227,12
190,137
251,446
179,452
243,76
604,542
225,492
284,386
265,276
851,90
169,217
22,83
37,63
5,446
227,220
179,432
849,37
286,63
333,216
10,125
26,474
238,574
495,209
227,209
203,548
217,386
349,540
132,257
837,12
405,371
475,18
226,574
174,12
253,452
349,583
218,503
407,81
275,480
425,492
37,548
225,537
851,187
149,123
831,524
265,93
68,298
286,180
143,8
211,412
546,243
280,182
205,346
222,113
11,63
383,548
164,101
543,341
6,373
281,27
792,139
216,9
246,217
142,116
495,184
176,76
171,324
165,45
61,446
280,373
97,63
735,566
564,83
101,521
715,572
650,30
833,304
734,160
379,41
68,536
850,81
199,446
368,373
222,132
826,412
343,432
130,31
250,125
26,449
844,257
209,90
391,571
265,27
249,446
734,348
343,358
713,548
216,83
145,402
286,382
618,548
169,365
273,412
833,51
233,233
18,480
202,137
214,320
265,355
721,76
179,574
535,126
11,289
156,574
142,110
212,313
3,39
830,83
405,346
196,492
628,465
285,346
368,125
202,257
254,244
124,187
263,76
20,54
227,433
439,176
792,520
150,81
572,574
329,322
17,126
233,275
349,78
694,63
624,458
439,110
544,63
40,221
226,216
824,176
145,432
222,412
253,474
322,76
377,320
254,411
165,446
760,322
328,76
67,344
281,346
6,362
232,187
427,402
575,38
830,187
156,81
342,373
497,574
201,574
144,402
194,548
257,93
149,182
669,485
166,216
6,41
141,217
226,524
831,412
143,224
149,439
732,452
83,76
233,548
832,514
265,524
246,386
125,173
351,408
299,491
164,285
689,520
251,423
265,449
331,236
184,515
225,321
13,322
125,267
586,349
550,92
149,172
623,335
156,367
20,76
843,123
850,243
146,373
349,64
33,7
143,209
283,76
208,89
421,81
227,45
45,76
358,83
228,217
734,313
4,125
180,263
334,41
202,449
153,9
143,322
211,286
246,529
131,452
164,332
199,263
156,501
232,9
349,278
129,27
165,40
683,449
764,76
286,291
496,81
425,137
171,238
195,29
164,329
214,507
221,569
146,18
673,347
374,372
229,569
227,482
172,446
229,238
280,217
6,322
11,255
198,449
226,491
562,373
535,412
424,41
195,418
65,372
240,112
8,362
156,282
390,226
163,83
146,320
381,413
333,193
721,204
261,258
225,313
123,335
620,412
23,187
674,76
233,531
71,452
225,257
12,275
229,126
195,81
221,217
274,54
257,449
334,446
153,538
405,548
453,41
169,274
157,76
215,63
234,322
242,303
227,18
240,132
194,39
535,562
225,386
824,346
558,393
23,524
145,372
482,9
497,372
339,458
25,118
144,575
724,452
229,243
68,145
727,491
26,86
243,412
149,493
225,216
210,90
164,250
403,390
194,452
156,303
239,491
228,297
83,126
222,446
682,63
419,372
425,187
556,373
124,14
381,348
124,289
23,520
25,216
243,341
19,126
225,65
257,176
52,40
156,42
291,63
830,386
346,179
249,257
169,446
216,256
648,453
157,317
239,322
709,491
153,209
622,491
346,354
200,76
456,449
211,63
818,238
211,363
241,548
149,289
258,317
13,1
2,411
154,575
323,140
131,155
796,449
7,39
258,355
486,382
241,53
156,386
155,86
165,67
166,542
164,548
251,477
546,366
259,114
268,238
9,39
143,12
322,140
255,412
51,346
238,81
651,347
202,491
209,81
179,373
265,302
269,446
211,67
351,421
154,14
79,440
149,40
543,76
212,423
213,458
208,243
212,95
792,216
208,355
185,76
257,346
241,86
130,244
349,40
333,126
2,507
143,363
397,71
549,446
164,76
130,277
136,63
216,420
186,71
68,274
265,480
166,3
235,452
825,266
319,477
577,76
125,424
130,41
240,583
9,209
617,320
300,313
74,492
83,110
138,313
212,290
352,346
349,162
239,76
253,126
254,277
262,86
166,18
207,76
169,287
145,548
66,314
145,488
475,387
693,349
228,238
562,126
161,372
221,263
265,291
285,160
149,303
164,352
558,83
349,81
797,76
240,317
543,126
265,361
131,556
144,322
227,189
611,63
352,548
228,309
362,86
281,187
241,521
240,81
379,440
155,548
426,9
343,155
15,63
196,526
752,474
222,572
733,349
351,317
138,373
229,182
482,176
9,177
732,386
229,412
851,483
17,408
242,482
13,244
96,548
164,118
149,346
427,83
246,367
211,216
208,555
227,550
226,360
228,8
692,74
66,217
173,507
228,207
799,126
5,347
241,81
239,390
242,14
753,436
597,373
129,63
37,411
41,250
165,354
125,41
668,480
280,275
131,563
621,175
610,550
267,419
526,412
180,76
3,76
207,81
425,367
735,491
242,198
342,313
145,305
7,289
265,221
286,529
52,354
106,125
190,341
185,491
319,216
239,341
185,502
66,423
240,250
164,542
23,11
391,390
733,275
750,335
251,178
132,81
149,136
110,7
255,168
185,48
232,63
790,458
4,548
167,449
207,187
425,160
167,250
159,480
243,491
130,402
221,412
233,390
823,421
352,137
209,89
771,217
633,205
149,9
374,93
131,289
339,347
602,305
179,232
649,126
339,536
281,139
226,397
210,83
66,563
145,14
173,238
156,286
146,346
550,41
616,216
212,209
580,83
164,39
222,390
221,562
97,217
281,243
767,76
286,216
274,515
241,373
812,276
324,63
349,541
426,423
123,575
233,458
227,474
79,126
423,446
537,63
647,99
27,452
26,412
12,277
266,12
339,491
149,399
425,433
22,209
210,243
171,574
417,95
350,324
247,563
220,126
207,348
43,412
800,81
199,322
125,217
250,341
247,373
255,83
286,153
23,83
131,275
211,206
840,556
143,349
495,160
256,37
362,18
67,483
607,548
227,29
39,574
108,491
576,373
182,322
249,317
682,42
273,217
12,81
247,276
58,491
146,206
164,211
241,186
559,228
216,187
227,320
67,492
218,83
281,89
265,12
482,217
149,290
6,275
164,172
164,275
131,408
426,153
7,164
254,373
724,330
142,387
225,346
825,95
251,126
2,349
227,277
734,107
95,117
439,217
13,3
349,487
497,390
190,446
215,247
25,458
146,176
281,216
227,26
79,81
265,341
150,523
144,185
214,125
170,363
842,123
346,373
166,360
682,137
282,452
164,446
156,255
246,60
277,63
222,373
280,320
142,575
608,81
15,238
265,367
228,444
64,63
172,40
146,446
338,386
251,366
140,444
240,401
146,153
241,517
831,526
125,590
825,125
227,289
169,313
811,63
285,355
156,520
242,255
146,348
123,216
350,63
164,114
129,305
174,346
261,412
194,83
66,267
343,193
826,574
129,41
42,160
833,126
122,276
22,372
203,216
767,217
167,339
169,232
624,465
779,542
247,295
309,63
199,168
362,317
198,491
617,486
132,41
2,277
173,317
465,524
563,243
331,440
804,125
131,216
704,76
272,126
203,452
142,247
225,491
229,452
725,349
840,95
169,243
131,125
225,575
351,94
65,96
211,95
348,524
550,402
562,335
153,482
347,327
199,313
535,42
220,574
346,41
150,76
826,548
149,47
586,63
323,76
271,9
181,257
227,9
52,217
349,14
420,550
130,491
8,411
65,71
26,548
43,76
144,155
200,102
678,81
196,217
286,590
636,452
241,257
211,563
163,132
597,458
123,358
851,492
228,349
339,63
281,526
351,491
153,126
199,155
844,76
265,482
620,76
131,354
836,76
427,95
227,72
155,102
349,387
246,14
589,480
144,76
797,216
156,492
282,7
15,187
65,46
150,45
562,82
168,257
159,346
758,446
216,209
215,122
159,574
164,9
135,83
687,349
144,341
5,184
166,404
16,480
394,83
4,126
624,446
237,449
6,83
230,126
227,552
268,63
253,255
52,373
176,241
255,224
250,18
759,349
203,126
165,569
240,255
254,110
243,83
242,368
186,76
53,423
216,474
173,7
175,70
149,349
389,372
383,81
241,37
199,402
218,63
467,548
349,82
801,63
405,243
14,548
3,563
10,92
337,125
420,41
341,63
604,480
655,358
164,402
258,210
282,373
852,217
239,177
417,574
390,458
13,582
227,311
142,563
381,48
246,477
713,491
285,81
661,63
141,95
130,187
483,563
154,81
385,303
145,403
254,322
165,482
425,126
13,492
374,373
420,347
824,355
180,217
227,177
797,238
724,81
268,382
154,126
237,412
59,95
588,449
176,574
0,126
165,524
23,452
388,76
715,357
667,63
144,355
675,126
225,291
125,378
209,574
374,449
144,39
350,288
227,50
38,266
620,548
833,307
211,443
349,515
211,314
182,452
228,397
257,41
201,155
176,61
67,540
352,132
228,9
849,186
494,491
149,244
750,110
145,95
333,560
392,548
150,529
558,491
790,563
149,489
138,76
227,215
150,405
241,259
190,177
681,98
166,322
65,390
234,125
222,372
215,50
592,574
826,386
498,58
150,122
331,234
281,29
214,433
201,495
282,18
210,110
701,346
202,187
68,60
814,444
209,491
618,132
393,574
210,116
26,452
156,536
216,129
841,123
23,263
46,83
1,507
747,243
623,126
194,223
833,490
286,82
149,483
154,501
280,500
24,257
181,373
407,449
343,446
508,126
8,521
701,500
81,216
341,7
256,166
1,449
247,82
210,126
286,217
143,59
495,83
594,216
164,338
367,243
240,372
68,39
176,41
347,347
833,56
849,452
844,63
852,76
145,562
281,18
166,257
267,483
138,412
397,491
529,37
212,347
185,314
203,307
5,449
225,206
233,346
748,238
23,42
265,483
375,491
851,346
274,126
723,548
561,12
286,412
240,358
691,349
144,433
227,232
712,125
119,81
541,89
11,275
24,41
222,126
152,358
23,182
125,460
145,76
125,275
242,382
131,89
165,297
224,349
228,482
789,9
140,452
169,48
330,255
790,216
362,63
708,160
149,456
156,364
68,83
157,204
221,255
222,552
13,243
12,93
57,126
811,446
594,349
136,60
179,73
69,216
246,82
564,156
8,322
255,346
852,386
167,194
242,2
53,217
535,575
246,155
274,412
341,126
229,372
388,216
217,480
343,125
144,449
331,7
616,373
281,550
577,335
747,548
38,397
85,305
267,337
9,548
829,12
284,215
350,313
419,12
852,187
268,255
219,449
227,507
343,291
250,412
331,302
706,76
482,548
81,81
169,359
232,289
413,37
402,574
351,322
536,452
675,395
24,313
227,228
12,491
343,408
194,501
227,275
439,432
660,126
143,575
200,452
79,125
831,574
266,63
222,289
760,76
247,304
667,37
79,57
210,263
719,76
554,81
236,81
224,446
420,153
524,354
143,277
164,550
38,275
437,123
231,76
257,313
403,436
852,575
4,243
156,346
227,276
273,446
176,446
65,216
9,402
149,133
52,491
350,126
351,177
65,11
281,162
334,384
285,524
22,187
813,177
482,412
155,491
798,257
343,346
725,412
346,411
10,574
216,307
1,125
597,574
713,480
505,20
213,216
15,412
771,373
284,81
156,402
351,263
568,82
791,216
664,81
6,3
97,126
171,322
225,392
726,346
565,83
103,90
82,126
52,110
415,81
165,373
227,364
832,110
123,125
164,305
831,400
194,296
164,86
621,45
88,449
98,305
149,284
155,233
198,339
68,257
405,446
265,255
156,41
830,126
340,81
217,507
216,341
190,412
220,573
262,491
10,14
243,354
280,465
339,386
143,490
736,317
169,521
725,341
367,63
5,14
265,404
181,31
210,574
405,412
232,143
351,540
705,349
284,461
284,257
2,465
197,501
169,18
65,354
143,346
174,246
839,126
164,584
241,405
334,140
267,526
222,123
226,155
228,75
24,60
66,490
265,337
150,83
460,44
211,507
274,499
831,63
156,456
153,125
249,76
620,153
419,76
124,526
227,526
256,187
57,166
536,45
351,187
38,194
852,284
4,383
125,452
1,521
181,240
264,412
241,63
265,491
181,193
149,329
23,12
273,125
825,176
283,322
280,93
242,345
185,250
167,373
825,62
22,373
181,412
799,37
609,1
791,574
349,110
280,548
241,341
65,76
791,81
341,449
227,86
272,480
146,198
153,7
272,79
66,329
182,373
425,63
10,39
13,387
436,126
26,176
38,37
229,494
275,538
212,354
141,444
425,380
6,81
164,227
221,449
201,209
406,81
789,346
64,521
255,303
164,568
350,373
257,386
349,458
615,243
233,335
124,203
611,213
115,288
611,482
135,177
734,99
240,373
165,392
760,320
265,535
225,37
165,37
794,326
386,126
790,548
321,320
237,83
287,76
346,458
541,126
87,346
824,313
250,524
495,240
831,126
220,76
129,40
760,313
142,265
141,412
197,126
573,76
212,574
502,217
448,238
509,289
351,287
368,76
146,313
208,95
701,521
266,373
167,482
342,548
164,89
124,111
754,305
67,177
149,44
423,54
65,386
684,217
164,125
341,424
249,289
643,572
497,216
686,548
833,568
227,386
242,360
473,52
265,382
814,501
179,440
22,75
174,397
153,563
26,116
850,26
250,155
165,76
146,126
164,400
496,320
167,322
425,155
185,358
265,541
166,574
792,250
220,255
535,590
146,83
547,491
791,412
4,224
239,373
179,446
342,563
349,507
169,125
265,137
240,573
286,99
181,397
240,515
374,217
319,366
164,411
180,98
165,187
670,126
215,548
562,452
776,63
143,223
196,176
251,491
682,304
123,346
225,276
257,384
669,81
202,313
222,402
216,6
237,575
834,449
439,83
824,412
227,261
814,81
604,222
200,243
247,548
175,217
267,257
184,95
3,169
38,495
176,529
831,355
669,76
7,411
372,81
247,70
806,373
682,412
4,232
514,458
822,42
483,263
239,255
242,387
669,29
744,491
343,260
818,256
79,421
202,125
65,503
221,411
140,83
144,295
23,14
0,266
190,563
212,387
141,126
604,491
225,476
167,81
281,503
166,9
172,572
280,206
232,266
819,126
143,314
239,347
677,462
265,293
239,449
168,317
227,296
38,63
227,393
833,217
325,76
344,41
536,349
449,372
6,507
792,574
150,41
225,347
92,83
196,7
621,372
150,571
349,335
194,42
9,41
723,125
732,92
143,482
196,182
185,139
3,18
229,76
12,244
165,346
124,524
10,176
334,373
506,63
688,63
11,402
0,63
268,341
38,433
19,524
543,327
849,491
286,523
0,346
149,238
209,83
239,529
185,497
38,260
224,393
167,412
165,217
500,155
286,89
95,126
623,63
233,575
65,348
439,50
15,232
833,67
350,322
281,41
668,531
26,293
207,349
324,76
767,384
850,495
537,30
225,289
166,517
406,243
159,308
9,216
747,126
18,126
68,63
514,548
227,478
23,449
824,95
696,328
2,176
332,460
241,216
156,105
336,216
225,449
227,541
362,83
65,81
106,373
682,500
595,349
135,183
165,418
182,76
273,372
79,1
153,373
258,458
143,344
817,220
79,372
525,322
256,181
221,41
362,586
266,402
26,76
803,132
851,255
164,122
258,386
501,233
205,266
806,18
222,12
164,282
132,176
159,217
123,321
213,363
596,575
182,75
11,93
264,548
420,320
225,337
125,55
165,83
172,324
233,93
339,548
349,358
16,155
8,346
367,76
222,165
212,42
129,165
264,491
238,548
210,93
227,27
15,255
66,12
144,116
241,12
851,126
70,126
235,76
169,571
847,548
482,63
322,63
213,290
167,446
121,76
338,346
53,37
652,520
623,586
789,238
216,46
546,574
268,394
665,83
144,332
712,82
616,548
668,548
331,317
38,289
268,27
495,198
149,568
156,37
390,404
174,257
164,14
4,76
185,449
141,380
155,412
222,575
391,548
261,491
826,55
251,125
146,433
426,502
668,132
246,108
721,395
396,83
38,286
241,541
164,40
123,9
220,474
257,322
196,82
122,341
284,243
255,76
214,18
607,76
129,275
344,81
272,538
421,346
215,110
438,346
285,433
163,515
54,491
426,489
240,548
396,71
849,504
274,449
164,34
242,353
475,90
227,302
257,139
149,42
141,187
215,126
181,39
830,491
233,355
136,446
223,216
228,126
265,446
226,515
146,263
149,251
649,125
3,404
134,63
280,244
383,48
316,412
257,317
212,243
38,3
227,182
333,348
4,166
624,575
2,452
179,301
227,477
299,42
165,474
83,255
146,550
129,402
544,492
123,322
546,63
144,126
228,440
68,452
143,83
327,521
113,7
123,14
281,14
149,220
185,282
590,1
240,386
208,177
384,187
220,37
186,255
164,67
677,175
144,82
701,349
223,42
143,60
227,529
398,71
247,63
410,511
57,52
378,176
804,289
96,62
54,126
23,110
212,562
177,303
240,313
186,176
149,295
68,101
803,257
156,495
243,355
333,347
515,320
265,280
190,126
597,275
25,448
266,125
358,346
8,452
98,99
791,45
168,373
199,93
255,355
162,412
140,81
125,182
181,349
194,423
194,265
349,432
228,125
270,46
623,423
159,575
832,187
265,257
652,349
439,199
257,574
216,347
525,548
833,63
326,521
37,187
164,572
286,116
285,458
122,449
283,83
215,116
54,373
221,574
374,243
280,490
546,41
268,90
254,452
150,18
136,458
68,26
832,216
185,412
159,423
173,548
350,93
350,412
402,71
791,422
168,46
220,216
2,82
190,318
517,82
167,548
118,94
256,40
483,321
144,289
168,574
267,507
379,160
852,126
339,210
556,82
65,125
261,125
1,177
250,452
179,39
68,521
251,187
621,216
164,160
254,354
214,574
384,257
169,326
350,366
23,45
140,412
2,324
174,243
234,452
364,76
12,89
850,37
840,76
179,449
547,518
268,335
191,126
242,137
131,162
238,63
426,386
143,125
851,319
25,82
130,444
65,446
8,137
341,209
208,540
129,277
227,532
261,76
155,512
831,187
209,137
352,575
131,83
249,373
281,221
502,358
186,500
150,29
227,110
176,155
830,360
850,449
160,12
25,42
439,73
149,347
349,446
266,412
10,83
134,83
1,9
149,464
181,41
68,512
423,209
67,574
153,390
216,137
24,550
185,56
709,446
5,373
159,491
342,216
577,507
349,524
450,125
286,313
137,81
240,257
145,63
2,50
560,14
81,386
334,402
5,189
209,313
242,324
124,548
39,105
140,217
5,458
176,14
174,118
157,83
159,449
418,452
150,550
208,390
22,346
172,452
543,238
535,452
241,9
849,386
653,346
236,4
5,43
225,360
240,341
233,452
187,58
761,317
145,380
734,41
130,342
138,574
337,452
825,423
139,455
247,217
169,507
201,0
686,290
251,452
274,548
25,574
179,575
4,187
393,401
45,217
222,243
15,452
817,105
713,346
265,41
216,126
242,402
211,289
242,589
211,492
403,372
251,346
68,575
134,81
344,269
176,215
546,81
26,267
146,563
362,126
168,137
341,267
216,358
337,216
265,507
833,354
237,125
306,1
246,313
198,63
832,81
451,548
349,89
68,458
247,93
253,12
264,336
140,184
64,81
140,372
201,238
132,286
168,37
65,373
156,347
268,515
347,491
164,216
251,448
225,125
495,276
535,541
250,266
234,449
537,76
600,7
342,491
839,81
620,433
239,401
240,382
177,491
150,38
267,12
123,542
159,452
361,491
849,432
209,93
215,257
285,82
243,132
236,76
349,453
817,76
5,183
258,126
9,521
213,446
209,501
176,482
666,160
424,217
242,125
609,243
830,321
221,75
132,413
286,394
792,491
791,458
23,446
155,250
608,48
11,408
220,423
272,373
379,126
331,258
125,143
264,155
169,386
228,274
280,224
266,452
185,589
266,53
65,3
814,529
742,446
837,346
185,67
22,29
227,185
157,255
330,76
228,390
173,465
276,412
352,433
233,90
199,491
241,177
558,63
11,177
284,76
150,4
541,63
212,548
225,571
246,440
164,386
106,126
132,203
549,317
537,313
564,243
498,397
190,63
212,390
211,360
350,75
199,575
830,76
260,282
214,417
755,548
1,209
164,288
4,289
176,289
8,164
536,44
199,335
149,330
167,474
164,242
215,216
222,563
11,394
169,347
207,358
125,63
159,41
228,495
232,497
412,63
199,238
146,155
169,373
439,216
342,13
8,176
790,238
215,264
228,246
668,373
12,31
247,83
144,150
406,490
241,93
167,386
6,125
258,232
228,243
830,526
825,12
539,423
146,95
281,125
208,54
824,586
125,297
614,1
675,176
203,492
624,491
482,4
144,153
267,387
181,335
227,60
156,326
280,257
771,182
242,26
227,47
38,480
143,481
12,401
236,346
173,574
139,563
250,93
280,446
131,243
24,303
391,387
155,386
209,540
283,548
5,12
351,444
42,217
850,217
743,373
720,132
166,40
624,287
818,70
129,412
848,341
146,185
67,150
205,494
223,275
171,354
1,277
143,469
195,63
149,572
4,507
367,476
3,480
228,548
242,370
23,243
850,524
290,81
280,181
237,265
719,125
840,63
58,7
547,346
178,372
726,63
5,18
171,255
150,63
23,480
165,397
346,76
165,184
215,574
79,412
712,349
194,432
145,216
150,548
150,423
501,83
268,387
246,276
208,83
541,305
24,238
281,76
215,417
537,11
164,232
234,76
564,373
130,449
225,402
255,110
3,373
227,390
338,232
68,386
155,439
210,490
791,48
242,50
181,574
349,17
228,4
227,130
227,429
196,45
575,63
79,575
342,453
23,63
251,40
240,14
170,347
427,187
166,177
182,471
407,548
176,301
227,440
385,548
183,317
247,113
246,45
849,346
266,346
684,548
439,153
226,162
8,373
202,486
266,446
146,335
348,63
153,114
156,432
68,468
243,452
268,217
149,579
571,358
221,423
282,125
67,7
281,7
137,257
453,490
242,173
419,548
830,48
190,491
125,449
215,4
686,330
385,224
238,373
176,315
537,177
156,154
221,548
171,446
155,154
149,212
3,277
358,76
149,275
52,83
352,491
225,373
539,491
560,217
427,76
164,187
149,477
180,589
5,76
543,217
212,326
268,41
123,298
483,550
594,213
227,266
125,515
12,548
344,373
144,83
24,317
11,491
849,125
790,217
1,81
149,372
620,137
344,449
670,217
392,42
265,412
677,315
176,518
181,255
131,346
677,289
199,243
66,93
351,449
26,313
123,8
198,548
240,390
331,76
348,226
319,548
419,322
339,541
54,216
164,238
754,349
351,503
558,76
144,466
211,122
251,1
97,243
201,39
349,224
146,355
790,45
94,76
6,139
813,63
199,177
156,322
733,217
243,256
824,216
393,83
267,480
139,40
221,444
226,76
394,446
225,495
14,63
146,116
256,313
670,76
228,494
150,495
251,575
253,277
598,548
183,513
623,412
243,513
195,346
196,373
273,216
549,286
342,449
11,401
286,123
269,217
215,217
426,76
164,480
385,446
123,187
229,4
792,126
78,412
340,126
179,175
194,153
349,243
153,407
677,373
195,290
725,387
350,278
137,14
12,563
682,491
686,76
226,157
233,532
265,526
161,500
668,81
145,480
266,526
175,446
337,298
0,164
220,495
166,346
839,346
240,210
146,540
852,452
35,148
241,423
223,548
849,81
215,113
280,495
833,62
240,153
183,501
146,271
221,9
765,63
690,81
68,248
124,446
284,126
750,412
347,503
824,373
38,563
155,432
68,373
169,291
7,507
164,290
144,18
814,403
590,457
176,75
337,491
405,571
13,12
286,12
475,39
213,313
752,7
616,446
690,217
183,155
50,114
454,373
242,347
421,449
38,387
164,326
227,219
68,491
273,480
150,492
225,396
198,177
256,7
567,177
146,449
566,38
23,71
228,95
228,422
240,449
535,9
833,215
559,275
603,222
439,420
156,244
340,322
193,160
156,187
789,541
851,449
4,412
2,373
343,331
227,91
358,548
351,411
423,275
134,177
261,37
0,548
255,329
214,518
349,216
478,51
215,177
233,449
784,126
149,449
146,440
182,233
535,260
143,357
242,542
25,348
12,550
833,571
125,553
757,402
207,454
54,548
123,132
255,361
38,257
67,313
164,105
358,373
257,452
227,257
179,185
211,39
79,322
425,353
166,448
851,574
285,344
734,412
333,326
266,419
143,150
164,277
379,563
211,346
16,346
351,176
831,491
149,58
684,63
208,574
227,81
392,160
269,243
495,243
764,155
285,217
2,412
7,137
144,105
404,286
155,153
483,177
83,354
38,217
227,155
193,126
212,126
721,548
225,154
176,4
750,446
227,545
850,346
427,14
132,238
222,449
149,255
185,12
243,574
399,491
12,257
176,373
123,574
322,83
757,386
143,67
156,4
483,126
140,449
212,276
153,263
241,175
366,574
146,541
334,275
38,412
201,584
125,524
549,304
646,572
23,575
427,433
156,359
625,548
535,12
129,394
482,449
213,7
23,343
246,524
226,405
164,219
132,243
666,71
14,216
112,288
339,521
201,439
242,326
149,5
156,505
168,570
427,216
405,449
143,92
240,116
833,577
256,1
420,548
495,402
149,578
250,63
242,348
194,393
131,81
225,41
227,411
169,500
156,125
149,257
216,518
181,337
439,503
10,284
213,76
343,172
52,548
199,393
176,466
238,411
830,182
149,397
730,433
215,563
9,524
241,507
339,449
167,507
265,453
44,574
830,359
832,449
849,412
96,380
233,412
194,125
688,126
266,317
132,495
12,402
242,571
0,289
725,83
150,526
851,423
532,160
312,572
319,30
797,63
251,217
156,349
823,63
215,162
664,76
200,50
149,226
241,372
256,387
242,95
350,449
1,63
257,569
0,373
37,449
164,59
144,491
241,263
271,63
654,126
849,569
334,346
797,449
831,45
154,373
183,1
609,222
68,137
23,464
643,45
726,500
136,412
244,387
66,322
145,266
222,518
17,63
537,518
12,411
345,563
824,372
155,114
561,336
3,137
351,574
67,491
831,132
149,335
196,105
183,81
164,412
123,383
209,373
227,590
79,574
220,185
230,514
146,423
384,48
180,82
221,243
341,223
280,486
124,63
379,449
143,217
122,491
307,491
234,368
386,569
427,275
257,42
24,125
706,341
242,446
281,257
169,153
241,95
274,291
15,346
242,469
550,354
346,244
68,347
156,474
760,348
137,480
242,30
194,160
624,81
797,39
686,423
12,76
23,307
143,589
145,12
709,12
349,550
179,423
118,548
68,18
349,4
280,99
227,497
68,324
19,63
408,217
601,548
740,452
222,524
275,412
263,320
160,372
23,41
852,548
65,233
603,126
208,446
265,422
196,318
379,181
136,126
181,147
253,411
68,110
847,480
68,309
66,548
615,380
349,276
199,125
851,82
15,178
149,324
268,354
15,363
227,454
689,137
172,126
281,373
238,412
176,193
6,7
5,81
168,386
168,354
12,3
537,575
38,477
569,203
255,433
233,317
4,39
334,286
251,449
831,363
7,548
4,63
197,63
270,515
318,63
185,392
255,468
68,175
195,508
176,432
164,540
212,476
164,380
270,373
347,63
833,449
805,373
760,500
123,153
352,81
66,540
734,548
141,114
343,433
257,160
194,154
559,95
266,41
562,187
201,341
114,7
166,126
425,244
157,95
221,188
265,37
174,76
541,26
792,63
138,321
225,517
852,412
146,123
66,446
825,355
346,135
166,76
249,322
67,452
282,491
343,305
398,491
171,483
172,412
337,82
610,76
730,409
11,89
384,63
207,452
537,81
425,216
150,363
13,95
144,257
97,563
349,574
222,171
86,548
319,81
149,153
221,458
220,355
246,346
65,52
125,45
745,276
833,548
349,155
179,500
215,346
535,500
165,183
182,290
176,63
333,125
13,284
222,398
239,132
182,12
406,232
338,491
284,458
847,388
246,278
9,403
48,160
243,346
483,9
227,39
200,257
211,550
571,363
168,491
211,281
140,382
175,216
239,524
227,284
386,361
66,317
58,475
426,572
146,445
342,482
49,289
629,465
247,45
343,156
668,39
1,322
0,474
267,408
420,446
608,572
164,479
57,131
603,548
179,226
0,50
164,322
211,56
38,126
559,257
129,335
426,491
273,346
750,452
225,512
233,563
10,126
268,257
249,217
228,289
210,289
155,289
513,574
265,110
709,63
243,81
403,63
174,63
225,177
150,390
824,548
347,7
66,363
750,548
550,495
248,491
620,449
761,185
265,46
136,386
164,127
136,61
13,9
764,293
852,135
222,41
186,347
562,63
140,12
149,37
408,155
164,359
350,588
200,574
190,60
286,402
351,509
233,126
791,238
203,402
272,413
146,305
67,372
345,63
156,368
535,470
249,341
168,452
265,178
346,452
346,296
626,548
595,125
68,81
239,243
349,518
550,286
125,9
384,76
98,456
351,324
268,449
108,76
149,499
219,63
143,373
814,574
164,258
627,449
283,176
483,458
734,373
831,395
253,83
668,63
588,486
185,335
203,63
706,126
247,450
228,446
22,574
241,258
38,110
831,322
367,224
175,372
145,353
385,458
831,83
830,132
383,250
24,209
668,433
792,83
164,141
240,501
682,81
382,276
22,480
830,7
166,172
242,3
268,497
166,501
737,456
525,160
693,255
201,50
582,548
2,216
286,449
560,412
185,346
257,321
221,368
695,548
165,356
254,346
324,126
135,412
72,41
195,217
169,304
172,255
560,548
226,373
281,478
165,440
792,55
223,176
682,90
149,263
338,317
87,548
153,12
1,289
241,380
362,42
267,491
3,63
236,452
150,563
124,349
725,347
143,542
630,465
144,67
227,149
830,249
342,426
824,83
284,293
832,217
57,76
208,501
124,373
423,412
286,139
337,95
607,491
211,423
546,480
4,373
8,39
590,76
169,65
350,444
351,160
764,84
232,0
171,373
153,440
258,412
170,412
146,322
749,63
139,423
227,93
242,440
270,187
211,476
338,313
241,89
730,373
339,412
838,548
547,574
345,337
131,548
171,515
138,423
546,86
633,572
125,37
831,326
789,495
684,81
145,346
584,63
497,76
96,126
397,83
240,263
675,346
68,275
542,412
221,63
176,279
550,449
220,412
53,81
0,507
272,446
228,347
17,373
50,380
247,177
241,244
168,266
344,63
216,337
146,118
379,346
156,397
240,521
155,209
832,63
184,37
81,449
559,126
199,569
25,93
214,175
199,404
682,30
212,67
424,446
504,37
150,162
195,574
270,465
482,341
237,354
424,444
11,550
216,482
169,522
349,15
268,575
54,423
156,420
267,347
511,1
814,512
68,402
344,548
767,401
222,297
743,446
68,286
536,126
227,527
355,125
170,386
247,176
259,71
185,321
849,110
150,65
167,90
15,574
257,329
150,317
6,289
181,217
272,491
208,257
227,354
224,286
675,7
266,76
239,95
286,505
349,87
227,471
680,126
141,507
169,210
167,266
391,372
9,412
211,316
29,574
235,444
4,67
222,151
679,446
825,346
164,453
69,39
144,380
827,125
4,307
565,38
149,317
619,76
38,373
256,569
169,483
330,446
8,412
682,575
256,5
790,513
426,81
167,574
164,81
136,90
7,176
266,337
483,341
726,76
190,548
493,491
6,279
15,482
280,529
124,153
145,358
588,373
200,255
165,289
346,358
146,390
1,542
215,491
851,95
251,209
156,537
267,160
167,326
57,452
394,491
267,216
216,344
174,184
142,73
23,50
164,171
172,217
825,63
203,132
5,491
611,1
490,63
25,256
242,296
851,491
275,413
38,494
240,296
150,458
140,457
851,238
257,238
23,303
545,490
216,267
214,375
757,317
2,548
222,548
233,387
66,481
607,412
203,349
814,121
5,120
203,373
169,62
166,125
425,346
184,160
831,354
456,541
403,411
367,83
319,446
65,540
543,257
68,292
22,509
67,347
190,276
280,126
242,372
389,216
161,449
791,76
656,548
99,286
265,548
227,358
19,480
180,412
68,341
720,548
243,322
615,433
225,249
13,393
258,297
214,346
242,341
251,507
227,125
757,426
733,95
164,314
136,275
350,90
363,320
239,170
185,434
179,313
48,358
257,242
150,59
449,216
789,216
840,569
265,373
254,29
174,322
141,45
209,555
181,129
226,81
165,495
201,9
222,75
574,63
501,81
614,346
155,563
79,354
331,347
389,507
143,519
272,243
241,481
144,125
179,506
543,446
556,76
286,176
241,62
66,126
605,63
57,187
760,326
129,126
241,168
142,270
286,372
12,408
26,243
202,574
227,327
816,492
4,83
13,495
844,54
164,144
98,125
150,408
176,480
239,428
625,126
285,60
847,452
144,238
275,238
153,216
824,238
233,286
319,95
149,376
146,182
792,354
142,403
38,38
145,42
798,347
546,113
9,76
539,95
123,320
346,572
483,515
169,443
168,474
833,50
243,320
704,386
280,571
728,401
251,62
274,538
8,83
146,125
176,73
847,238
518,230
623,322
318,71
149,383
143,353
150,123
94,126
267,446
271,515
242,390
256,452
274,217
149,46
406,29
2,76
255,286
3,336
246,449
153,82
562,76
227,422
26,93
238,354
214,449
453,524
221,373
123,276
22,412
13,177
24,137
542,113
349,491
391,9
281,42
174,71
227,304
176,423
682,126
208,335
180,411
169,250
536,541
246,402
3,489
145,373
578,83
66,483
767,548
349,153
851,575
286,521
257,2
337,378
538,154
125,573
341,452
249,82
197,339
18,63
202,571
12,509
682,153
68,322
852,90
242,349
255,330
425,349
131,394
346,548
12,346
241,289
227,563
211,41
194,110
224,89
269,474
164,30
850,402
155,449
338,575
242,143
349,449
351,221
724,581
165,337
458,298
239,155
135,217
176,260
194,574
225,81
780,126
26,423
830,396
233,17
501,304
251,412
190,373
334,563
424,90
4,90
157,412
221,347
155,216
163,497
165,39
241,232
502,70
138,563
227,444
392,216
333,98
227,168
427,322
246,465
406,65
239,372
164,46
149,81
6,501
742,117
124,296
199,515
3,217
233,249
541,393
216,500
225,361
543,123
502,491
358,101
539,233
825,93
280,335
349,63
824,266
14,255
270,184
849,241
134,76
241,155
833,14
232,76
186,63
166,307
246,390
482,125
404,395
319,59
22,11
606,67
341,14
692,126
166,317
10,412
53,507
233,491
251,76
228,288
6,123
214,412
23,574
668,187
164,373
134,412
68,156
183,574
491,574
391,575
87,344
109,76
790,76
144,236
349,9
669,313
141,440
715,563
267,394
635,452
339,524
725,449
833,446
257,354
136,76
170,440
393,71
792,93
814,412
22,449
199,126
270,63
339,391
286,497
257,575
220,569
153,156
165,491
136,358
123,184
164,75
386,548
393,509
9,411
22,116
607,217
142,29
145,189
227,335
358,7
549,548
250,305
135,354
164,293
849,266
578,373
5,277
742,76
439,247
334,125
501,243
584,449
282,449
787,52
214,126
247,155
137,346
79,217
242,529
144,452
362,37
241,70
31,548
100,548
227,419
791,9
543,91
456,349
10,243
169,569
849,450
143,76
232,378
482,346
250,507
136,500
209,548
149,512
701,76
227,184
164,346
23,108
242,126
227,473
747,491
831,48
540,548
211,187
265,432
1,176
164,501
689,474
846,176
242,258
166,397
502,373
825,217
149,320
223,103
606,63
143,412
240,11
145,411
42,491
210,94
137,548
350,243
199,449
214,387
265,243
256,529
4,346
4,521
571,346
146,215
53,346
153,246
277,242
439,449
546,382
106,346
181,153
373,322
167,491
156,162
146,386
175,71
164,246
255,574
268,432
241,482
144,25
131,446
710,160
243,449
850,41
271,322
455,346
726,548
663,156
648,99
144,476
254,385
194,446
200,266
237,216
65,337
22,491
157,12
23,386
771,494
135,63
227,65
144,390
543,455
25,81
164,3
185,63
134,9
239,452
23,112
169,496
8,401
268,176
227,423
164,209
123,317
555,522
153,267
214,76
537,39
185,372
456,147
692,90
146,474
754,76
268,422
172,317
283,7
146,262
266,182
265,540
43,548
242,491
2,187
149,160
141,263
585,548
38,335
240,187
150,217
393,126
374,216
138,40
362,449
146,569
220,303
251,480
349,372
227,305
831,402
426,176
550,405
696,83
208,187
283,257
265,318
142,126
53,63
136,187
68,587
823,574
370,373
384,491
232,297
171,317
747,76
220,373
68,440
851,177
258,574
367,373
718,373
240,458
220,63
6,238
286,308
209,177
280,411
23,126
242,361
216,63
194,105
261,81
145,491
164,137
734,349
65,522
346,529
123,305
575,548
2,9
9,217
406,458
246,41
9,446
153,110
221,491
159,126
68,291
349,187
383,474
407,583
190,452
146,275
286,373
550,346
358,423
255,491
163,563
547,81
830,400
252,524
349,241
0,81
68,547
789,7
9,387
281,258
216,18
215,137
764,320
385,187
254,101
333,322
165,81
428,63
125,491
174,157
68,123
16,390
427,548
227,286
241,412
67,490
5,289
331,491
246,373
282,322
851,562
286,122
285,550
266,491
79,67
546,489
271,5
131,500
266,524
249,574
14,347
228,41
424,548
849,548
792,445
176,491
140,424
140,126
825,83
144,590
146,529
344,177
38,132
227,200
57,145
369,326
239,335
220,286
201,42
610,62
11,126
349,324
181,81
227,290
6,349
227,572
164,330
196,372
268,187
173,322
164,364
180,505
14,412
226,449
157,81
38,452
349,317
203,67
10,296
132,216
197,176
222,83
