DrugBank_id,Uniprot_id,score
DB00091,P63098,0.8737876
DB00837,O75899,0.7279409
DB09186,P23975,0.99325275
DB00184,P02708,0.96401817
DB00416,P02708,0.93246305
DB05137,P02708,0.8615376
DB00728,P30926,0.9727192
DB00732,P30926,0.9398413
DB01135,P30926,0.97882956
DB05137,P30926,0.96455383
DB00728,Q05901,0.9447792
DB00732,Q05901,0.9279312
DB01135,Q05901,0.9666958
DB05137,Q05901,0.9051774
DB00728,Q15825,0.93663967
DB00732,Q15825,0.9149248
DB01135,Q15825,0.96747816
DB05137,Q15825,0.9415759
DB00728,P36544,0.92893064
DB00732,P36544,0.9417919
DB01135,P36544,0.96580774
DB05137,Q15822,0.9602876
DB00728,P32297,0.9682764
DB00732,P32297,0.93526393
DB01135,P32297,0.9796788
DB05137,P32297,0.96730936
DB00728,P30532,0.88808376
DB00732,P30532,0.8818657
DB01135,P30532,0.9394375
DB05137,P30532,0.87553585
DB00728,P43681,0.98712415
DB00732,P43681,0.96068764
DB01135,P43681,0.9859063
DB05137,P43681,0.9789211
DB00728,Q9UGM1,0.7575531
DB00732,Q9UGM1,0.81588
DB01135,Q9UGM1,0.8354799
DB00728,Q9GZZ6,0.8032721
DB00732,Q9GZZ6,0.837916
DB01135,Q9GZZ6,0.81395227
DB00728,P17787,0.95360625
DB00732,P17787,0.94408333
DB01135,P17787,0.97653735
DB05137,P17787,0.9677433
DB00245,P20309,0.9842588
DB00392,P20309,0.9983603
DB00670,P20309,0.9207795
DB00728,P20309,0.9916786
DB00810,P20309,0.9894196
DB01174,P48169,0.99968207
DB01567,P48169,0.9999765
DB06716,P48169,0.9685302
DB08811,P48169,0.70288
DB01174,P34903,0.9993819
DB06716,P34903,0.96292317
DB08811,P34903,0.6554931
DB01174,P31644,0.99871653
DB06716,P31644,0.95169926
DB08811,P31644,0.7053038
DB00849,P47870,0.99602115
DB01174,P47870,0.9976753
DB01351,P47870,0.9995187
DB01352,P47870,0.83787
DB01353,P47870,0.99801284
DB01355,P47870,0.99694073
DB08811,P47870,0.6810363
DB00849,P28472,0.9950675
DB01174,P28472,0.99657583
DB01351,P28472,0.9977021
DB01352,P28472,0.9193907
DB01353,P28472,0.9932868
DB01355,P28472,0.99493724
DB08811,P28472,0.70439607
DB01174,Q16445,0.99877346
DB01567,Q16445,0.9999477
DB06716,Q16445,0.9411896
DB08811,Q16445,0.67588216
DB00849,O00591,0.99496615
DB01174,O00591,0.99909353
DB01198,O00591,0.9851629
DB01351,O00591,0.99874866
DB01352,O00591,0.87123334
DB01353,O00591,0.99774235
DB01355,O00591,0.9932009
DB06716,O00591,0.9271388
DB08811,O00591,0.6378043
DB00849,O14764,0.99382067
DB01174,O14764,0.99854356
DB01198,O14764,0.989553
DB01351,O14764,0.9991325
DB01352,O14764,0.9414837
DB01353,O14764,0.9940012
DB01355,O14764,0.9914547
DB06716,O14764,0.9041852
DB08811,O14764,0.65564287
DB00849,Q9UN88,0.98712337
DB01174,Q9UN88,0.99582577
DB01198,Q9UN88,0.99075305
DB01351,Q9UN88,0.9950346
DB01352,Q9UN88,0.8946479
DB01353,Q9UN88,0.98972976
DB01355,Q9UN88,0.9804495
DB01567,Q9UN88,0.9961672
DB06716,Q9UN88,0.90990144
DB08811,Q9UN88,0.69154525
DB01174,P47869,0.99878645
DB06716,P47869,0.95985746
DB08811,P47869,0.66491544
DB00849,P18507,0.9980639
DB01174,P18507,0.9986981
DB01198,P18507,0.99793637
DB01351,P18507,0.9993698
DB01352,P18507,0.8394006
DB01353,P18507,0.99622744
DB01355,P18507,0.99777985
DB06716,P18507,0.951371
DB08811,P18507,0.6478564
DB00849,Q99928,0.98552763
DB01174,Q99928,0.98971736
DB01198,Q99928,0.9913853
DB01351,Q99928,0.98131466
DB01353,Q99928,0.97998524
DB01355,Q99928,0.982532
DB06716,Q99928,0.9567896
DB08811,Q99928,0.64916426
DB00849,P78334,0.9966297
DB01174,P78334,0.9995159
DB01198,P78334,0.9947898
DB01351,P78334,0.9989082
DB01352,P78334,0.8238081
DB01353,P78334,0.99446505
DB01355,P78334,0.9980062
DB06716,P78334,0.9294751
DB08811,P78334,0.64032435
DB00849,P18505,0.9973259
DB01174,P18505,0.9983675
DB01351,P18505,0.99877536
DB01352,P18505,0.9028751
DB01353,P18505,0.9978515
DB01355,P18505,0.997289
DB06716,P18505,0.94870126
DB08811,P18505,0.7201139
DB00849,Q8N1C3,0.9958121
DB01174,Q8N1C3,0.99821645
DB01198,Q8N1C3,0.9953725
DB01351,Q8N1C3,0.9984024
DB01352,Q8N1C3,0.82067573
DB01353,Q8N1C3,0.9966301
DB01355,Q8N1C3,0.99735975
DB06716,Q8N1C3,0.9586428
DB08811,Q8N1C3,0.6459863
DB06716,P14867,0.9640409
DB08811,P14867,0.69986165
DB01223,Q08499,0.978096
DB01303,Q08499,0.9389057
DB01113,Q08493,0.9599803
DB01223,Q08493,0.9431369
DB01303,Q08493,0.8153365
DB01223,Q07343,0.9723363
DB01303,Q07343,0.85176736
DB01113,P27815,0.98707885
DB01223,P27815,0.9807579
DB00235,Q13370,0.85247135
DB00651,Q13370,0.8306762
DB01166,Q13370,0.64609325
DB01223,Q13370,0.9415385
DB01303,Q13370,0.7575811
DB00277,O00408,0.99085855
DB00651,O00408,0.85906327
DB01113,O00408,0.9578161
DB01223,O00408,0.96055067
DB01303,O00408,0.68470937
DB01113,Q14432,0.96767634
DB00277,Q01064,0.90544236
DB01223,Q01064,0.7170518
DB00907,Q12809,0.9015237
DB00245,P08172,0.9906114
DB00477,P08172,0.99784404
DB00670,P08172,0.9320399
DB00810,P08172,0.9934578
DB00226,P25100,0.8849373
DB00334,P25100,0.9887272
DB00353,P25100,0.976374
DB00450,P25100,0.8927614
DB00699,P25100,0.794505
DB00852,P25100,0.9690587
DB01118,P25100,0.97311527
DB01149,P25100,0.9754866
DB01253,P25100,0.9765959
DB01608,P25100,0.9573285
DB06714,P25100,0.8928286
DB08954,P25100,0.8513835
DB00226,P35368,0.89136106
DB00353,P35368,0.9794696
DB00450,P35368,0.8727854
DB00699,P35368,0.8313359
DB00852,P35368,0.9797751
DB01118,P35368,0.98516816
DB01253,P35368,0.9774488
DB06714,P35368,0.905499
DB08954,P35368,0.8524208
DB00226,P35348,0.945014
DB00353,P35348,0.98535794
DB01118,P35348,0.9857648
DB01608,P35348,0.9806509
DB06714,P35348,0.94528884
DB08954,P35348,0.88803685
DB01021,Q13621,0.99898624
DB00695,P55011,0.87476027
DB00903,P55011,0.76269627
DB02925,P55011,0.7445093
DB08810,P28221,0.916261
DB09225,P28221,0.94237506
DB08810,P28222,0.9185661
DB09225,P28222,0.975052
DB00226,P18089,0.9067658
DB00353,P18089,0.98504114
DB00852,P18089,0.98813677
DB01253,P18089,0.9840063
DB06714,P18089,0.91713065
DB09242,P18089,0.95744354
DB00226,P18825,0.94208705
DB00353,P18825,0.9719065
DB00629,P18825,0.9783248
DB00852,P18825,0.9933251
DB01253,P18825,0.97583264
DB06714,P18825,0.94539803
DB09242,P18825,0.9682865
DB00226,P08913,0.9396248
DB00353,P08913,0.97926676
DB01100,P08913,0.52055943
DB01253,P08913,0.9794523
DB06714,P08913,0.94146216
DB00350,Q09428,0.514012
DB01119,Q09428,0.64372414
DB09220,Q09428,0.6788037
DB00245,P08912,0.989312
DB00387,P08912,0.9849788
DB00392,P08912,0.9948966
DB00411,P08912,0.98727816
DB00424,P08912,0.9856616
DB00462,P08912,0.9935052
DB00477,P08912,0.9910186
DB00517,P08912,0.9814885
DB00670,P08912,0.93784636
DB00728,P08912,0.9855238
DB00809,P08912,0.964805
DB00810,P08912,0.987175
DB01062,P08912,0.9557023
DB01231,P08912,0.9839877
DB09300,P08912,0.98594534
DB00728,P11229,0.9941298
DB09300,P11229,0.9972755
DB00245,P08173,0.9886835
DB00392,P08173,0.9980885
DB00462,P08173,0.9865451
DB00477,P08173,0.99658763
DB00517,P08173,0.97751033
DB00670,P08173,0.94078934
DB00728,P08173,0.9949616
DB00810,P08173,0.99418795
DB01062,P08173,0.9917949
DB01231,P08173,0.99169046
DB09300,P08173,0.98756427
DB01608,P14416,0.91840917
DB01608,P28223,0.90377903
DB09225,P08908,0.9895356
DB01608,P28335,0.8055953
DB04908,P28335,0.88433063
DB04946,P28335,0.98541135
DB08810,P28335,0.9623125
DB00334,P41595,0.9949608
DB00370,P41595,0.98888147
DB00656,P41595,0.9807533
DB01608,P41595,0.8485948
DB04908,P41595,0.88812524
DB04946,P41595,0.9743223
DB08810,P41595,0.9426309
DB01002,Q14524,0.98464537
DB01086,Q14524,0.98431027
DB01118,Q14524,0.99720955
DB00527,Q9UI33,0.7835346
DB01002,Q9UI33,0.9562928
DB01086,Q9UI33,0.92639923
DB01118,Q9UI33,0.910005
DB01195,Q9UI33,0.79479223
DB01118,Q9Y5Y9,0.9410084
DB01195,Q9Y5Y9,0.9341836
DB01426,Q9Y5Y9,0.52923286
DB01429,Q9Y5Y9,0.5428878
DB00527,Q9NY46,0.7770504
DB01002,Q9NY46,0.9512743
DB01086,Q9NY46,0.942567
DB01118,Q9NY46,0.9396906
DB01195,Q9NY46,0.83744574
DB00527,Q99250,0.82791805
DB01002,Q99250,0.9386638
DB01086,Q99250,0.98070157
DB01118,Q99250,0.9392023
DB01195,Q99250,0.8701089
DB01429,Q99250,0.529455
DB00527,P35499,0.80075324
DB01086,P35499,0.95579594
DB01118,P35499,0.91296005
DB00527,P35498,0.7886443
DB01002,P35498,0.9311881
DB01086,P35498,0.956056
DB01118,P35498,0.9591935
DB01195,P35498,0.8367054
DB01429,P35498,0.5250316
DB00527,Q15858,0.76504564
DB01002,Q15858,0.93754643
DB01086,Q15858,0.9607185
DB01118,Q15858,0.8787386
DB01195,Q15858,0.82323885
DB00527,Q9UQD0,0.80832005
DB01002,Q9UQD0,0.93207186
DB01086,Q9UQD0,0.96798694
DB01118,Q9UQD0,0.9212106
DB01195,Q9UQD0,0.85312146
DB00882,Q92731,0.93778116
DB00890,Q92731,0.99144065
DB01357,Q92731,0.98989564
DB02187,Q92731,0.9972727
DB01623,P35462,0.94390345
DB00617,Q13936,0.8147181
DB00617,Q13698,0.8002205
DB12278,Q13698,0.9053008
DB00617,Q01668,0.795086
DB12278,Q01668,0.89705193
DB00617,O60840,0.8579162
DB12278,O60840,0.887788
DB00740,P42262,0.50026053
DB00740,P42261,0.50249916
DB01204,Q02880,0.8988736
DB06013,Q02880,0.9197275
DB00277,O95263,0.91526806
DB00651,O95263,0.7473953
DB01113,O95263,0.78981435
DB01223,O95263,0.84474576
DB01303,O95263,0.536337
DB00651,P29275,0.868365
DB01223,P29275,0.9795319
DB00277,P54750,0.92869455
DB00651,P54750,0.6365605
DB01113,P54750,0.9382545
DB01223,P54750,0.78767186
DB00277,O60658,0.9268295
DB00651,O60658,0.6856284
DB01113,O60658,0.8266834
DB01223,O60658,0.8363472
DB00277,Q13946,0.9457208
DB00651,Q13946,0.80107117
DB01113,Q13946,0.8864709
DB01223,Q13946,0.88883066
DB01303,Q13946,0.62532365
DB00277,Q9HCR9,0.9746903
DB00651,Q9HCR9,0.8074322
DB01113,Q9HCR9,0.957291
DB01223,Q9HCR9,0.9306666
DB01303,Q9HCR9,0.64807576
DB00277,Q9NP56,0.9011737
DB00651,Q9NP56,0.69299394
DB01113,Q9NP56,0.7598325
DB01223,Q9NP56,0.802228
DB01303,Q9NP56,0.53412485
DB00277,Q9Y233,0.93335474
DB00651,Q9Y233,0.88425463
DB01223,Q9Y233,0.8865782
DB01303,Q9Y233,0.75293505
DB00277,Q14123,0.9344611
DB00651,Q14123,0.6825863
DB01113,Q14123,0.945814
DB01223,Q14123,0.82039577
DB00429,P43088,0.9641844
DB00309,Q13509,0.92579603
DB00541,Q13509,0.9492127
DB00309,P68371,0.9215497
DB00541,P68371,0.9673252
DB00309,Q9BUF5,0.8315228
DB00541,Q9BUF5,0.8711128
DB00309,P07437,0.9605729
DB00541,Q9H4B7,0.9845586
DB00309,Q13885,0.91300756
DB00541,Q13885,0.9472992
DB00309,P04350,0.8991742
DB00541,P04350,0.9343694
DB00703,P35218,0.98560417
DB00819,P35218,0.9784399
DB00869,P35218,0.91825926
DB01144,P35218,0.9813603
DB00703,Q9Y2D0,0.9814769
DB00819,Q9Y2D0,0.9775958
DB00869,Q9Y2D0,0.8857826
DB01144,Q9Y2D0,0.9717108
DB00869,P43166,0.9257067
DB00703,Q16790,0.9154873
DB00819,Q16790,0.9278666
DB00869,Q16790,0.8189041
DB01144,Q16790,0.9234215
DB00703,O43570,0.9842156
DB00869,O43570,0.8956481
DB00313,P80404,0.7952651
DB00313,Q05329,0.5370722
DB00313,Q9P0X4,0.79758596
DB00313,O95180,0.8362834
DB00313,O43497,0.8819475
DB14006,P35354,0.9176734
DB14006,P23219,0.92727625
DB00914,P54646,0.8181305
DB00740,Q12879,0.5825914
DB00514,Q05586,0.9532531
DB00740,Q05586,0.6492097
DB00514,O15399,0.92914116
DB00514,Q13224,0.94999826
DB00740,Q13224,0.60738665
DB00514,Q14957,0.92164624
DB01118,Q14654,0.96690625
DB01244,Q14654,0.822873
DB09220,Q14654,0.5766141
DB00363,Q8WXA8,0.81100833
DB00370,Q8WXA8,0.54089576
DB00377,Q8WXA8,0.6337125
DB00904,Q8WXA8,0.80765116
DB00969,Q8WXA8,0.7386947
DB04885,Q8WXA8,0.7703451
DB09068,Q8WXA8,0.5689054
DB00363,A5X5Y0,0.86812496
DB00370,A5X5Y0,0.65683925
DB00377,A5X5Y0,0.67217875
DB00904,A5X5Y0,0.8247199
DB00969,A5X5Y0,0.7763778
DB04885,A5X5Y0,0.8116255
DB09068,A5X5Y0,0.674477
DB00363,O95264,0.9320381
DB00370,O95264,0.74549156
DB00377,O95264,0.7646235
DB00889,O95264,0.7300053
DB00904,O95264,0.8906599
DB00969,O95264,0.8401491
DB09068,O95264,0.7774593
DB00370,P46098,0.85618937
DB00363,Q70Z44,0.8712435
DB00370,Q70Z44,0.6224953
DB00377,Q70Z44,0.6904231
DB00904,Q70Z44,0.83016956
DB00969,Q70Z44,0.77468175
DB04885,Q70Z44,0.8102397
DB09068,Q70Z44,0.6896508
DB00852,P13945,0.99001634
DB01214,P13945,0.93667144
DB01359,P13945,0.9812735
DB09013,P13945,0.9568661
DB01092,Q13733,0.7882695
DB01158,Q13733,0.6149374
DB01244,Q13733,0.6464275
DB01158,P13637,0.7466361
DB01244,P13637,0.7821178
DB01158,P50993,0.7004881
DB01244,P50993,0.73474896
DB04868,P09619,0.8647108
DB01169,P10276,0.63572234
DB00480,P01375,0.9322125
DB01041,P01375,0.78436697
DB00563,Q86XF0,0.9013642
DB00642,Q86XF0,0.8762333
DB01157,Q86XF0,0.710111
DB06813,Q86XF0,0.90264714
DB04868,P16234,0.8884198
DB00648,P05093,0.79146546
DB08964,P34995,0.99565953
DB00928,Q9UBC3,0.7034906
DB00996,P30531,0.5916199
DB01118,P51787,0.9536503
DB01118,Q15842,0.9672602
DB01244,Q15842,0.7390934
DB01118,P48544,0.9231018
DB01244,P48544,0.6026963
DB04855,P48544,0.9764271
DB01118,Q14500,0.91166955
DB01244,Q14500,0.64518255
DB01118,Q9UK17,0.8631846
DB01244,Q9UK17,0.74943733
DB01118,P48549,0.95943725
DB01244,P48549,0.7114386
DB01244,P22460,0.54238194
DB01418,P15559,0.531686
DB01612,P33402,0.59660167
DB01612,Q02108,0.5885588
DB01612,Q02153,0.58960885
DB03880,P08253,0.88385266
DB03880,P14780,0.8654807
DB08810,P28566,0.9119868
DB09225,P28566,0.93307763
DB08810,P30939,0.8152956
DB09225,P30939,0.8776929
DB08875,P30530,0.8645976
DB08910,P05231,0.51051
DB12548,P30556,0.9602666
DB04839,P04150,0.99155605
DB01440,Q9UBS5,0.5385364
DB01579,Q01959,0.98970664
DB04889,Q01959,0.98934495
DB00217,P23975,0.96189624
DB00397,P23975,0.98746026
DB00865,P23975,0.99757165
DB01158,P23975,0.9097432
DB00474,P47870,0.9735385
DB00599,P47870,0.99404347
DB00659,P47870,0.5879126
DB04903,P47870,0.95465994
DB06470,P47870,0.9535743
DB06579,P47870,0.9794943
DB00474,P18507,0.97597
DB00599,P18507,0.9936735
DB00659,P18507,0.5741515
DB00962,P18507,0.9121334
DB04903,P18507,0.9687292
DB06470,P18507,0.95624715
DB00474,P34903,0.9859327
DB00659,P34903,0.6145905
DB06470,P34903,0.954261
DB00474,P28472,0.98028374
DB00599,P28472,0.9924866
DB00659,P28472,0.592242
DB04903,P28472,0.96115446
DB06470,P28472,0.9580474
DB06579,P28472,0.98445815
DB00474,P48169,0.9917817
DB00659,P48169,0.6409756
DB04903,P48169,0.95291233
DB06470,P48169,0.9582909
DB06579,P48169,0.9646004
DB00474,Q99928,0.92240846
DB00599,Q99928,0.96921873
DB00659,Q99928,0.5211781
DB04903,Q99928,0.9548069
DB06470,Q99928,0.94376314
DB00474,Q9UN88,0.96959955
DB00599,Q9UN88,0.97755146
DB00659,Q9UN88,0.5790427
DB04903,Q9UN88,0.93025523
DB06470,Q9UN88,0.94578946
DB06579,Q9UN88,0.95198613
DB00659,P14867,0.64228714
DB04903,P14867,0.9687109
DB00474,O00591,0.974548
DB00599,O00591,0.98112077
DB00659,O00591,0.6072857
DB04903,O00591,0.9251338
DB06470,O00591,0.94196606
DB06579,O00591,0.92028314
DB00425,P18505,0.88078725
DB00474,P18505,0.9855483
DB00599,P18505,0.9958273
DB00659,P18505,0.61616486
DB00962,P18505,0.9115664
DB04903,P18505,0.94956094
DB06470,P18505,0.9593911
DB06579,P18505,0.9817402
DB00474,Q8N1C3,0.9735111
DB00599,Q8N1C3,0.99283564
DB00659,Q8N1C3,0.57493603
DB04903,Q8N1C3,0.9600812
DB06470,Q8N1C3,0.95203435
DB00474,O14764,0.9673878
DB00599,O14764,0.9863615
DB00659,O14764,0.6402287
DB04903,O14764,0.93895423
DB06470,O14764,0.9406449
DB06579,O14764,0.9586213
DB00474,P78334,0.977924
DB00599,P78334,0.98835295
DB00659,P78334,0.5830494
DB04903,P78334,0.93953943
DB06470,P78334,0.9435824
DB06579,P78334,0.95484716
DB00474,P47869,0.98979455
DB00659,P47869,0.6467547
DB06470,P47869,0.95060253
DB00474,P31644,0.9925167
DB00659,P31644,0.6131813
DB04903,P31644,0.9572013
DB06470,P31644,0.9545123
DB00474,Q16445,0.9913248
DB00659,Q16445,0.6263548
DB04903,Q16445,0.95532894
DB06470,Q16445,0.9542715
DB06579,Q16445,0.97556937
DB00187,P07550,0.9755212
DB00988,P08588,0.98897344
DB00188,P40306,0.82955295
DB00188,P49721,0.8681097
DB00188,P28062,0.87660456
DB00188,P28065,0.8943569
DB00188,P25788,0.6246017
DB08889,P25788,0.71566975
DB01250,P37231,0.93990374
DB00277,P0DMS8,0.96267396
DB00806,P29275,0.8810689
DB00202,P02708,0.9830758
DB00728,P02708,0.8365339
DB01135,P02708,0.9252639
DB01199,P02708,0.8912455
DB01226,P02708,0.8711311
DB01245,P02708,0.92558557
DB01336,P02708,0.9267869
DB01337,P02708,0.8847939
DB01338,P02708,0.85547316
DB01339,P02708,0.8765091
DB04834,P02708,0.84697753
DB00806,O76074,0.94800216
DB05266,O76074,0.81904685
DB00536,Q12809,0.50270516
DB06637,Q12809,0.94234717
DB11640,Q12809,0.8790655
DB00219,P20309,0.9864523
DB00782,P20309,0.994676
DB00979,P20309,0.9775516
DB00782,P08172,0.99649495
DB00610,P35368,0.9768243
DB00797,P35368,0.9426643
DB00610,P25100,0.97319156
DB00726,P25100,0.9760895
DB00797,P25100,0.9253582
DB00397,P35348,0.99171954
DB16690,P51164,0.9268726
DB16690,P20648,0.9012356
DB00918,P30939,0.989567
DB01191,P30939,0.81844807
DB06288,P30939,0.79681504
DB01191,P28222,0.97415906
DB06288,P28222,0.9884365
DB01191,P28221,0.95601976
DB06288,P28221,0.9435174
DB01625,P11229,0.99544877
DB13720,P11229,0.99369013
DB00414,Q14654,0.9800612
DB01067,Q14654,0.8670867
DB00228,O95069,0.6119419
DB01159,O95069,0.9190664
DB01189,O95069,0.67080086
DB01236,O95069,0.73404264
DB01189,O14649,0.5451129
DB01236,O14649,0.5750361
DB00228,Q9NPC2,0.5809969
DB01189,Q9NPC2,0.6225198
DB01236,Q9NPC2,0.719962
DB00228,P48167,0.9705614
DB00753,P48167,0.9639739
DB01028,P48167,0.9615741
DB01159,P48167,0.9900446
DB01189,P48167,0.96291065
DB01236,P48167,0.97174585
DB00230,Q06432,0.60604
DB00996,Q06432,0.79779595
DB01244,Q06432,0.83295566
DB08872,Q06432,0.63443077
DB00230,Q9BXT2,0.5198784
DB00996,Q9BXT2,0.7200473
DB01244,Q9BXT2,0.66919315
DB08872,Q9BXT2,0.63787127
DB00996,O60359,0.60373884
DB01244,O60359,0.6776529
DB00996,Q8WXS5,0.60889494
DB01244,Q8WXS5,0.68714494
DB00996,Q9UBN1,0.63889074
DB01244,Q9UBN1,0.6739918
DB08872,Q9UBN1,0.51770175
DB00996,Q9Y698,0.64751494
DB01244,Q9Y698,0.7324401
DB00996,P62955,0.6213232
DB01244,P62955,0.6953612
DB00230,P54284,0.5636553
DB00996,P54284,0.7529733
DB01244,P54284,0.8298315
DB08872,P54284,0.61869705
DB00230,Q02641,0.6072072
DB00996,Q02641,0.82383
DB01244,Q02641,0.8739668
DB08872,Q02641,0.69708604
DB00230,Q08289,0.61305726
DB00996,Q08289,0.8224966
DB01244,Q08289,0.88031626
DB08872,Q08289,0.68431664
DB00230,O00305,0.57559985
DB00996,O00305,0.8385684
DB01244,O00305,0.862537
DB08872,O00305,0.6967423
DB00996,Q9UF02,0.6475659
DB01244,Q9UF02,0.62510926
DB08872,Q9UF02,0.5233302
DB00230,O60840,0.6291199
DB00528,O60840,0.8762995
DB00996,O60840,0.86638105
DB08872,O60840,0.74476373
DB09227,O60840,0.9973197
DB09237,O60840,0.9870985
DB00230,O95180,0.59242547
DB00347,O95180,0.92435265
DB00617,O95180,0.8723461
DB00996,O95180,0.8529295
DB08872,O95180,0.7112371
DB01244,P54289,0.8087586
DB00230,Q13936,0.6443235
DB00528,Q13936,0.8656434
DB00996,Q13936,0.883073
DB08872,Q13936,0.6995388
DB00230,Q15878,0.608143
DB00996,Q15878,0.90822285
DB01244,Q15878,0.8455812
DB08872,Q15878,0.7379745
DB00230,Q13698,0.6396553
DB00528,Q13698,0.8603126
DB00996,Q13698,0.8622447
DB08872,Q13698,0.6907495
DB09227,Q13698,0.9891447
DB09237,Q13698,0.9897183
DB00230,O00555,0.6988111
DB00996,O00555,0.94109935
DB08872,O00555,0.76544344
DB00230,Q00975,0.70633876
DB01244,Q00975,0.9578657
DB08872,Q00975,0.7692963
DB00230,O43497,0.6293691
DB00617,O43497,0.9527653
DB00996,O43497,0.88155985
DB08872,O43497,0.7221083
DB01244,Q7Z3S7,0.6884726
DB00347,Q9P0X4,0.9487454
DB00996,Q9P0X4,0.8315961
DB08872,Q9P0X4,0.6308517
DB00230,Q01668,0.61239225
DB00528,Q01668,0.8465616
DB00996,Q01668,0.8572124
DB08872,Q01668,0.65433425
DB09227,Q01668,0.9922067
DB00606,P55017,0.9683574
DB00806,Q14432,0.9370161
DB00975,Q14432,0.8306359
DB00296,P35499,0.93424624
DB00297,P35499,0.9371629
DB00379,P35499,0.6820518
DB00645,P35499,0.9460785
DB00740,P35499,0.70412606
DB00754,P35499,0.62570554
DB00794,P35499,0.7451734
DB01035,P35499,0.65079385
DB01121,P35499,0.79308194
DB01173,P35499,0.89991635
DB01438,P35499,0.9292763
DB04855,P35499,0.93160045
DB06218,P35499,0.9556552
DB14575,P35499,0.7700509
DB00296,Q14524,0.9836756
DB00645,Q14524,0.98236656
DB00794,Q14524,0.9268139
DB01121,Q14524,0.93345976
DB01173,Q14524,0.9665283
DB01438,Q14524,0.9427112
DB04825,Q14524,0.5901004
DB06218,Q14524,0.9743374
DB14575,Q14524,0.94198436
DB01250,P09917,0.9709034
DB03585,P23219,0.98429215
DB08951,P23219,0.9375539
DB13167,P23219,0.9685089
DB03585,P35354,0.9907789
DB04817,P35354,0.97511405
DB08951,P35354,0.96101093
DB00767,P14416,0.87104625
DB04836,P14416,0.93447924
DB00450,P28223,0.95652103
DB00831,P28223,0.9891847
DB01038,P28223,0.981398
DB01100,P28223,0.905745
DB01191,P28223,0.99161166
DB04832,P28223,0.53607666
DB00340,P28335,0.8499688
DB00679,P28335,0.9670431
DB00831,P28335,0.97992295
DB01038,P28335,0.94942504
DB04832,P28335,0.5100239
DB06288,P28335,0.9852751
DB01191,P41595,0.9747202
DB06288,P41595,0.9717928
DB01191,P08908,0.99075985
DB06288,P08908,0.9934222
DB00379,Q9Y5Y9,0.7659583
DB00680,Q9Y5Y9,0.59480554
DB00740,Q9Y5Y9,0.74774355
DB00754,Q9Y5Y9,0.7472247
DB00794,Q9Y5Y9,0.7979832
DB01035,Q9Y5Y9,0.8014105
DB01121,Q9Y5Y9,0.85985863
DB01438,Q9Y5Y9,0.9530346
DB04855,Q9Y5Y9,0.9458296
DB14575,Q9Y5Y9,0.8243165
DB00296,Q9UQD0,0.9234891
DB00379,Q9UQD0,0.61518097
DB00645,Q9UQD0,0.93207884
DB00680,Q9UQD0,0.51619637
DB00740,Q9UQD0,0.7181153
DB00754,Q9UQD0,0.6474331
DB00794,Q9UQD0,0.72330165
DB01035,Q9UQD0,0.6266209
DB01121,Q9UQD0,0.8410638
DB01173,Q9UQD0,0.87962914
DB01438,Q9UQD0,0.9394865
DB04855,Q9UQD0,0.93922156
DB06218,Q9UQD0,0.9550802
DB14575,Q9UQD0,0.8213314
DB00296,Q9UI33,0.95094097
DB00379,Q9UI33,0.5950315
DB00645,Q9UI33,0.9334692
DB00740,Q9UI33,0.599922
DB00754,Q9UI33,0.65376246
DB00794,Q9UI33,0.76915157
DB01035,Q9UI33,0.66277695
DB01121,Q9UI33,0.8455189
DB01173,Q9UI33,0.8939926
DB01438,Q9UI33,0.95078945
DB04855,Q9UI33,0.9182679
DB06218,Q9UI33,0.9704255
DB14575,Q9UI33,0.78284544
DB00252,Q01118,0.97840863
DB00280,Q01118,0.7505361
DB00281,Q01118,0.93215925
DB00296,Q01118,0.8701544
DB00379,Q01118,0.5640778
DB00532,Q01118,0.80739725
DB00645,Q01118,0.9030529
DB00721,Q01118,0.96183604
DB00740,Q01118,0.66062677
DB00750,Q01118,0.61097276
DB00754,Q01118,0.6587694
DB00794,Q01118,0.81699353
DB00807,Q01118,0.9578997
DB00892,Q01118,0.97877437
DB00908,Q01118,0.7905486
DB00909,Q01118,0.99417543
DB00961,Q01118,0.8521412
DB01035,Q01118,0.6595735
DB01056,Q01118,0.61663187
DB01121,Q01118,0.8312828
DB01173,Q01118,0.8462391
DB01320,Q01118,0.7681228
DB01438,Q01118,0.940965
DB04855,Q01118,0.96431416
DB06201,Q01118,0.7815807
DB06218,Q01118,0.9447241
DB09119,Q01118,0.9630367
DB14575,Q01118,0.8046063
DB00296,Q15858,0.92996293
DB00379,Q15858,0.52054626
DB00645,Q15858,0.9087466
DB00740,Q15858,0.6241528
DB00754,Q15858,0.56191814
DB00794,Q15858,0.6885188
DB01035,Q15858,0.59758645
DB01121,Q15858,0.77983505
DB01173,Q15858,0.83544093
DB01438,Q15858,0.93970746
DB04855,Q15858,0.89416647
DB14575,Q15858,0.7709386
DB00296,Q99250,0.9337556
DB00379,Q99250,0.6782676
DB00645,Q99250,0.9469954
DB00680,Q99250,0.5189614
DB00740,Q99250,0.7359603
DB00754,Q99250,0.6998021
DB00794,Q99250,0.79623735
DB01035,Q99250,0.6229061
DB01121,Q99250,0.8675628
DB01173,Q99250,0.926171
DB01438,Q99250,0.9512348
DB04855,Q99250,0.93817014
DB06218,Q99250,0.9579657
DB14575,Q99250,0.8258818
DB00296,P35498,0.92137384
DB00379,P35498,0.6729512
DB00645,P35498,0.93896276
DB00680,P35498,0.5151364
DB00740,P35498,0.682974
DB00754,P35498,0.7891332
DB00794,P35498,0.8631588
DB01035,P35498,0.67967117
DB01173,P35498,0.8985919
DB04855,P35498,0.96373034
DB06218,P35498,0.9769023
DB14575,P35498,0.8340167
DB00296,Q9NY46,0.9412243
DB00379,Q9NY46,0.6162113
DB00645,Q9NY46,0.9315653
DB00740,Q9NY46,0.6587244
DB00754,Q9NY46,0.67920864
DB00794,Q9NY46,0.8049585
DB01035,Q9NY46,0.6514483
DB01121,Q9NY46,0.8760413
DB01173,Q9NY46,0.8898549
DB01438,Q9NY46,0.9648708
DB04855,Q9NY46,0.9400941
DB14575,Q9NY46,0.80827534
DB00806,Q13370,0.8713341
DB00975,Q13370,0.7960612
DB00420,P35462,0.915078
DB00450,P35462,0.94339335
DB00679,P35462,0.8697831
DB00831,P35462,0.92235106
DB00420,P21917,0.93402976
DB00450,P21917,0.9238242
DB00502,P21917,0.97354156
DB00679,P21917,0.8780446
DB00831,P21917,0.87993586
DB01100,P21917,0.73003334
DB00539,Q92731,0.9536931
DB04575,Q92731,0.9772968
DB04938,Q92731,0.94895923
DB08329,P22748,0.8304485
DB00806,P27815,0.9648307
DB00806,Q08499,0.95608056
DB00975,Q08499,0.9137705
DB06751,Q08499,0.8944167
DB00806,Q07343,0.9550166
DB00975,Q07343,0.9078314
DB06751,Q07343,0.8689907
DB00806,Q08493,0.9194299
DB00975,Q08493,0.9205163
DB06751,Q08493,0.81984484
DB12789,P43088,0.9818562
DB04839,P06401,0.9811889
DB12637,P06401,0.97217256
DB08329,P43166,0.89107436
DB08329,P00915,0.94911927
DB08329,P35218,0.81616175
DB08329,P07451,0.9150543
DB08329,Q16790,0.76248825
DB08329,Q9Y2D0,0.79197574
DB08329,O43570,0.7790209
DB11973,P00533,0.9939865
DB00877,P62942,0.6624056
DB01590,P62942,0.6506446
DB06287,P62942,0.65591025
DB01100,P21728,0.9470649
DB04836,P21728,0.921867
DB00648,P05108,0.79488575
DB00570,Q13509,0.9665847
DB11641,Q13509,0.852482
DB00361,P68366,0.9454857
DB00570,P68366,0.97711486
DB01229,P68366,0.880047
DB01248,P68366,0.8790391
DB01394,P68366,0.54414606
DB04845,P68366,0.9491707
DB06772,P68366,0.89061004
DB08871,P68366,0.74090576
DB11641,P68366,0.88249075
DB00570,Q9H4B7,0.9904021
DB11641,Q9H4B7,0.87313426
DB00570,P68371,0.97305834
DB11641,P68371,0.8939788
DB00361,Q9BQE3,0.930405
DB00570,Q9BQE3,0.9710002
DB01229,Q9BQE3,0.8638155
DB01248,Q9BQE3,0.87496775
DB01394,Q9BQE3,0.64665806
DB04845,Q9BQE3,0.9630927
DB06772,Q9BQE3,0.8775836
DB08871,Q9BQE3,0.7171259
DB11641,Q9BQE3,0.92463064
DB00361,P68363,0.9170583
DB00570,P68363,0.96392125
DB01229,P68363,0.869758
DB01248,P68363,0.8728116
DB01394,P68363,0.63049144
DB04845,P68363,0.95136005
DB06772,P68363,0.8843886
DB08871,P68363,0.7649361
DB11641,P68363,0.8685974
DB00570,Q13885,0.9604306
DB01873,Q13885,0.9900578
DB03010,Q13885,0.9913446
DB11641,Q13885,0.8665824
DB00570,Q9BUF5,0.8971714
DB01873,Q9BUF5,0.8986006
DB03010,Q9BUF5,0.919088
DB11641,Q9BUF5,0.77131665
DB00361,Q71U36,0.9466459
DB01229,Q71U36,0.88661814
DB01248,Q71U36,0.8830234
DB01394,Q71U36,0.71546
DB04845,Q71U36,0.9603817
DB06772,Q71U36,0.89156914
DB08871,Q71U36,0.71124923
DB11641,Q71U36,0.94898593
DB00570,P04350,0.95651114
DB11641,P04350,0.8335848
DB00598,P18825,0.97041
DB00964,P18825,0.9910408
DB01018,P18825,0.9532806
DB04948,P18825,0.99017364
DB06711,P18825,0.9555563
DB00598,P13945,0.9655062
DB01136,P13945,0.96711814
DB00598,P18089,0.9721494
DB00696,P18089,0.98536795
DB04948,P18089,0.9852072
DB06711,P18089,0.9593077
DB00598,P08913,0.9815642
DB01191,P46098,0.69680583
DB06288,P46098,0.9517043
DB00941,P22303,0.93925095
DB00511,P05026,0.5192842
DB01078,P05026,0.5017819
DB01396,P05026,0.5052224
DB00390,P54710,0.51979196
DB00511,P54710,0.52227175
DB01078,P54710,0.5153419
DB04849,P09619,0.9122554
DB04879,P09619,0.9586935
DB05465,P09619,0.90779245
DB12307,P09619,0.97515404
DB12874,P09619,0.94768316
DB12307,P36888,0.9865446
DB04849,P17948,0.92403984
DB05294,P17948,0.9513971
DB06436,P17948,0.8280411
DB12307,P17948,0.9803006
DB04849,P35916,0.89894134
DB05294,P35916,0.9559372
DB06436,P35916,0.8219959
DB12307,P35916,0.9648188
DB04849,P10721,0.9319185
DB04879,P10721,0.93718606
DB05465,P10721,0.87659395
DB06436,P10721,0.81153953
DB12307,P10721,0.9730342
DB12874,P10721,0.9446371
DB11363,P07949,0.54617965
DB12874,P07949,0.75776565
DB00435,Q02108,0.82703304
DB00727,Q02108,0.6780594
DB00883,Q02108,0.8028933
DB01020,Q02108,0.8749005
DB06154,Q02108,0.5223268
DB00727,P33402,0.7018666
DB00883,P33402,0.86363953
DB06154,P33402,0.57432294
DB00435,Q02153,0.77154386
DB00727,Q02153,0.72444284
DB00883,Q02153,0.8282979
DB01020,Q02153,0.8571083
DB06154,Q02153,0.5786763
DB00441,P31350,0.76438063
DB00631,P31350,0.7543747
DB06433,P31350,0.7564582
DB00441,Q7LG56,0.74592364
DB00631,Q7LG56,0.7651281
DB01005,Q7LG56,0.7299782
DB06433,Q7LG56,0.7590948
DB00441,P09884,0.9081346
DB00987,P09884,0.91314065
DB00441,Q9NRF9,0.6677439
DB00631,Q9NRF9,0.72016734
DB00987,Q9NRF9,0.6548106
DB00441,P56282,0.7266008
DB00631,P56282,0.7711911
DB00987,P56282,0.76059043
DB00441,P49642,0.7142949
DB00631,P49642,0.78248674
DB00987,P49642,0.75762826
DB00441,Q14181,0.64593196
DB00631,Q14181,0.67839926
DB00987,Q14181,0.69184744
DB00441,Q07864,0.87326545
DB00631,Q07864,0.9216229
DB00987,Q07864,0.8862691
DB05812,P10275,0.91839725
DB00503,P20815,0.6887535
DB00503,P24462,0.66042423
DB00503,P08684,0.67489654
DB00915,Q12879,0.98030394
DB11640,Q9NSA2,0.82472765
DB06637,P51787,0.7646098
DB11640,P51787,0.6599524
DB11640,Q14721,0.7691094
DB11640,Q16322,0.86877775
DB11640,Q96PR1,0.74588525
DB06637,Q9H252,0.742279
DB11640,Q9H252,0.6163322
DB11640,Q96RP8,0.7731963
DB06637,O43525,0.8175775
DB11640,O43525,0.6092304
DB11640,P22001,0.85459936
DB06637,O43526,0.8181302
DB11640,O43526,0.6019885
DB11640,P48547,0.8058152
DB11640,Q9NZV8,0.8914024
DB11640,Q92953,0.79708296
DB11640,P22460,0.8626043
DB11640,Q14003,0.7420826
DB11640,P22459,0.8613011
DB06637,O95259,0.9025774
DB11640,O95259,0.77012473
DB11640,P16389,0.8607508
DB06637,P56696,0.7043208
DB11640,P56696,0.54462963
DB11640,Q9UK17,0.90126693
DB06637,Q9NR82,0.7810087
DB11640,Q9NR82,0.6032818
DB00536,Q09470,0.55385476
DB11640,P17658,0.8120456
DB00543,P21918,0.99907225
DB01100,P21918,0.8657106
DB04868,P11274,0.7723286
DB06616,P11274,0.918825
DB12323,P11274,0.6314409
DB12597,P11274,0.6435484
DB00657,P30926,0.99295175
DB01116,P30926,0.8764027
DB00657,P32297,0.9968799
DB01116,P32297,0.8448819
DB00915,O60391,0.98396146
DB01221,O60391,0.9102823
DB00915,Q05586,0.9604505
DB00915,Q14957,0.9836175
DB00915,Q13224,0.9762557
DB00915,O15399,0.983822
DB00806,Q14123,0.81500494
DB00975,Q14123,0.784773
DB00806,O60658,0.80679053
DB00975,O60658,0.7386451
DB00806,Q01064,0.70330316
DB00975,Q01064,0.7067483
DB00806,Q9NP56,0.7473086
DB00975,Q9NP56,0.65708494
DB00806,Q9Y233,0.9138254
DB05266,Q9Y233,0.83593875
DB00806,P18545,0.6207397
DB00975,P18545,0.71088445
DB00806,P35913,0.8236138
DB00975,P35913,0.83852947
DB00806,O95263,0.80753547
DB00975,O95263,0.76605475
DB00806,O76083,0.7216576
DB00975,O76083,0.7486736
DB00806,P54750,0.76171017
DB00975,P54750,0.7422554
DB00806,Q13946,0.8272683
DB00975,Q13946,0.7794893
DB00806,P16499,0.80399716
DB00975,P16499,0.8366268
DB00806,O00408,0.9282321
DB00975,O00408,0.89807576
DB00806,Q13956,0.6068397
DB00975,Q13956,0.7112649
DB00993,Q06203,0.5239861
DB01191,Q13639,0.7756053
DB06288,Q13639,0.9582604
DB01119,Q15842,0.82503664
DB05812,P31213,0.68037367
DB05812,P18405,0.74181664
DB06288,O95264,0.8732389
DB11699,O95264,0.8455127
DB06288,Q70Z44,0.8409778
DB11699,Q70Z44,0.7889965
DB06288,Q8WXA8,0.7769752
DB11699,Q8WXA8,0.73782337
DB01191,P50406,0.9212786
DB06288,P50406,0.9717105
DB01191,P34969,0.95469606
DB01191,P28566,0.9158063
DB06288,P28566,0.95739543
DB06288,A5X5Y0,0.8232776
DB11699,A5X5Y0,0.78330666
DB01191,P47898,0.6749462
DB06288,P47898,0.8001073
DB05294,P29317,0.7665857
DB05294,P12931,0.70481783
DB06589,P06239,0.97624743
DB01254,P08631,0.94766426
DB01254,Q9H3Y6,0.5397388
DB05294,P04626,0.96603984
DB05424,P04626,0.9723118
DB11828,P04626,0.98018944
DB04849,P16234,0.9334868
DB04879,P16234,0.95438033
DB12307,P16234,0.98390883
DB12874,P16234,0.9605392
DB15233,P16234,0.9043498
DB04879,P07333,0.94253415
DB06589,P07333,0.99491435
DB12874,P07333,0.92995656
DB15688,O60894,0.53224766
DB02329,P80365,0.78727424
DB11758,P51681,0.79524773
DB04878,P14410,0.92376375
DB11830,Q9BY41,0.826511
DB11830,Q96DB2,0.734131
DB05294,P29320,0.6182857
DB05294,P21860,0.93131304
DB05294,P21709,0.5920044
DB05294,Q15303,0.97281504
DB05424,Q15303,0.98183644
DB11828,Q15303,0.9802885
DB05294,P54760,0.7056683
DB05294,P29323,0.69573104
DB05294,P54756,0.5979205
DB05294,P54764,0.5872699
DB05294,P29322,0.5010936
DB12307,Q02763,0.934787
DB05294,Q15375,0.6774018
DB05294,P54762,0.6648565
DB06195,Q00535,0.89816016
DB06217,P48544,0.70817536
DB06217,P48549,0.77946305
DB06589,P11362,0.9921994
DB06595,Q05655,0.6056495
DB06595,Q05513,0.5323855
DB06595,Q02156,0.58081853
DB06595,Q04759,0.5777364
DB13036,P21731,0.7489075
DB07232,Q9Y6F1,0.7090889
DB14975,P68871,0.728979
DB11986,Q9UM73,0.9588289
DB12307,P08581,0.84301805
DB15091,O60674,0.9417583
DB13170,P25092,0.78940374
DB15091,P29597,0.9096042
DB15091,P52333,0.9183464
DB09079,P22455,0.9126748
DB12340,Q07817,0.8589532
DB14507,P49840,0.5747725
