68.4897727,27.74269274,28.60965189,39.01316166,11.27046892,97.09942458,37.27924337,56.35234462,13.00438722,34.67836592,72.82456844,42.48099825,11.27046892,28.60965189,81.49415992,69.35673184,53.75146718,2.600877444,13.00438722,44.21491655,0.0635459,0.069494952
83.42957647,57.30516364,35.39436578,36.23708877,10.11267594,30.33802781,76.68779251,79.2159615,23.59624385,28.65258182,81.74413048,69.94600856,15.1690139,27.80985882,80.90140749,98.59859037,55.61971765,11.79812193,26.96713583,53.93427166,0.074585618,0.082691387
81.44405249,45.81227952,35.63177296,42.41877734,17.81588648,33.93502187,69.56679483,76.35379921,21.20938867,27.1480175,89.92780796,63.62816601,19.51263758,27.1480175,77.20217475,95.86643678,62.77979046,11.02888211,28.84476859,62.77979046,0.0737308,0.077893653
18.51765297,21.88449896,19.35936446,24.40963345,17.67594147,19.35936446,21.88449896,29.45990245,10.10053798,22.72621046,44.61070942,24.40963345,11.78396098,14.30909547,19.35936446,30.30161394,25.25134495,7.575403486,11.78396098,33.66845994,0.076936407,0.081352095
28.44810713,25.93798003,15.0607626,22.59114389,14.22405356,13.38734453,25.10127099,31.79494326,13.38734453,26.77468906,42.67216069,19.24430776,13.38734453,12.5506355,16.73418066,26.77468906,18.40759873,8.367090331,15.89747163,31.79494326,0.080668753,0.082622213
32.09571575,17.73710607,16.89248197,23.64947476,16.04785787,15.20323377,32.09571575,27.02797115,11.82473738,23.64947476,38.85270853,27.02797115,13.51398558,16.89248197,25.33872296,21.11560246,20.27097837,9.290865084,14.35860968,30.40646755,0.075637797,0.079738104
27.67754405,23.48397677,14.25812875,20.12912295,15.93555567,12.58070184,38.58081898,31.03239787,14.25812875,16.77426912,47.806667,20.12912295,8.387134561,14.25812875,27.67754405,24.32269023,20.12912295,11.74198839,11.74198839,28.51625751,0.081052936,0.080233608
24.28443474,29.30880055,13.39830882,20.09746323,15.07309742,19.26006893,24.28443474,32.65837775,15.91049172,16.74788603,51.08105238,15.91049172,8.373943013,10.04873162,23.44704044,28.47140624,22.60964614,8.373943013,9.211337314,32.65837775,0.077824056,0.084781642
57.46540138,34.14610807,17.48946999,24.98495712,7.495487137,26.65062093,40.8087633,39.14309949,17.48946999,23.31929331,51.63557805,27.48345283,16.65663808,33.31327616,29.14911664,33.31327616,17.48946999,1.665663808,11.65964666,27.48345283,0.082523082,0.084645014
46.17984528,35.45952405,7.421760848,23.91456273,10.72032123,31.33632358,26.38848302,41.23200471,9.071041037,13.19424151,51.95232594,14.0188816,8.246400942,21.44064245,23.91456273,26.38848302,17.31744198,8.246400942,7.421760848,24.73920283,0.086382492,0.088977414
20.72927305,24.87512766,10.77922199,23.21678582,5.804196454,14.09590567,40.62937518,24.87512766,10.77922199,16.58341844,33.9960078,29.85015319,13.26673475,22.38761489,18.24176028,19.07093121,24.87512766,5.804196454,14.9250766,23.21678582,0.083589952,0.087239126
21.41493358,28.8277952,9.883815497,24.70953874,5.76555904,12.35476937,35.41700553,22.23858487,9.060164206,17.29667712,37.06430811,25.53319003,13.17842066,21.41493358,20.59128229,21.41493358,23.88588745,5.76555904,15.64937454,24.70953874,0.088362193,0.087986516
15.72004458,23.99375226,12.41056151,29.78534763,6.61896614,11.58319075,34.74957224,23.16638149,9.101078443,19.85689842,33.0948307,32.26745993,13.23793228,21.51163996,18.20215689,19.85689842,27.30323533,5.791595373,16.54741535,21.51163996,0.083566519,0.089062713
93.91773209,72.76508973,54.99687014,49.92023597,32.99812208,53.30465875,86.30278084,138.7613339,33.84422778,55.84297584,138.7613339,57.53518722,34.69033347,43.99749611,106.6093175,118.4547972,62.61182139,27.92148792,31.3059107,76.1495125,0.077608801,0.076285504
22.40870205,31.53817325,14.9391347,32.36812518,9.129471205,16.59903855,27.38841361,22.40870205,18.25894241,27.38841361,43.98745217,31.53817325,12.44927892,15.76908663,24.0686059,39.83769253,20.74879819,4.149759639,18.25894241,30.70822133,0.084635339,0.085412733
27.54625041,26.71151555,13.35575777,29.21572013,8.347348609,14.19049263,25.87678069,26.71151555,18.36416694,24.20731097,45.07568249,29.21572013,16.69469722,17.52943208,25.04204583,40.06727332,19.1989018,3.338939443,17.52943208,32.55465957,0.08293885,0.082326289
66.35240291,32.75624954,20.99759586,32.75624954,11.75865368,32.75624954,36.95576871,40.31538405,26.03701886,26.8769227,86.51009494,31.9163457,17.63798052,15.95817285,34.43605721,41.99519172,22.67740353,10.91874985,13.43846135,39.47548021,0.081951568,0.078144598
31.77529766,41.80960219,17.56003292,33.44768175,7.525728394,19.23241701,37.62864197,33.44768175,18.39622496,28.43052949,49.33533058,38.46483401,12.54288066,13.3790727,35.12006584,62.71440328,20.06860905,5.017152263,17.56003292,29.26672153,0.080893622,0.082914334
71.94670956,56.05150628,40.15630301,68.60035097,19.24156186,40.99289266,92.86145071,66.09058204,30.11722726,70.27353027,117.9591401,73.61988885,20.91474115,54.37832699,49.35878912,95.37121965,64.41740274,10.8756654,33.46358584,72.7832992,0.079995452,0.083414902
93.95215215,85.56356714,21.81032104,43.62064207,25.16575504,64.5921046,72.14183112,76.33612362,26.00461354,35.23205706,139.2505112,26.00461354,17.61602853,34.39319856,85.56356714,76.33612362,52.00922708,10.90516052,30.19890605,63.7532461,0.079139368,0.08200213
20.07417393,21.74702176,15.89205436,9.200663053,5.854967397,22.58344568,25.92914133,15.89205436,10.03708697,11.70993479,35.9662283,26.76556525,3.345695656,10.87351088,25.09271742,27.60198916,14.21920654,3.345695656,10.03708697,20.91059785,0.079660845,0.083915241
18.27955178,21.60310665,9.970664606,9.970664606,4.154443586,10.80155332,20.77221793,15.78688563,10.80155332,14.95599691,33.23554869,18.27955178,7.477998454,8.308887172,20.77221793,18.27955178,10.80155332,3.323554869,10.80155332,17.44866306,0.083639339,0.085471944
17.96194079,21.22774821,4.08225927,10.6138741,4.08225927,12.24677781,20.41129635,13.06322966,8.980970395,13.87968152,33.47452602,14.69613337,4.898711124,7.348066687,16.32903708,13.06322966,8.980970395,2.449355562,10.6138741,13.87968152,0.091549617,0.091998529
58.2887246,41.39344211,19.42957487,34.63532911,18.58481074,42.23820623,51.5306116,60.82301698,17.74004662,21.96386724,79.40782772,21.11910312,16.89528249,18.58481074,66.73636585,47.30679098,45.61726273,16.05051837,21.96386724,54.9096681,0.077601746,0.077634129
60.24005276,43.02860912,44.74975348,53.3554753,12.90858273,99.82637315,65.40348586,66.26405804,37.00460384,34.42288729,68.84577458,56.79776403,18.93258801,43.8891813,73.1486355,92.94179569,50.77375876,4.302860912,19.79316019,52.49490312,0.068630144,0.070797674
34.4048509,39.3198296,12.28744675,21.29824103,10.64912052,18.02158857,31.94736155,34.4048509,6.553304934,19.6599148,45.05397142,37.68150337,12.28744675,16.38326233,36.86234025,34.4048509,22.11740415,8.191631167,15.56409922,33.58568779,0.089413922,0.091422962
25.97139659,24.29582262,17.59352672,24.29582262,19.2691007,18.43131371,25.13360961,28.48475755,9.215656855,33.51147947,42.72713633,26.80918358,13.40459179,14.24237878,16.75573974,31.8359055,23.45803563,6.702295895,19.2691007,24.29582262,0.079331956,0.082881057
16.76065489,25.97901509,13.40852392,22.62688411,15.92262215,14.24655666,28.49311332,26.81704783,12.57049117,25.97901509,42.73966998,26.81704783,10.89442568,11.73245843,21.78885136,33.52130979,25.97901509,5.866229213,15.0845894,23.46491685,0.079537226,0.082430029
50.21897511,49.36780604,57.87949674,42.55845349,19.5768886,37.45143907,62.13534209,51.07014418,22.13039581,39.15377721,77.45638534,39.15377721,23.83273395,17.02338139,53.62365139,84.2657379,68.94469465,10.21402884,23.83273395,53.62365139,0.073021979,0.075808952
22.56703948,24.23867203,25.07448831,25.91030458,10.8656116,29.25356969,40.95499757,27.58193714,17.55214181,20.89540692,49.31316034,50.98479289,14.20887671,21.7312232,24.23867203,59.34295566,20.05959064,10.02979532,30.92520224,38.44754874,0.079321506,0.084862217
44.02789839,33.86761414,22.86063955,33.02092379,11.0069746,34.7143045,35.56099485,47.4146598,16.93380707,36.40768521,57.57494405,34.7143045,15.24042637,27.94078167,43.18120803,66.04184758,33.02092379,6.773522829,14.39373601,33.86761414,0.075585254,0.077724392
27.83340661,28.65203621,9.004925667,18.00985133,8.186296061,12.27944409,30.28929543,22.10299937,15.55396252,12.27944409,41.75010991,16.37259212,7.367666455,13.0980737,18.82848094,26.1961474,10.64218488,10.64218488,13.9167033,26.1961474,0.087897906,0.093472488
33.81940849,51.57459795,11.83679297,28.74649722,8.454852122,22.82810073,43.11974582,60.87493528,21.98261552,22.82810073,65.10236134,37.20134934,11.83679297,19.44615988,71.86624304,71.86624304,23.67358594,3.381940849,13.5277634,33.81940849,0.074213843,0.080300945
34.53761492,39.59190003,16.84761703,31.16809151,9.266189369,24.4290447,42.11904259,44.64618514,21.05952129,30.32571066,58.96665962,43.80380429,12.63571278,21.05952129,53.91237451,55.59713621,27.79856811,3.369523407,12.63571278,36.22237662,0.075105136,0.082514013
17.47624602,22.46945917,13.31523506,17.47624602,6.657617532,17.47624602,34.95249204,19.9728526,7.489819723,19.9728526,31.62368328,32.45588547,9.986426298,14.14743726,26.63047013,36.61689643,15.81184164,7.489819723,23.30166136,26.63047013,0.078181225,0.089616583
25.0205626,10.84224379,5.838131273,23.35252509,8.340187533,13.34430005,24.18654385,22.51850634,9.174206287,20.01645008,30.02467512,22.51850634,5.838131273,10.84224379,14.17831881,18.34841257,10.84224379,4.170093767,11.67626255,17.51439382,0.07714654,0.088834707
26.74206181,13.37103091,10.86396261,17.54947806,5.849826021,8.356894316,25.07068295,18.3851675,7.521204884,19.22085693,25.90637238,28.41344067,6.685515453,11.69965204,11.69965204,35.93464556,11.69965204,4.178447158,12.53534147,20.05654636,0.075582403,0.088728165
23.76046735,15.27458615,15.27458615,13.57740991,13.57740991,13.57740991,31.39776042,24.60905547,13.57740991,22.91187923,37.33787726,31.39776042,9.334469315,13.57740991,22.91187923,39.0350535,20.36611487,4.242940598,13.57740991,24.60905547,0.070697614,0.080714266
30.65857079,22.37247058,11.6005403,19.88664051,8.286100214,14.08637036,32.31579084,26.51552069,17.40081045,25.68691066,35.63023092,26.51552069,6.628880171,14.91498039,16.57220043,22.37247058,23.2010806,6.628880171,12.42915032,22.37247058,0.081787926,0.089602052
51.51496248,29.55776536,18.5791668,24.49071987,13.51212131,21.11268954,37.15833359,38.84734876,17.73465921,31.24678052,47.29242457,30.40227294,7.600568235,16.04564405,48.98143974,39.69185634,37.15833359,5.911553072,13.51212131,32.0912881,0.075611048,0.07988137
31.60200613,20.79079351,16.63263481,22.45405699,9.147949143,15.80100307,29.93874265,25.78058395,14.96937133,27.44384743,34.92853309,29.93874265,9.147949143,16.63263481,20.79079351,23.28568873,24.94895221,6.653053922,12.4744761,21.62242525,0.079984843,0.088383417
38.6094014,25.18004439,18.46536589,23.50137476,10.91135257,22.66203995,31.89472289,26.0193792,18.46536589,26.85871402,39.44873621,31.89472289,8.39334813,15.10802663,24.34070958,32.73405771,29.37671846,5.875343691,13.42935701,25.18004439,0.077365008,0.083300179
39.85619536,15.77641066,8.303374033,21.58877249,6.642699226,14.94607326,34.04383353,26.5707969,6.642699226,22.41910989,34.87417094,32.38315873,6.642699226,11.62472365,20.75843508,25.7404595,15.77641066,4.151687016,11.62472365,32.38315873,0.080631331,0.089031266
33.28423236,24.96317427,11.64948132,22.46685684,6.656846471,14.97790456,39.10897302,29.95580912,9.985269707,19.13843361,41.60529045,25.79528008,5.824740662,11.64948132,35.78054978,29.12370331,11.64948132,3.328423236,10.81737552,32.45212655,0.081134876,0.086759315
27.7053439,32.74267915,14.27244989,22.66800864,12.59333813,20.14934102,41.13823791,37.7800144,12.59333813,22.66800864,46.17557316,26.02623214,12.59333813,12.59333813,44.49646141,46.17557316,16.79111751,2.518667627,10.07467051,31.90312327,0.078203324,0.082240801
49.24895228,41.73640024,29.21548017,46.74476827,13.35564808,33.38912019,60.93514435,41.73640024,29.21548017,45.91004026,67.61296839,49.24895228,19.19874411,27.54602416,41.73640024,49.24895228,37.56276021,7.512552043,26.71129615,55.09204831,0.078264953,0.087007043
20.25785432,21.10193158,12.66115895,22.79008611,2.53223179,13.50523621,74.27879916,33.76309053,8.440772632,16.88154526,44.73609495,31.23085874,10.12892716,16.037468,26.16639516,40.51570863,22.79008611,4.220386316,12.66115895,22.79008611,0.074432801,0.081489936
17.65014463,17.65014463,13.44772924,17.65014463,2.521449232,13.44772924,56.31236619,29.41690771,8.404830775,15.96917847,41.1836708,26.89545848,9.245313852,15.12869539,25.21449232,28.57642463,21.01207694,4.202415387,12.60724616,22.69304309,0.0760057,0.083511222
11.56046692,14.86345746,9.908971642,18.99219565,5.780233458,8.257476368,25.59817674,17.34070037,6.605981095,19.81794328,30.55266256,28.90116729,5.780233458,9.083224005,11.56046692,11.56046692,9.908971642,2.47724291,8.257476368,10.73471928,0.084783882,0.089468481
30.46666686,22.00370384,13.54074083,26.23518535,4.231481509,32.15925947,22.00370384,27.08148165,16.92592603,17.77222234,38.08333358,30.46666686,9.309259319,15.23333343,31.31296316,32.15925947,16.07962973,5.07777781,16.92592603,17.77222234,0.075678535,0.078025163
15.66152304,13.18865098,6.59432549,13.18865098,2.472872059,7.418616177,14.01294167,13.18865098,8.242906863,13.18865098,32.14733677,17.31010441,4.121453431,13.18865098,15.66152304,11.54006961,14.01294167,3.297162745,8.242906863,18.95868578,0.087928107,0.087781207
13.12769792,15.58914127,4.922886718,11.48673568,1.640962239,10.66625456,17.23010351,14.76866015,7.384330077,13.94817903,33.63972591,16.40962239,5.743367838,12.3072168,15.58914127,13.94817903,13.12769792,3.281924479,9.845773436,15.58914127,0.087700182,0.091818698
18.18702043,19.01370318,5.786779229,14.0536067,3.306730988,6.613461976,15.70697219,19.84038593,7.440144723,9.093510217,27.28053065,9.093510217,6.613461976,10.74687571,20.66706867,12.4002412,12.4002412,2.480048241,7.440144723,22.32043417,0.084128607,0.089188646
13.17333657,13.17333657,10.70333597,17.29000425,6.586668287,7.410001823,13.99667011,13.17333657,5.763334751,9.056668894,32.93334143,18.93667132,3.293334143,12.35000304,15.64333718,11.5266695,9.88000243,2.470000608,8.233335359,14.82000365,0.086344285,0.090322179
19.98035594,14.98526695,11.65520763,16.65029662,4.162574154,10.8226928,14.98526695,19.14784111,8.325148308,16.65029662,41.62574154,19.98035594,6.660118646,14.15275212,17.48281145,12.48772246,14.98526695,3.330059323,7.492633477,12.48772246,0.082902044,0.084583125
20.95409971,20.11593572,13.41062381,27.65941161,5.02898393,20.11593572,20.11593572,22.63042768,18.43960774,19.27777173,33.52655953,32.68839554,10.89613185,14.2487878,27.65941161,23.46859167,19.27777173,5.02898393,16.76327977,17.60144375,0.080313829,0.081522183
18.19137085,19.01825135,14.88384888,17.36449036,5.788163454,14.05696839,19.01825135,15.71072937,6.615043947,15.71072937,37.2096222,23.97953431,9.095685427,11.57632691,14.88384888,15.71072937,14.88384888,4.134402467,11.57632691,18.19137085,0.083547045,0.089572462
9.104057568,18.20811514,10.75934076,16.55283194,8.276415971,11.58698236,18.20811514,14.89754875,13.24226555,17.38047354,35.58858868,25.65688951,3.310566388,11.58698236,18.20811514,12.41462396,14.89754875,3.310566388,14.06990715,18.20811514,0.081884141,0.090474262
18.48497863,20.16543124,20.16543124,29.40792056,9.242489317,13.44362083,26.88724165,23.52633644,14.28384713,25.20678905,38.65040987,40.33086248,10.08271562,15.96429973,21.84588384,26.04701535,14.28384713,2.520678905,11.76316822,31.92859946,0.078802725,0.080970973
18.55294208,24.45615092,30.35935976,21.92620427,6.746524392,21.08288872,37.9491997,29.51604421,17.70962653,33.73262196,45.53903964,53.12887958,12.64973323,18.55294208,27.82941312,35.41925306,21.92620427,2.529946647,12.64973323,26.98609757,0.077830387,0.078854064
41.43302984,60.8811867,44.81531799,33.8228815,10.14686445,44.81531799,54.1166104,48.19760614,36.35959761,26.21273316,82.02048764,58.34447059,15.22029668,27.90387724,67.645763,109.9243649,47.3520341,4.227860188,22.83044501,34.66845354,0.076628084,0.077799878
16.65044861,20.81306076,19.1480159,24.97567291,8.325224303,14.98540375,25.80819534,22.47810562,8.325224303,22.47810562,40.79359909,34.13341964,9.157746733,14.98540375,22.47810562,29.13828506,16.65044861,8.325224303,11.65531402,24.97567291,0.08195388,0.08552369
27.87081558,21.95882439,16.89140338,22.80339456,10.9794122,18.58054372,41.38393828,25.33710507,9.290271858,21.95882439,43.07307862,32.93823659,5.911991183,17.73597355,21.95882439,46.45135929,25.33710507,5.067421014,15.20226304,27.87081558,0.074579144,0.080850687
127.0710286,112.8591372,60.19153986,76.07541843,30.09576993,107.8431756,185.5905812,68.55147595,44.30766129,66.04349512,193.1145237,127.0710286,41.79968046,50.15961655,71.89545039,132.9229839,68.55147595,10.86791692,38.45570602,81.09138009,0.082686043,0.081320348
13.18321481,36.25384071,11.53531295,28.83828239,10.71136203,10.71136203,27.19038054,18.12692036,29.66223331,21.42272406,28.83828239,31.31013516,7.415558328,14.00716573,12.35926388,37.90174256,16.47901851,5.767656477,18.95087128,18.12692036,0.087267396,0.088781678
15.51131486,58.77971945,13.87854487,27.75708974,6.531079939,11.42938989,29.38985973,17.14408484,21.2260098,15.51131486,28.57347474,19.59323982,6.531079939,15.51131486,12.24577489,41.63563461,15.51131486,5.714694947,25.30793477,19.59323982,0.091489791,0.092125216
36.8425558,67.95404737,13.91829886,18.01191617,11.46212847,13.0995754,41.75489658,40.11744965,27.01787426,13.91829886,41.75489658,23.74298041,9.005958086,19.6493631,31.93021503,45.02979043,20.46808656,7.368511161,19.6493631,19.6493631,0.090309198,0.090967339
10.74750044,40.50980936,11.57423125,28.10884731,12.40096205,14.05442366,28.93557812,16.53461607,31.41577053,19.84153928,28.10884731,26.45538571,9.094038836,14.88115446,11.57423125,33.89596293,14.05442366,4.96038482,18.18807767,22.32173169,0.086187008,0.087082189
54.34740811,33.96713007,38.21302132,36.51466482,17.83274328,42.45891258,46.70480384,58.59329936,23.77699105,31.41959531,88.31453817,34.81630832,15.28520853,33.11795181,50.9506951,67.93426013,42.45891258,14.43603028,30.57041706,63.68836887,0.077542119,0.073279629
27.2018863,17.31029128,12.36449377,19.78319004,8.242995849,10.7158946,28.02618589,27.2018863,9.067295434,14.01309294,37.9177809,28.85048547,10.7158946,12.36449377,15.66169211,19.78319004,18.13459087,6.594396679,16.4859917,30.49908464,0.087734229,0.087966186
16.57201788,17.40061877,11.60041251,13.2576143,3.314403575,15.74341698,14.08621519,20.71502234,6.62880715,15.74341698,26.5152286,24.85802681,10.77181162,14.08621519,8.286008938,17.40061877,14.08621519,2.485802681,15.74341698,9.943210725,0.085923365,0.085475741
11.69243416,16.70347738,15.03312964,14.19795577,3.340695475,16.70347738,14.19795577,20.87934672,8.351738688,11.69243416,27.56073767,24.2200422,11.69243416,13.3627819,7.51656482,15.03312964,16.70347738,2.505521607,15.03312964,15.03312964,0.082347586,0.082478545
18.12826679,33.78449721,13.18419403,17.30425467,4.120060635,10.71215765,18.95227892,27.19240019,9.888145524,17.30425467,32.13647295,19.77629105,10.71215765,13.18419403,15.65623041,28.84042444,18.12826679,2.472036381,14.83221829,15.65623041,0.089723332,0.086264541
21.40521784,31.28454915,14.81899696,16.46555218,4.116388045,10.70260892,20.58194023,27.1681611,9.0560537,17.28882979,31.28454915,22.22849545,9.879331309,14.81899696,17.28882979,27.99143871,13.17244175,2.469832827,14.81899696,15.64227457,0.089986567,0.086735824
18.32380831,26.65281208,12.49350566,17.49090793,6.66320302,12.49350566,25.8199117,24.15411095,13.32640604,14.9922068,31.65021435,26.65281208,8.329003775,14.9922068,19.15670868,21.65540982,19.98960906,1.665800755,17.49090793,17.49090793,0.082178442,0.08492118
17.3981321,24.85447442,10.77027225,19.88357954,5.799377365,10.77027225,23.19750946,28.16840434,10.77027225,14.91268465,33.13929923,28.16840434,8.284824807,16.56964961,19.05509706,17.3981321,22.36902698,1.656964961,16.56964961,14.08420217,0.085184186,0.086333333
19.94133124,28.25021926,14.95599843,24.92666405,5.816221612,16.61777604,20.77222004,27.41933046,13.29422083,15.78688723,32.40466327,29.91199686,11.63244322,14.95599843,18.27955364,21.60310885,19.11044244,2.492666405,17.44866484,15.78688723,0.083029114,0.086082084
18.14729716,21.44680573,14.02291144,22.27168288,1.649754287,9.898525723,18.14729716,18.14729716,13.1980343,17.32242002,27.22094574,18.9721743,12.37315715,10.72340287,19.79705145,20.62192859,10.72340287,4.124385718,18.9721743,24.74631431,0.088243565,0.086879292
16.33755964,18.78819359,13.07004771,19.60507157,2.450633946,12.25316973,17.9713156,13.07004771,11.43629175,15.52068166,29.40760735,22.05570551,7.351901838,10.61941377,12.25316973,13.88692569,7.351901838,4.08438991,18.78819359,19.60507157,0.092442895,0.090679123
37.6307011,30.26817262,7.362528475,15.54311567,8.180587195,13.90699823,32.72234878,32.72234878,16.36117439,8.998645914,44.99322957,26.17787902,9.816704634,13.90699823,23.72370287,28.63205518,14.72505695,8.180587195,8.180587195,32.72234878,0.08848219,0.093459091
77.19304917,64.60722594,59.57289664,71.31966499,29.36692088,47.82612829,72.99777476,72.99777476,40.27463435,62.09006129,140.9612202,67.12439058,24.33259159,42.791799,54.53856735,88.93981752,55.37762223,11.74676835,31.88408553,83.90548823,0.078526522,0.082418596
15.71408772,23.15760295,11.57880148,16.54114497,2.481171745,11.57880148,30.60111819,12.40585873,9.097629732,22.33054571,30.60111819,21.50348846,5.789400739,16.54114497,10.75174423,22.33054571,14.05997322,2.481171745,6.616457987,19.84937396,0.080647542,0.09229521
26.05917876,35.01702146,13.02958938,17.10133606,2.443048009,13.02958938,46.41791217,20.35873341,8.143493364,22.80178142,40.71746682,26.05917876,4.886096018,16.28698673,9.772192036,23.61613075,14.65828805,2.443048009,9.772192036,17.10133606,0.087382439,0.098268224
32.63008361,40.99677171,22.59005788,38.48676528,8.366688105,19.24338264,37.65009647,40.1601029,10.87669454,31.7934148,48.52679101,43.50677814,9.203356915,22.59005788,34.30342123,68.60684246,39.32343409,3.346675242,20.91672026,46.01678458,0.080409275,0.082921914
41.04499114,36.85672674,25.9672393,32.66846234,14.24009897,15.91540473,41.88264402,48.58386707,12.56479321,34.3437681,50.25917283,45.23325555,7.538875924,22.61662777,41.88264402,71.20049484,36.01907386,4.188264402,15.91540473,42.7202969,0.078463565,0.083883555
32.18455275,46.21371677,9.902939307,27.2330831,9.077694365,18.98063367,57.76714596,34.66028758,18.15538873,23.10685838,45.38847183,49.51469654,13.20391908,10.72818425,34.66028758,35.48553252,22.28161344,5.776714596,9.902939307,30.53406286,0.087808972,0.086946086
60.52258778,58.03535815,24.87229635,40.6247507,14.09430126,29.01767907,40.6247507,69.64242978,15.75245435,21.55599017,88.71119031,18.23968399,19.89783708,27.35952598,65.49704705,46.42828652,25.70137289,16.5815309,24.0432198,49.7445927,0.087990419,0.082933036
40.15195782,35.96946221,32.62346573,45.17095254,13.38398594,28.44097012,42.66145518,46.00745166,15.05698418,42.66145518,65.24693145,29.27746924,25.93147276,35.13296309,40.15195782,56.04544112,35.13296309,13.38398594,26.76797188,46.00745166,0.081008593,0.082492286
41.42951285,49.88451547,15.21900472,36.35651127,14.37350446,21.98300682,60.87601888,71.86752228,21.13750655,22.82850708,77.78602412,35.51101101,13.52800419,14.37350446,68.48552124,75.24952333,32.97451022,10.14600315,8.455002622,33.82001049,0.07868671,0.075813028
50.60516692,38.16127341,6.636743202,30.69493731,7.466336102,20.73982251,44.79801661,43.96842371,12.4438935,14.1030793,65.53783912,10.7847077,12.4438935,19.91022961,35.67249471,24.05819411,20.73982251,5.807150302,14.1030793,43.13883081,0.085487608,0.084919491
111.5318132,114.8611211,21.64050107,58.26288751,20.80817411,81.56804251,116.525775,96.54992787,29.96377072,23.305155,174.7886625,39.11936732,18.31119322,39.11936732,89.89131215,94.88527394,55.76590661,14.98188536,21.64050107,67.41848411,0.085065628,0.082607408
19.17142552,20.00496576,7.501862159,15.83726456,5.834781679,14.17018408,40.00993151,23.33912672,5.834781679,23.33912672,32.50806936,21.67204624,10.00248288,13.33664384,20.00496576,26.67328768,15.83726456,2.50062072,7.501862159,20.00496576,0.080947263,0.085512497
12.68076447,16.06230166,16.06230166,16.90768596,8.453842981,12.68076447,27.89768184,13.52614877,8.453842981,26.20691324,32.12460333,15.21691737,6.763074385,11.83538017,13.52614877,31.27921903,16.90768596,2.536152894,10.14461158,15.21691737,0.07584118,0.078774522
38.42228294,34.1531404,30.73782636,31.59165487,7.684456589,44.39908251,28.17634083,45.25291102,40.12993996,24.76102679,46.10673953,34.1531404,21.34571275,20.49188424,34.1531404,64.03713824,43.545254,4.269142549,24.76102679,33.29931189,0.071723464,0.074448026
37.89482117,37.89482117,16.0000356,25.26321411,8.421071371,26.10532125,22.7368927,42.94746399,16.84214274,20.21057129,57.26328532,22.7368927,10.10528564,14.31582133,56.42117818,43.78957113,25.26321411,3.368428548,19.36846415,22.7368927,0.075650715,0.082242148
34.37174389,32.69507345,19.28170999,20.1200452,7.545016951,26.82672694,22.63505085,43.59343127,19.28170999,22.63505085,50.30011301,33.53340867,15.92836912,14.25169868,31.85673824,35.2100791,28.50339737,3.353340867,15.0900339,26.82672694,0.079984743,0.081680041
60.79405138,50.66170948,55.72788043,51.5060713,50.66170948,41.37372941,65.0158605,71.7707551,26.17521656,58.2609659,93.72416254,55.72788043,21.10904562,30.39702569,63.32713685,70.92639327,54.03915678,10.97670372,30.39702569,59.10532773,0.075491681,0.080146495
29.42823392,32.79146065,23.54258713,22.70178045,8.408066834,33.63226734,52.97082105,34.47307402,15.1345203,26.90581387,57.17485447,29.42823392,9.248873517,15.97532698,22.70178045,39.51791412,24.38339382,3.363226734,13.45290693,34.47307402,0.078933305,0.080260012
53.65983238,60.36731143,20.96087202,41.08330917,24.31461155,41.08330917,49.46765797,74.6207044,21.7993069,26.82991619,89.71253226,20.96087202,20.96087202,25.15304643,59.52887655,52.8213975,47.79078821,14.25339298,22.63774178,50.30609286,0.081801923,0.079763196
61.96109808,44.37754322,23.44473981,37.67904613,21.77011554,31.81786117,58.61184953,63.63572235,15.90893059,36.00442185,62.79841021,40.19098254,22.60742768,31.81786117,48.5641039,59.44916167,48.5641039,13.39699418,30.1432369,64.47303448,0.082699409,0.079988455
42.72764485,41.05205093,40.21425398,47.7544266,24.29611178,27.64729961,48.59222355,51.10561443,14.24254828,54.45680226,61.15917792,50.26781747,19.26933003,30.16069048,44.40323876,68.69935054,53.6190053,13.40475133,29.32289352,61.15917792,0.082108098,0.080094944
57.56506207,48.38802319,41.7138131,46.71947067,24.1940116,28.36539291,50.05657572,55.06223329,10.84559141,49.22229945,53.39368076,43.38236562,20.85690655,25.86256412,39.21098431,61.73644338,50.89085198,12.51414393,32.53677422,70.079206,0.081669405,0.084054333
61.19462391,45.26725605,36.04614833,37.72271337,29.33988818,22.63362802,61.19462391,67.06260155,16.76565039,47.7821036,60.3563414,46.94382109,20.95706298,25.9867581,46.94382109,70.41573163,46.94382109,12.57423779,31.85473574,64.54775399,0.078312225,0.083405255
26.96186045,27.80441859,19.3788372,24.43418603,22.74906976,12.63837209,34.5448837,31.17465115,8.425581391,20.22139534,30.33209301,21.90651162,9.26813953,21.90651162,36.22999998,32.85976742,33.70232556,6.740465113,12.63837209,26.96186045,0.07809724,0.079344621
55.91949025,45.0694399,33.3847703,39.2271051,25.03857772,36.72324733,62.5964443,60.09258653,13.35390812,50.9117747,57.58872876,41.73096287,22.53471995,30.88091252,39.2271051,55.91949025,50.9117747,14.18852738,35.88862807,61.76182505,0.082603563,0.08277718
75.71296189,67.39285619,22.4642854,39.93650737,25.79232768,31.61640167,44.09656022,65.72883505,19.13624312,35.77645452,72.38491961,24.12830654,19.96825369,24.12830654,49.92063421,64.89682448,47.4246025,14.97619026,29.95238053,60.73677163,0.085150779,0.082838651
63.52848459,50.15406679,35.10784675,42.63095677,21.73342894,29.25653896,48.48226456,46.81046233,10.86671447,50.15406679,56.00537458,34.27194564,25.07703339,33.43604452,45.97456122,69.37979239,55.16947346,11.70261558,32.60014341,60.18488014,0.081906748,0.082192139
30.12205064,24.26498524,20.08136709,19.24464347,16.73447258,16.73447258,24.26498524,28.44860338,5.020341774,20.91809072,25.9384325,10.87740718,10.87740718,14.22430169,21.75481435,35.14239242,28.44860338,6.693789032,15.06102532,28.44860338,0.08039327,0.082883101
65.45242315,52.8654187,31.04794432,41.95668151,23.49574164,31.88707795,49.50888418,53.70455233,10.90873719,36.92187973,72.16549219,31.04794432,20.97834075,29.36967706,59.57848774,69.6480913,48.66975055,12.58700445,28.53054343,67.13069041,0.080727296,0.080139074
68.29081306,54.13296157,21.65318463,31.64696215,22.48599942,27.48288818,54.96577636,64.12673909,14.15785149,23.31881421,69.95644264,29.98133256,14.15785149,25.81725859,52.46733198,56.63140595,44.97199884,13.32503669,23.31881421,65.79236868,0.085499783,0.081685423
81.28570608,55.03719682,14.39434378,32.17559199,23.70833094,54.19047072,50.8035663,80.43897997,26.24850925,21.16815262,88.90624102,16.9345221,11.85416547,30.48213978,60.11755345,74.51189724,41.48957914,15.24106989,21.16815262,64.35118398,0.076922427,0.076351468
70.23880544,60.08379743,34.69627739,55.00629342,49.92878941,52.46754142,65.16130144,85.47131747,29.61877338,37.23502939,116.7825922,33.00377605,19.46376536,29.61877338,92.24132281,61.77629876,56.69879476,12.69376002,29.61877338,70.23880544,0.076424938,0.077324394
59.12299342,68.41374953,48.98762312,53.21069408,50.67685151,43.07532378,76.85989145,103.0429314,38.85225282,38.00763863,113.1783017,43.07532378,28.71688252,29.56149671,78.54911983,83.61680498,58.27837923,12.66921288,34.62918186,70.94759211,0.078610059,0.07677575
58.11488729,57.27264254,64.01060049,58.11488729,48.85019511,39.58550293,70.74855844,76.64427164,26.95183179,57.27264254,92.64692176,55.58815306,24.42509756,40.42774768,75.8020269,67.37957946,64.01060049,13.47591589,44.63897139,65.69508998,0.077264011,0.080491246
21.50229241,19.02125867,10.7511462,18.19424742,4.962067479,14.05919119,21.50229241,19.84826992,9.097123712,21.50229241,35.5614836,17.36723618,8.270112465,10.7511462,18.19424742,14.88620244,15.71321368,2.48103374,14.88620244,14.88620244,0.085384419,0.087604335
20.67295872,15.71144862,15.71144862,19.84604037,5.78842844,9.923020184,17.36528532,14.05761193,10.74993853,23.15371376,35.55748899,19.01912202,7.442265138,10.74993853,16.53836697,13.23069358,11.57685688,2.480755046,15.71144862,12.40377523,0.087478177,0.085603475
25.2270417,21.86343614,26.90884448,44.56777367,9.249915289,28.59064726,58.0221959,29.43154865,24.38614031,32.79515421,66.4312098,37.84056255,14.29532363,24.38614031,26.90884448,52.97678756,23.54523892,6.727211119,21.86343614,30.27245004,0.076603385,0.082495225
38.78774003,29.70975832,10.72852384,37.96246897,7.42743958,17.33069235,36.31192684,28.05921619,14.0296081,21.45704768,54.46789026,25.583403,11.5537949,15.68015023,32.18557151,39.61301109,15.68015023,7.42743958,14.85487916,25.583403,0.085064506,0.08966443
71.85978606,45.34010311,11.97663101,38.49631396,6.843789148,35.07441939,46.19557675,47.05105039,13.6875783,26.51968295,64.16052327,25.66420931,15.39852558,18.82042016,94.95757443,49.61747133,29.08610388,5.132841861,14.54305194,37.64084032,0.071701893,0.072824463
38.78991318,42.91649969,8.253173017,23.10888445,6.602538414,24.75951905,23.10888445,37.13927858,15.68102873,13.20507683,55.29625921,10.72912492,4.95190381,10.72912492,37.96459588,30.53674016,19.80761524,4.126586509,9.903807621,31.36205747,0.084735016,0.089947683
44.06835459,38.98354445,21.18670894,45.76329131,12.71202536,36.44113938,56.78037996,49.15316474,27.9664558,37.28860773,90.67911426,47.45822803,16.94936715,33.05126595,55.9329116,69.49240532,53.39050653,9.322151933,27.9664558,53.39050653,0.072720194,0.079811448
56.78796578,52.61238007,30.89933432,45.93144291,13.3618743,45.09632577,70.98495723,50.10702863,22.54816289,50.10702863,86.01706582,53.44749721,29.22910004,25.05351432,58.45820007,70.14984009,42.59097434,11.69164001,33.40468576,48.43679435,0.0816617,0.083221156
33.48784346,25.95307868,26.79027477,30.13905912,9.209156953,46.04578476,68.6500791,30.9762552,15.90672565,42.69700042,77.02203997,70.32447127,23.44149042,16.74392173,20.09270608,51.06896128,30.9762552,7.534764779,23.44149042,37.6738239,0.079549729,0.083254185
43.25383875,47.41286171,12.47706887,26.61774692,9.981655096,58.22632139,62.38534435,41.59022957,24.12233315,24.95413774,93.99391882,32.44037906,11.64526428,17.46789642,34.93579284,50.74008007,24.95413774,9.149850505,17.46789642,39.92662038,0.082221096,0.085974313
41.35219763,33.75689602,26.16159442,42.19612003,16.03452561,20.25413761,46.41573203,39.66435283,18.56629281,27.00551682,68.35771445,41.35219763,21.09806001,15.19060321,48.10357683,62.45025764,35.44474083,12.65883601,24.47374962,53.16711124,0.075386191,0.080691409
42.88444513,32.79398745,30.27137304,40.36183071,15.13568652,17.65830094,48.77054545,41.20270219,14.29481504,31.95311598,56.3383887,42.04357366,23.54440125,17.65830094,45.40705955,47.92967397,45.40705955,10.93132915,29.43050156,56.3383887,0.076893929,0.082234598
33.41233082,20.88270676,10.02369925,25.05924811,7.517774434,9.188390975,25.89455638,29.23578947,9.188390975,12.52962406,45.94195487,21.71801503,10.85900752,14.2002406,26.72986465,31.74171428,20.04739849,5.011849623,12.52962406,29.23578947,0.079755524,0.084936206
52.588648,45.91072444,16.69480889,32.55487733,13.35584711,22.537992,40.06754133,55.09286933,18.36428978,20.86851111,85.97826577,20.86851111,10.85162578,18.36428978,50.91916711,60.101312,24.20747289,10.85162578,20.86851111,48.41494577,0.082840711,0.082418845
32.21886406,22.30536743,13.21799551,24.78374159,9.087371916,18.17474383,32.21886406,35.52336294,8.261247196,23.13149215,39.65398654,23.95761687,11.56574607,19.00086855,24.78374159,25.60986631,25.60986631,8.261247196,19.00086855,20.65311799,0.086301494,0.087573787
58.85528686,57.17370724,48.76580912,56.33291743,27.74606381,32.79080268,70.62634424,60.53686649,25.22369437,72.30792386,103.4171469,84.91977105,26.90527399,41.1987008,51.28817855,107.621096,81.5566118,13.452637,42.03949062,62.21844611,0.078236037,0.08097415
43.93615098,35.48689118,42.24629902,35.48689118,27.88255736,35.48689118,65.0593005,45.62600295,17.74344559,43.93615098,73.5085603,44.78107697,20.27822353,49.00570687,36.33181716,76.04333824,43.091225,12.67388971,34.6419652,55.76511471,0.078654309,0.07641971
84.35185688,76.00018788,35.91217669,58.46168299,30.90117529,45.93417949,85.18702378,72.65952028,31.73634219,42.59351189,116.923366,46.76934639,20.8791725,36.74734359,60.96718369,97.71452728,53.45068159,23.38467319,35.07700979,82.68152308,0.081360598,0.083472502
24.72734114,24.72734114,18.1333835,22.25460703,6.593957638,23.07885173,29.67280937,23.90309644,9.890936456,23.07885173,42.03647994,23.07885173,8.242447047,18.95762821,18.1333835,31.32129878,18.95762821,9.066691752,19.78187291,20.60611762,0.085868931,0.089886364
25.54301397,24.71904577,17.30333204,22.2471412,7.415713732,18.12730023,33.78269589,39.55047324,9.887618309,20.59920481,41.19840962,27.19095035,10.7115865,16.47936385,20.59920481,24.71904577,29.66285493,8.239681925,21.423173,23.07110939,0.086692227,0.08933958
96.20113571,58.22700319,33.75478446,58.22700319,21.9406099,49.78830708,77.63600425,81.0114827,24.47221873,39.66187174,98.73274454,50.63217669,21.09674029,43.03735018,100.4204838,102.9520926,46.41282863,13.50191378,27.00382757,61.60248164,0.077573812,0.078556577
80.80006871,78.27506656,47.13337341,82.48340347,21.88335194,74.06672965,114.466764,74.90839703,42.08336912,80.80006871,147.2917919,90.05840992,22.72501932,49.65837556,69.85839274,107.7334249,59.75838415,9.258341206,46.29170603,88.37507515,0.07795593,0.080376688
33.15943159,19.06667316,11.60580106,30.67247422,9.118843686,24.0405879,34.81740317,35.64638895,6.631886317,19.89565895,52.22610475,38.96233211,12.43478684,29.01450264,23.21160211,29.01450264,14.92174421,5.802900528,14.92174421,21.55363053,0.086429064,0.084585146
25.3404002,33.51472285,17.16607756,26.97526473,17.16607756,16.34864529,44.95877455,31.06242605,8.174322646,22.07067114,42.50647776,40.87161323,8.174322646,22.88810341,23.70553567,24.52296794,15.53121303,5.722025852,17.98350982,27.792697,0.08939299,0.093174746
38.40787743,22.54375415,14.19421557,27.55347729,11.689354,20.03889257,37.57292358,30.05833886,6.679630858,15.86412329,46.75741601,39.24283129,13.35926172,28.38843115,22.54375415,24.21366186,20.03889257,3.339815429,11.689354,27.55347729,0.078842663,0.08620348
26.48301365,21.35726907,11.10577992,13.66865221,6.834326104,14.52294297,19.64868755,56.38319035,5.980035341,17.94010602,38.44308433,18.79439678,4.271453815,15.37723373,32.46304899,39.2973751,27.33730441,2.562872289,14.52294297,25.62872289,0.074494829,0.071214408
28.55824662,22.67860761,14.27912331,18.47886546,7.559535871,15.11907174,15.95902017,18.47886546,5.879639011,16.7989686,31.07809191,19.31881389,4.19974215,15.11907174,26.03840133,26.87834976,25.1984529,1.67989686,15.11907174,24.35850447,0.082478937,0.077572632
27.21065557,23.91239429,14.84217577,22.26326365,7.421087883,14.84217577,36.28087409,28.85978621,8.245653203,24.73695961,29.68435153,31.33348217,14.84217577,17.31587173,27.21065557,34.63174345,22.26326365,7.421087883,17.31587173,23.08782897,0.084302033,0.091132647
89.78927783,34.86962246,39.22832527,34.86962246,16.56307067,80.20013166,34.86962246,54.91965537,33.12614134,43.58702807,96.76320233,41.84354695,17.43481123,27.02395741,79.3283911,130.7610842,84.55883446,6.973924492,37.48484414,70.61098548,0.064283626,0.063975813
81.89135186,40.07449134,41.81686052,31.36264539,18.29487648,74.92187511,39.20330674,47.91515268,44.43041431,47.91515268,72.30832132,40.94567593,23.52198404,24.39316864,80.14898267,120.223474,96.70148996,7.840661348,36.58975296,73.17950592,0.064314585,0.064500821
68.82664559,42.15632042,52.48031726,38.71498814,26.67032517,67.96631252,51.61998419,55.92164954,41.29598735,50.75965112,88.61430619,46.45798577,19.78766061,32.69265665,73.12831094,108.4019668,77.42997629,10.32399684,24.94965903,67.10597945,0.071118795,0.068548135
41.43611129,34.80633348,14.08827784,24.86166677,9.944666709,18.23188897,43.09355574,30.66272235,21.54677787,21.54677787,53.03822245,24.03294455,12.43083339,19.88933342,37.29250016,37.29250016,19.88933342,6.629777806,14.08827784,25.690389,0.085377544,0.085900231
43.08683364,42.24199377,17.74163738,35.48327476,15.20711776,24.50035638,36.32811464,55.75943177,19.43131713,31.25907539,87.01850716,37.17295451,17.74163738,18.58647726,65.0526704,59.13879127,34.63843489,10.1380785,11.82775825,41.39715389,0.0762192,0.078940925
36.22366966,38.75090243,26.11473859,30.3267932,10.95134199,21.06027306,35.38125874,38.75090243,18.53304029,26.11473859,64.86564102,43.80536796,16.00580752,16.84821845,52.22947718,50.54465534,22.7450949,3.369643689,17.69062937,31.16920413,0.074276787,0.083312291
26.75287455,35.11314785,20.06465592,22.5727379,5.016163979,22.5727379,24.24479256,30.09698387,16.7205466,28.42492921,49.32561246,40.12931183,10.03232796,15.88451927,50.99766712,55.17780377,25.91684722,8.360273298,20.06465592,20.90068325,0.080847614,0.083125057
60.40751127,67.11945696,71.31442302,52.01757915,36.91570133,29.36476242,94.80623296,76.34838229,19.29684388,61.24650448,97.32321259,57.89053163,32.72073527,39.43268097,67.95845017,81.38234157,57.89053163,17.61885745,52.85657236,72.99240945,0.081186964,0.079819824
28.52360205,26.8457431,22.65109574,29.36253152,16.77858944,32.71824941,48.65790937,36.91289676,22.65109574,41.10754412,76.34258195,42.78540307,20.9732368,15.10073049,26.8457431,52.01362726,23.49002521,10.06715366,18.45644838,32.71824941,0.079734496,0.081336032
31.82543062,37.68800995,27.63787396,30.15040796,15.07520398,51.08819126,56.11325926,30.98791929,10.88764732,28.47538529,81.23859922,36.01298728,18.42524931,15.07520398,27.63787396,43.55058927,33.50045329,12.56266998,11.72515865,33.50045329,0.08132623,0.081162438
46.84706767,39.31807465,20.07731472,21.75042428,10.87521214,35.97185553,45.17395811,33.46219119,20.9138695,24.26008861,73.61682062,29.27941729,10.87521214,20.9138695,25.93319817,41.82773899,29.27941729,4.182773899,16.7310956,47.68362245,0.078804729,0.084640491
55.24808585,68.64156121,60.27063911,58.59645469,39.34333386,31.80950398,88.73177425,77.01248331,30.97241177,55.24808585,113.8445405,56.08517806,25.1127663,49.38844038,68.64156121,87.89468204,57.75936248,16.7418442,42.6917027,72.82702226,0.08139286,0.08151493
79.37927857,70.18799368,36.76513955,45.12085308,38.43628226,42.61413902,74.36585045,87.7349921,30.91614007,40.10742496,124.5001317,32.58728278,16.71142707,40.94299632,71.85913639,71.02356504,59.32556609,17.54699842,32.58728278,71.02356504,0.083777553,0.080651094
64.99682832,36.2969301,10.12937584,21.10286634,14.34994911,32.07635683,37.14104475,48.11453525,13.50583446,16.88229307,64.99682832,16.03817842,6.752917228,17.72640772,61.6203697,59.08802574,27.01166891,11.81760515,11.81760515,29.54401287,0.077072289,0.078813057
24.28213671,25.11945177,20.09556142,24.28213671,16.74630118,18.4209313,38.51649272,25.11945177,15.07167106,28.46871201,57.77473908,31.81797225,10.88509577,22.6075066,27.63139695,47.72695837,19.25824636,7.535835532,14.234356,23.44482165,0.07900431,0.083680631
24.56007957,13.55038873,18.6317845,27.10077746,6.775194364,16.93798591,27.94767675,20.32558309,8.468992955,22.01938168,38.1104683,28.79457605,11.85659014,16.09108662,19.4786838,27.10077746,24.56007957,2.540697887,10.16279155,24.56007957,0.075385493,0.077715212
25.72096932,32.35863882,23.23184326,23.23184326,13.275339,17.42388244,43.14485176,26.55067801,13.275339,21.57242588,47.2933952,34.84776488,9.956504252,22.40213457,24.89126063,37.33689095,23.23184326,10.78621294,25.72096932,38.16659963,0.081799344,0.088491968
41.68017424,47.51539864,49.18260561,54.18422651,26.67531151,34.17774288,79.19233106,47.51539864,28.34251848,55.01783,93.3635903,86.69476242,28.34251848,36.67855333,43.34738121,60.85305439,45.01458818,12.50405227,37.51215682,54.18422651,0.08098754,0.085408976
43.32834143,49.99424011,54.99366412,47.4945281,22.49740805,37.49568008,71.65841082,51.66071478,27.49683206,63.32603747,90.82286953,65.82574947,24.99712005,44.9948161,42.49510409,59.99308813,44.9948161,11.66532269,40.82862942,46.66129077,0.081883566,0.084879099
73.03376513,64.73447364,12.44893724,48.9658198,26.55773277,43.98624491,54.77532385,65.56440279,30.70737852,30.70737852,125.3193015,34.85702427,16.59858298,38.17674086,63.90454449,73.86369428,31.53730767,12.44893724,24.89787448,59.75489874,0.08100953,0.089061321
21.79885104,17.6067643,15.09151226,20.96043369,8.384173475,14.25309491,23.47568573,18.44518165,9.222590823,22.63726838,32.69827655,24.31410308,13.41467756,10.06100817,20.12201634,27.66777247,14.25309491,3.35366939,15.09151226,25.15252043,0.076241083,0.085341569
21.01447073,15.13041892,12.60868244,23.53620721,8.405788291,17.65215541,25.21736487,15.13041892,8.405788291,23.53620721,30.26083785,23.53620721,11.76810361,10.92752478,17.65215541,28.57968019,17.65215541,5.043472974,13.44926127,26.89852253,0.076661731,0.08275944
22.73064955,15.15376636,16.83751818,24.41440136,9.260635001,17.67939409,22.73064955,17.67939409,10.10251091,21.88877364,35.35878818,28.62378091,14.31189046,12.62813864,21.88877364,31.14940864,15.99564227,3.367503637,18.52127,30.30753273,0.075336541,0.08278755
46.29893991,33.6719563,45.457141,44.61534209,20.20317378,21.04497269,48.82433663,46.29893991,18.51957596,43.77354319,69.86930931,55.55872789,20.20317378,36.19735302,42.08994537,66.50211369,49.66613554,11.7851847,35.35555411,65.66031478,0.07922193,0.078979162
54.24237068,55.08990772,55.08990772,45.76700026,7.627833377,65.26035222,54.24237068,50.85222251,24.57857421,44.07192618,55.93744476,54.24237068,29.66379647,29.66379647,101.704445,93.22907461,46.6145373,11.86551859,29.66379647,48.30961139,0.074558003,0.077904956
79.18868545,53.07326791,26.95785037,48.01867097,13.47892518,48.86110379,53.91570073,68.23705874,31.17001449,26.11541754,75.81895416,54.75813356,18.53352213,32.01244731,88.45544651,69.07949156,41.27920837,8.42432824,31.17001449,48.01867097,0.079133809,0.078433367
23.04206208,23.86499287,19.75033893,21.39620051,7.406377099,18.92740814,36.2089547,30.44843918,9.875169465,23.04206208,40.32360865,18.92740814,9.052238676,18.10447735,26.33378524,24.68792366,22.2191313,9.052238676,15.63568499,20.57326972,0.086035374,0.091033838
19.13434609,36.604836,13.31084945,31.61326746,23.29398655,16.63856182,34.94097982,45.756045,22.46205846,26.62169891,51.57954164,24.95784273,12.47892136,16.63856182,37.43676409,39.10062027,25.78977082,5.823496637,18.302418,35.77290791,0.082946963,0.085124946
28.34566157,32.51414121,16.67391857,26.67826971,20.00870228,16.67391857,39.18370864,31.68044528,15.84022264,25.01087786,53.35653943,31.68044528,15.00652671,22.50979007,30.84674936,40.8511005,29.1793575,6.669567428,16.67391857,32.51414121,0.0812045,0.085099572
21.63556605,21.63556605,9.98564587,22.46770321,8.321371559,16.64274312,25.79625183,28.2926633,8.321371559,20.8034289,32.45334908,26.62838899,10.81778303,11.64992018,23.29984036,19.97129174,15.81060596,2.496411468,12.48205734,20.8034289,0.082590671,0.085272173
53.80629332,58.85063332,29.42531666,42.87688999,10.08868,61.37280332,97.52390664,27.74386999,19.33663666,29.42531666,83.23160998,76.50582331,26.06242333,20.17735999,36.99182666,55.48773998,31.10676332,5.885063332,13.45157333,34.46965666,0.07882236,0.080454307
107.0708285,88.52312591,107.9139059,103.6985189,53.95695294,88.52312591,155.1262397,100.3262094,66.60311378,134.8923823,300.1355507,148.3816206,59.01541728,80.93542941,79.24927463,172.8308649,80.93542941,21.92001213,45.52617904,134.8923823,0.07574316,0.081179451
58.17235981,44.68311696,14.33232053,22.76309732,21.07694196,32.88002946,45.52619464,101.1693214,14.33232053,20.23386428,85.9939232,16.01847589,14.33232053,17.70463125,60.70159285,60.70159285,26.13540803,16.01847589,16.01847589,39.62465089,0.078965926,0.077956396
39.22300495,32.68583746,11.44004311,26.96581591,6.537167492,17.16006467,31.86869153,30.23439965,7.354313429,25.33152403,40.04015089,38.40585902,10.62289718,16.34291873,38.40585902,32.68583746,18.79435654,8.988605302,19.61150248,22.88008622,0.089297439,0.093556624
46.44605616,48.9794774,27.86763369,42.22368742,17.73394871,41.37921367,70.93579486,47.29052991,32.09000244,34.62342368,66.71342612,47.29052991,17.73394871,21.11184371,52.3573724,94.58105981,41.37921367,10.97815873,18.57842246,35.46789743,0.078077911,0.07744834
23.54068066,25.22215785,28.58511223,15.97403331,3.362954381,31.94806662,29.42585083,31.94806662,11.77034033,22.69994207,47.92209992,44.55914554,14.29255612,18.49624909,44.55914554,49.60357711,23.54068066,8.407385951,20.17772628,27.74437364,0.077411033,0.081850372
108.1776049,82.62383999,48.5521534,48.5521534,30.66451794,57.92186721,88.58638515,83.47563216,32.36810227,51.10752989,115.8437344,57.92186721,30.66451794,33.21989443,90.28996948,154.1743818,69.84695752,11.92509031,20.44301196,71.55054185,0.072920428,0.075287407
80.8921414,65.88122856,38.36122169,63.37940975,19.18061085,50.03637612,91.73335622,75.05456418,30.02182567,62.54547015,114.2497255,54.20607413,22.51636925,39.1951613,51.70425533,78.39032259,50.03637612,10.84121483,37.52728209,59.20971174,0.080928933,0.085131465
25.01615078,35.85648278,18.34517724,34.1887394,5.003230156,20.84679231,30.85325263,31.68712432,15.00969047,25.85002247,47.53068648,30.85325263,13.34194708,17.51130554,36.69035447,51.70004494,29.18550924,3.33548677,18.34517724,25.01615078,0.08293064,0.083197668
26.62074132,45.75439915,22.46125049,28.28453766,5.823287165,28.28453766,33.27592665,34.10782482,16.63796333,24.12504682,42.42680648,23.29314866,16.63796333,13.31037066,28.28453766,57.40097348,24.12504682,3.327592665,19.96555599,26.62074132,0.083252988,0.084848845
92.18959484,83.88422594,41.52684452,75.57885703,24.91610671,60.629193,115.4446278,73.08724636,32.39093873,68.10402502,127.0721442,85.54529972,36.54362318,48.17113965,81.39261527,109.6308695,59.79865611,17.4412747,33.22147562,68.93456191,0.084315069,0.085148041
41.35007371,40.50619465,16.03370205,32.91128315,14.34594394,33.75516221,49.78886426,44.72558993,24.4724926,32.91128315,91.13893797,27.00412977,10.97042772,23.62861355,59.91541292,43.03783182,46.41334804,10.12654866,12.65818583,36.28679937,0.074301492,0.081819453
33.75157592,38.81431231,33.75157592,39.65810171,17.71957736,35.43915472,48.09599569,43.8770487,28.68883953,38.81431231,73.40967763,48.93978509,19.40715616,31.22020773,56.53388967,54.84631087,37.97052291,8.437893981,21.09473495,43.8770487,0.077095,0.079115602
49.65351943,90.89118811,32.82181793,50.4951045,10.0990209,65.64363586,106.8813045,62.27729556,31.98023285,42.92083883,86.68326273,64.80205078,18.51487165,26.9307224,64.80205078,104.3565493,53.01985973,10.94060598,26.9307224,70.69314631,0.078129591,0.080285334
47.98851678,31.99234452,31.99234452,37.04376734,15.99617226,29.46663311,44.62090157,40.41138255,22.73140269,42.93709396,66.51040045,50.51422819,15.99617226,31.99234452,47.14661298,48.83042058,41.25328636,8.419038032,19.36378747,37.04376734,0.076737254,0.081358943
21.92557839,17.709121,11.80608067,12.64937215,5.903040334,17.709121,24.45545281,14.3359551,9.27620624,21.08228691,30.35849315,25.29874429,11.80608067,10.11949772,32.88836758,19.39570396,17.709121,4.216457382,11.80608067,16.86582953,0.078538036,0.078170488
24.22888709,21.72245049,15.87409844,20.05149276,6.68383092,21.72245049,32.58367574,15.87409844,15.03861957,24.22888709,39.26750666,31.74819687,13.36766184,11.69670411,20.05149276,25.89984482,16.7095773,5.01287319,8.35478865,25.06436595,0.081035402,0.083485733
38.45741479,51.8339069,30.09710723,33.44123026,7.524276807,22.57283042,45.9816916,40.96550706,15.04855361,32.6051995,46.81772236,47.65375311,16.72061513,20.90076891,38.45741479,71.06261429,43.47359933,4.180153782,18.39267664,38.45741479,0.083165367,0.080803877
42.75413732,50.29898508,34.37097314,25.98780896,5.868214926,23.47285971,44.43077016,39.40087165,15.08969552,22.63454329,56.16720001,48.62235225,18.4429612,23.47285971,43.59245374,73.77184479,36.88592239,3.353265672,15.92801194,36.04760598,0.082138573,0.079545009
36.66840602,52.50249043,30.83479597,30.83479597,7.500355776,20.8343216,41.6686432,39.16852461,15.00071155,33.33491456,49.16899898,44.16876179,15.00071155,20.8343216,30.83479597,69.16994771,39.16852461,3.333491456,16.66745728,30.83479597,0.084949598,0.081677538
44.13339174,57.45667982,22.48304862,19.98493211,11.65787706,14.15599358,44.13339174,54.9585633,16.65411009,20.81763761,59.12209083,33.30822018,9.992466055,18.3195211,49.96233028,59.12209083,41.63527523,4.163527523,14.15599358,29.97739817,0.083532505,0.08376199
100.3300863,99.48697633,26.979519,59.01769782,14.33286947,40.46927851,93.58520654,97.80075639,41.31238847,40.46927851,121.4078355,62.3901377,20.23463925,39.62616854,125.6233854,161.877114,74.19367726,7.58798972,26.979519,69.97812742,0.075342672,0.081547359
20.16937198,15.12702899,10.92507649,16.80780999,5.042342996,14.28663849,25.21171498,26.05210548,7.563514494,21.00976248,31.93483897,23.53093398,10.92507649,11.76546699,24.37132448,25.21171498,10.08468599,1.680780999,7.563514494,21.00976248,0.081450106,0.078159395
20.76984983,20.76984983,11.6311159,15.78508587,4.153969965,11.6311159,29.07778976,25.75461378,8.30793993,22.43143781,33.23175972,19.93905583,9.138733923,10.80032191,25.75461378,20.76984983,11.6311159,1.661587986,6.646351944,22.43143781,0.084762128,0.084443879
16.58149398,16.58149398,9.94889639,18.23964338,4.974448195,9.119821691,19.89779278,14.09426989,5.803522894,17.41056868,22.38501688,21.55594218,13.26519519,12.43612049,18.23964338,21.55594218,14.92334459,2.487224098,7.461672293,20.72686748,0.084009803,0.086915498
17.59317115,16.7554011,11.72878077,20.10648132,6.70216044,10.89101071,18.43094121,25.9708717,6.70216044,19.26871126,27.64641181,24.29533159,10.05324066,12.56655082,25.13310165,30.99749203,13.40432088,3.35108022,11.72878077,20.94425137,0.080970097,0.081259848
20.22466293,17.69658007,14.32580291,16.85388578,5.898860022,21.06735722,24.43813438,27.80891153,8.426942888,24.43813438,36.23585442,18.53927435,13.48310862,13.48310862,23.59544009,27.80891153,14.32580291,4.213471444,13.48310862,31.17968869,0.078256066,0.079049645
14.16343186,10.83085966,7.498287454,18.32914711,4.998858303,14.16343186,16.66286101,16.66286101,4.998858303,19.16229016,23.32800541,24.16114846,9.997716606,12.49714576,17.49600406,21.66171931,12.49714576,2.499429151,6.665144404,19.99543321,0.084032852,0.082824097
26.00686687,27.68472925,24.32900449,32.71831638,13.42289903,22.65114211,31.87938519,26.84579806,15.10076141,26.00686687,61.24197682,49.49694017,14.26183022,15.10076141,26.00686687,33.55724757,34.39617876,7.550380704,23.4900733,34.39617876,0.081457508,0.079611303
54.19770956,33.87356847,36.41408611,38.95460374,14.3962666,29.63937241,54.19770956,55.04454877,22.01781951,56.73822719,83.83708197,37.26092532,21.1709803,28.7925332,59.27874483,77.90920749,43.1887998,13.54942739,23.71149793,61.81926246,0.07554333,0.077617459
54.32841304,47.53736141,67.9105163,55.1772945,34.80413961,42.44407269,61.11946467,67.9105163,39.04854687,70.45716066,113.7501148,66.2127534,25.46644361,59.42170177,61.11946467,101.016893,74.70156793,9.337695992,36.50190251,91.67919701,0.073876562,0.077241984
67.29774259,87.48706537,41.21986734,61.40919011,10.09466139,74.86873863,88.32828715,83.28095645,28.6015406,48.79086338,84.96340002,63.93285546,23.55420991,23.55420991,92.53439606,81.59851289,47.10841981,12.61832674,33.64887129,65.61529902,0.078869044,0.079909174
17.55037239,25.07196055,9.193052203,20.05756844,6.685856148,15.87890835,22.5647645,22.5647645,8.357320185,19.22183643,34.26501276,28.41488863,12.53598028,12.53598028,24.23622854,24.23622854,18.38610441,2.507196055,8.357320185,17.55037239,0.085708014,0.078559967
34.47023343,22.69990982,9.248111407,21.01843502,10.92958621,19.33696021,31.10728382,26.90359682,8.407374006,14.29253581,39.51465783,26.06285942,7.566636606,12.61106101,22.69990982,31.94802122,17.65548541,4.203687003,8.407374006,21.85917242,0.078099094,0.081163505
33.49574331,23.44702032,10.04872299,24.2844139,13.39829732,25.12180748,29.3087754,24.2844139,12.56090374,18.42265882,36.00792406,20.93483957,6.699148662,16.74787166,22.60962674,30.14616898,7.536542245,3.349574331,7.536542245,23.44702032,0.081351807,0.081254611
59.8623493,39.62718897,16.86263361,31.19587217,10.96071184,32.88213553,59.8623493,67.45053442,20.23516033,18.54889697,63.23487602,35.41153057,15.17637025,18.54889697,59.01921762,44.68597906,37.09779393,5.058790082,9.274448483,45.52911074,0.08045503,0.07641329
18.09182667,28.43001334,10.33818667,12.06121778,6.03060889,11.19970222,23.26092,14.64576445,6.03060889,2.584546667,39.62971556,9.476671112,2.584546667,9.476671112,43.93729334,42.21426223,23.26092,3.446062223,1.723031111,12.92273334,0.067574816,0.070909628
72.72389636,65.20073467,13.37450968,35.94399475,10.86678911,25.9131125,62.6930141,71.05208265,18.3899508,21.73357822,82.75477862,29.25673992,10.86678911,22.56948508,87.77021975,65.20073467,35.1080879,15.88223024,8.359068547,41.79534274,0.082364604,0.081728541
59.09538838,65.75402369,12.48494121,31.62851773,9.155623552,29.13152949,52.43675307,66.58635311,9.987952966,20.80823535,67.41868252,21.64056476,10.82028238,19.97590593,84.89760021,56.59840014,27.46687066,17.47891769,8.323294139,33.29317655,0.083305388,0.084365198
81.2704244,88.81097924,62.00011758,80.43258497,31.83789822,74.56770898,135.7299871,67.86499357,36.86493478,74.56770898,140.7570237,109.7569649,36.02709535,47.75684733,62.83795701,123.1623957,72.89203013,12.5675914,35.18925592,76.24338784,0.080663957,0.081496616
97.01340423,96.17708178,45.16141232,80.28695523,29.27128576,73.59637562,139.6658492,64.39682867,36.79818781,55.19728172,157.2286207,100.358694,35.12554291,43.48876741,71.08740827,114.5761757,56.86992662,13.3811592,30.10760821,91.15914708,0.081601738,0.082075812
22.58919248,20.07928221,14.2228249,28.44564979,3.346547034,25.93573952,40.15856441,21.75255572,6.693094069,28.44564979,30.11892331,30.11892331,16.73273517,12.54955138,20.91591897,22.58919248,24.262466,5.019820552,10.0396411,23.42582924,0.07754299,0.085820252
83.89465446,72.87818468,25.42262256,58.4720319,38.13393385,57.62461114,55.08234889,100.8430695,38.9813546,28.81230557,145.7563694,22.03293956,16.94841504,49.15040362,106.7750148,87.28433747,53.38750738,11.01646978,27.96488482,105.927594,0.075671039,0.076908209
22.63306387,17.60349412,17.60349412,26.824372,4.191308125,20.95654062,41.91308125,17.60349412,9.220877875,26.824372,30.1774185,33.530465,20.118279,15.92697087,22.63306387,25.98611037,23.4713255,4.191308125,9.220877875,20.95654062,0.077062589,0.084675786
25.0544875,15.0326925,11.69209417,24.21933792,4.175747917,14.19754292,31.73568417,27.55993625,7.51634625,25.88963708,40.92232958,31.73568417,5.0108975,10.85694458,19.20844042,29.23023542,19.20844042,5.0108975,10.021795,11.69209417,0.080234751,0.084615666
25.09107544,10.03643018,13.3819069,24.25470626,4.181845907,16.72738363,30.10929053,19.23649117,5.85458427,25.09107544,28.43655217,32.61839808,7.527322633,15.05464527,16.72738363,26.76381381,18.40012199,4.181845907,6.690953452,17.56375281,0.078500289,0.085130529
170.8545319,127.5158214,70.00868625,107.5133396,30.00372268,113.3473968,139.1839358,103.3461559,69.17524951,110.8470866,265.8663204,108.3467763,78.34305366,70.00868625,91.67804152,134.1833153,115.847707,33.33746964,53.33995143,131.6830051,0.080185633,0.086377626
56.49032703,37.94126443,32.88242917,24.45103707,25.29417628,16.86278419,52.27463099,32.88242917,14.33336656,41.31382126,71.6668328,37.94126443,21.92161945,22.76475866,49.74521336,59.86288387,39.62754284,10.11767051,27.82359391,56.49032703,0.07766858,0.07919221
110.1252796,81.54314597,52.96101233,83.22444795,40.35124749,79.021193,141.2293662,112.6472326,25.21952968,63.0488242,116.0098365,121.8943935,26.06018067,46.23580442,104.2407227,139.5480642,94.15291081,21.85692572,26.90083166,122.7350444,0.080927508,0.078421503
47.53553903,20.37237387,20.37237387,25.46546734,8.488489113,19.52352496,40.74474774,40.74474774,8.488489113,20.37237387,42.44244556,44.14014339,15.2792804,16.97697823,39.89589883,33.10510754,25.46546734,3.395395645,6.79079129,26.31431625,0.072599831,0.078551258
20.74969442,14.93977998,17.42974331,21.5796822,5.809914437,10.7898411,29.04957219,14.93977998,8.299877768,19.91970664,30.70954774,29.87955996,9.129865545,15.76976776,9.959853321,19.91970664,12.44981665,4.149938884,7.469889991,19.08971887,0.085509138,0.084503085
74.4668728,82.83393716,76.97699211,56.05933121,21.75436733,69.44663418,114.6287817,61.07956982,34.30496387,85.34405647,126.3426718,117.138901,23.42778021,49.36567972,54.38591834,95.3845337,74.4668728,10.04047723,55.22262477,69.44663418,0.077401365,0.085892199
72.83746492,69.48861596,51.90715891,55.25600787,20.93030601,59.44206908,72.00025268,70.3258282,42.69782427,61.11649356,109.6748035,65.30255476,19.25588153,44.37224875,50.23273443,82.04679957,52.74437115,9.209334645,42.69782427,71.16304044,0.077965457,0.084822303
19.89920349,23.2157374,14.09526914,20.72833696,4.974800871,9.120468264,38.14014001,19.07007001,10.77873522,21.55747044,33.99447262,33.99447262,15.75353609,19.89920349,14.92440261,22.38660392,25.70313784,6.633067829,12.43700218,18.24093653,0.084313665,0.086552856
19.09852723,24.08075173,14.11630274,23.25038098,3.321482997,11.62519049,35.70594221,20.75926873,9.96444899,22.42001023,34.87557147,31.55408847,14.11630274,19.92889798,17.43778573,18.26815648,27.40223472,5.812595244,13.28593199,18.26815648,0.083581182,0.086048069
60.33586591,59.49786777,46.92789571,55.30787708,12.56997206,56.98387336,125.6997206,58.65986963,31.00593109,61.17386405,87.15180631,92.17979514,16.75996275,31.00593109,45.25189943,88.82780259,40.22391061,7.541983239,20.94995344,56.14587522,0.078987802,0.08301406
32.70316199,28.51044891,21.80210799,28.51044891,12.57813923,28.51044891,67.92195183,20.96356538,12.57813923,29.34899153,59.53652568,38.5729603,19.28648015,14.25522446,23.47919322,36.05733245,23.47919322,2.515627845,17.60939492,22.64065061,0.079088315,0.08236907
18.12607415,32.132586,15.65433677,17.30216169,5.76738723,15.65433677,37.89997323,17.30216169,6.591299692,17.30216169,48.61083523,31.30867354,9.886949538,8.239124615,11.53477446,27.18911123,14.00651185,1.647824923,14.83042431,15.65433677,0.086339485,0.089748054
20.06532253,22.57348784,25.91770827,20.90137763,7.524495948,15.885047,36.78642464,24.24559806,11.70477148,21.73743274,45.14697569,33.44220421,10.86871637,13.37688169,20.90137763,33.44220421,20.06532253,6.688440843,11.70477148,20.06532253,0.07754268,0.086402215
21.0358323,18.51153243,18.51153243,14.30436597,6.731466337,19.35296572,29.45016522,22.71869889,8.414332921,21.87726559,38.70593144,31.9744651,10.09719951,7.572899629,21.0358323,32.81589839,15.98723255,3.365733168,15.14579926,21.87726559,0.0781102,0.080456507
34.93805283,34.10619443,26.61946882,23.29203522,14.14159281,37.43362803,49.91150404,32.44247763,16.63716801,37.43362803,44.92035364,54.90265444,17.46902641,21.62831842,34.93805283,38.26548643,17.46902641,6.654867205,19.96460162,25.78761042,0.083084536,0.085057063
13.41028798,11.73400199,9.21957299,13.41028798,8.38142999,13.41028798,14.24843098,15.92471698,12.57214499,15.08657398,25.14428997,18.43914598,10.89585899,10.89585899,15.92471698,17.60100298,9.21957299,2.514428997,10.05771599,14.24843098,0.077201613,0.084655388
17.4032468,13.25961661,9.944712457,15.74579472,6.629808305,11.60216453,13.25961661,12.43089057,7.458534343,13.25961661,24.0330551,19.06069888,9.944712457,9.944712457,14.91706869,14.91706869,7.458534343,1.657452076,12.43089057,14.91706869,0.083920602,0.08735336
46.66809826,36.48596773,32.24341335,40.72852212,26.3038372,38.18298949,62.78980494,82.30555512,18.66723931,36.48596773,84.00257687,46.66809826,16.97021755,22.90979369,40.72852212,63.63831581,47.51660914,9.333619653,24.60681545,53.45618528,0.074903719,0.076585403
10.75484579,22.33698742,9.927549964,13.23673329,4.963774982,13.23673329,33.09183321,27.3007624,13.23673329,24.81887491,32.26453738,27.3007624,10.75484579,11.58214163,17.37321244,27.3007624,21.50969159,2.481887491,12.40943746,24.81887491,0.082943933,0.089760237
50.44419051,19.66468444,11.96980792,17.95471188,11.11482164,27.35956095,17.95471188,21.37465699,35.05443747,21.37465699,42.74931399,19.66468444,11.11482164,16.24473932,35.05443747,32.48947863,16.24473932,2.564958839,11.96980792,28.21454723,0.070206591,0.074807129
33.62989017,19.33718685,10.92971431,23.54092312,4.203736272,22.70017587,36.15213194,31.10764841,8.407472543,27.74465939,41.19661546,35.31138468,8.407472543,13.45195607,23.54092312,37.83362644,23.54092312,5.044483526,7.566725289,29.4261539,0.078459328,0.080793418
20.7296728,15.75455133,11.60861677,22.38804663,3.316747649,12.43780368,19.07129898,12.43780368,9.950242946,18.24211207,35.65503722,15.75455133,9.121056034,10.77942986,14.09617751,16.58373824,15.75455133,4.145934561,12.43780368,18.24211207,0.081096887,0.0897162
23.0860347,18.96352851,7.420511155,15.66552355,3.298004958,14.84102231,25.55953842,15.66552355,8.245012395,14.84102231,34.62905206,14.01652107,7.420511155,8.245012395,18.96352851,20.61253099,10.71851611,4.122506197,13.19201983,20.61253099,0.086455397,0.089043364
19.82955557,14.87216668,6.609851857,18.17709261,2.478694446,15.69839816,20.65578705,14.87216668,8.262314821,14.0459352,31.39679632,26.43940743,10.74100927,14.87216668,14.0459352,17.35086112,15.69839816,4.131157411,12.39347223,19.00332409,0.081113655,0.092654863
22.02176809,18.75928392,5.709347281,22.02176809,2.446863121,11.41869456,22.02176809,17.94366288,6.524968322,10.60307352,32.62484161,21.20614705,10.60307352,12.2343156,14.68117872,13.04993664,17.12804184,4.078105201,12.2343156,22.02176809,0.087468571,0.096910389
29.96127832,17.12073047,26.53713223,28.24920527,4.280182617,17.97676699,37.66560703,23.11298613,6.848292187,25.6810957,36.80957051,40.2337166,14.5526209,11.1284748,36.80957051,32.52938789,33.38542441,3.424146094,11.98451133,28.24920527,0.066626209,0.077337268
29.80179288,14.47515654,16.17811614,24.6929141,4.257398983,15.32663634,39.16807064,25.5443939,7.663318169,25.5443939,38.31659085,41.72251003,13.62367675,14.47515654,35.76215146,28.95031308,28.95031308,2.55443939,9.366277763,29.80179288,0.070341395,0.078178809
31.56182364,21.32555652,25.59066782,24.73764556,5.118133564,17.06044521,46.06320207,24.73764556,7.677200346,25.59066782,40.94506851,36.67995721,13.64835617,11.08928939,37.53297947,37.53297947,26.44369008,3.412089043,12.79533391,27.29671234,0.069409068,0.077568672
43.67498435,43.67498435,12.59855318,22.67739572,4.199517726,20.15768508,29.39662408,45.35479144,12.59855318,18.47787799,40.31537017,24.35720281,11.75864963,13.43845672,52.91392335,40.31537017,18.47787799,3.359614181,6.719228361,31.91633472,0.077886782,0.082209673
37.22944113,39.76781212,11.84573127,27.07595719,7.615112959,37.22944113,26.22983353,40.61393578,12.69185493,17.7685969,58.38253269,32.15269916,15.23022592,15.23022592,54.99803804,56.69028536,30.46045184,5.922865635,10.99960761,38.0755648,0.074558922,0.079317416
28.7072103,33.77318858,13.50927543,32.92885887,6.754637717,29.55154001,32.92885887,37.15050744,22.79690229,23.64123201,49.81545316,34.6175183,17.73092401,18.57525372,47.28246402,80.21132289,30.39586973,5.910308002,30.39586973,30.39586973,0.078184412,0.077485873
18.98600014,24.76434801,11.55669574,23.11339148,3.301913068,9.905739204,28.06626108,19.81147841,10.73121747,22.28791321,49.52869602,27.24078281,8.25478267,14.03313054,18.98600014,28.06626108,22.28791321,2.476434801,11.55669574,14.85860881,0.089397415,0.085124318
15.79558595,29.92847865,17.45827921,19.9523191,4.156733146,14.13289269,33.25386516,28.26578539,14.96423932,24.10905224,49.04945112,31.59117191,13.30154607,16.62693258,24.94039887,42.39867808,19.9523191,2.494039887,14.13289269,18.28962584,0.083727694,0.084925677
14.95230791,26.58188072,9.137521498,17.44435922,4.984102635,16.61367545,24.92051318,23.25914563,12.46025659,14.12162413,53.99444522,19.10572677,8.306837725,15.78299168,22.42846186,29.90461581,19.93641054,2.492051318,11.62957282,14.12162413,0.085726438,0.08358979
45.56482585,37.12689514,37.12689514,55.69034271,14.34448221,21.09482678,79.3165487,48.93999814,21.09482678,59.06551499,87.75447942,58.22172192,21.93861985,27.00137828,43.03344664,78.47275563,57.37792885,10.96930993,39.65827435,75.09758335,0.080005322,0.076201607
38.79188512,34.57537587,21.08254626,34.57537587,11.80622591,26.14235736,55.65792213,36.26197957,16.86603701,30.35886662,71.68065729,24.45575366,16.86603701,16.02273516,48.06820547,59.87443138,30.35886662,7.589716654,25.29905551,48.91150732,0.080232655,0.076465495
27.65573677,25.14157889,15.08494733,23.46547363,7.542473666,23.46547363,34.36015781,28.4937894,12.57078944,20.95131574,46.93094725,31.84599992,8.380526295,22.627421,31.84599992,36.8743157,21.78936837,5.028315777,19.27521048,22.627421,0.078354892,0.083592479
14.88844162,13.23417033,33.91256146,30.60401888,9.098492099,9.925627744,38.87537533,27.2954763,8.271356453,36.3939684,39.70251098,57.07235953,9.098492099,23.15979807,4.962813872,27.2954763,11.57989903,3.308542581,19.02411984,15.71557726,0.083040857,0.089823498
10.67050746,10.67050746,11.49131573,12.31212399,2.462424799,5.745657864,18.87859012,15.59535706,6.56646613,15.59535706,30.36990585,21.34101492,4.104041331,9.028890929,10.67050746,10.67050746,12.31212399,3.283233065,9.849699195,14.77454879,0.087001335,0.092190399
25.85846596,17.51702532,9.175584694,12.51216095,8.341440631,20.01945751,25.85846596,24.19017783,15.8487372,12.51216095,44.20963534,18.35116939,7.507296568,16.68288126,22.5218897,30.02918627,15.01459314,6.673152505,11.67801688,18.35116939,0.081652676,0.084203261
19.1282157,19.1282157,15.80156949,19.95987725,6.653292416,14.13824638,24.11818501,20.7915388,13.30658483,16.63323104,43.24640071,34.09812363,8.31661552,15.80156949,22.45486191,34.92978519,23.28652346,4.15830776,11.64326173,22.45486191,0.083196026,0.085142422
15.54850377,23.7319268,9.820107641,17.18518837,4.091711517,11.45679225,27.00529601,15.54850377,8.183423034,17.18518837,31.91534983,18.00353068,9.001765338,14.73016146,16.36684607,17.18518837,16.36684607,3.273369214,15.54850377,24.5502691,0.085349688,0.096308008
23.79195534,27.89401661,6.563298026,18.04906957,5.742885773,12.3061838,29.53484112,18.86948182,12.3061838,14.76742056,37.73896365,12.3061838,9.024534786,14.76742056,19.68989408,19.68989408,14.76742056,5.742885773,7.383710279,22.15113084,0.085480697,0.09410705
81.76497156,87.60532668,50.89452312,82.59930801,31.70478489,59.23788756,79.26196223,83.43364445,38.37947645,56.73487823,158.5239245,70.91859778,24.19575689,59.23788756,84.2679809,105.126392,65.91257912,20.85841111,44.21983156,78.42762579,0.082237326,0.08342623
51.87813976,38.27075884,68.03690461,49.32675584,27.21476184,64.63505938,87.59751468,47.62583322,48.47629453,75.69105638,139.4756544,85.89659207,23.81291661,63.78459807,62.93413676,111.4104313,61.23321415,20.41107138,36.56983623,64.63505938,0.072370049,0.077168643
37.40707452,49.04483104,46.55102607,48.21356272,26.60058633,39.90087949,63.17639253,40.73214781,24.93804968,59.02005091,104.7398087,59.85131924,32.41946459,36.5758062,42.39468446,48.21356272,34.08200123,15.79409813,32.41946459,46.55102607,0.082419996,0.086311681
48.26796033,40.77810442,42.44251684,49.93237276,19.9729491,36.61707336,61.58325974,41.61031063,19.9729491,54.09340382,107.3546014,67.40870322,24.96618638,39.94589821,42.44251684,54.09340382,33.28824851,14.14750561,30.79162987,60.75105352,0.082619503,0.085174284
56.94337526,46.89454433,31.82129794,38.52051856,25.12207732,43.54493402,67.82960877,41.03272629,25.9594799,30.98389536,118.911166,56.10597268,23.44727217,39.35792114,45.21973918,56.10597268,35.17090825,15.07324639,24.28467474,51.9189598,0.081834029,0.080763394
53.6893081,46.97814459,29.36134037,53.6893081,17.61680422,51.17262178,61.23936705,44.46145827,31.87802668,53.6893081,104.0230344,67.11163512,20.13349054,38.5891902,43.62256283,56.20599442,46.13924915,16.77790878,27.68354949,60.40047161,0.079441979,0.081662582
39.68493285,40.52929313,27.01952875,37.99621231,10.97668356,34.61877121,50.66161641,38.84057258,19.42028629,38.84057258,72.61498352,34.61877121,16.0428452,22.79772738,36.30749176,66.7044616,31.24133012,5.910521914,16.88720547,47.28417531,0.076761714,0.078878013
17.39447385,27.33417319,7.454774506,19.05109041,6.626466228,11.5963159,22.36432352,23.1926318,18.22278213,16.56616557,35.61725597,9.939699342,4.141541392,13.25293246,26.50586491,36.44556425,8.283082785,5.798157949,5.798157949,19.05109041,0.08408137,0.087610351
17.51244759,15.84459544,2.501778227,15.84459544,6.671408605,7.50533468,15.84459544,25.01778227,8.339260756,12.50889113,32.52311695,8.339260756,3.335704302,10.00711291,29.18741265,12.50889113,10.00711291,5.837482529,5.003556454,15.01066936,0.07982477,0.086249155
19.69097197,21.3318863,0.820457166,19.69097197,6.563657324,6.563657324,16.40914331,26.2546293,7.38411449,9.025028821,35.27965812,9.025028821,2.461371497,10.66594315,14.76822898,18.05005764,9.025028821,4.922742993,5.743200159,23.7932578,0.086609014,0.09293382
26.06352676,25.22276783,10.92986606,23.54124997,6.726071421,17.65593748,27.74504461,30.2673214,12.61138392,23.54124997,43.71946424,29.42656247,12.61138392,22.70049105,31.10808032,55.49008923,26.90428569,0.840758928,20.17821426,25.22276783,0.076001083,0.08323999
53.45638167,28.84947582,11.03068193,31.39501781,4.242569974,24.60690585,49.2138117,39.88015775,11.87919593,21.21284987,46.66826971,31.39501781,11.03068193,22.90987786,38.18312976,55.15340966,32.2435318,2.545541984,20.36433587,30.54650381,0.074567441,0.076918564
18.49189933,16.81081758,18.49189933,21.85406285,5.883786152,8.405408788,26.89730812,16.81081758,10.92703142,12.60811318,26.89730812,31.10001252,10.92703142,20.17298109,15.9702767,26.05676724,20.17298109,0.840540879,11.7675723,28.57838988,0.078398576,0.081060545
21.84672678,15.96491573,11.76362211,22.68698551,2.520776167,10.08310467,25.20776167,23.52724423,13.44413956,18.48569189,30.24931401,27.72853784,8.402587225,19.32595062,21.00646806,29.40905529,10.92336339,0.840258722,13.44413956,26.88827912,0.078199147,0.081542131
18.78725334,12.25255653,13.06939363,14.70306783,1.633674204,11.43571943,22.05460175,17.97041624,7.351533917,17.15357914,26.13878726,28.58929857,5.717859713,20.42092755,11.43571943,13.88623073,11.43571943,4.901022612,11.43571943,16.33674204,0.090876632,0.092286266
19.5513093,13.84884409,11.40493042,15.47811986,1.629275775,9.77565465,21.99522296,17.92203352,6.5171031,16.29275775,26.0684124,27.69768817,5.702465212,19.5513093,10.59029254,13.0342062,13.84884409,4.887827325,13.0342062,17.10739564,0.091837854,0.093524259
33.3916137,30.05245233,4.173951713,15.02622617,8.347903426,17.53059719,26.71329096,37.56556541,10.01748411,5.843532398,60.10490466,9.182693768,7.513113083,13.35664548,48.41783987,37.56556541,15.86101651,10.85227445,7.513113083,17.53059719,0.087635128,0.07757453
67.18692068,63.0395799,17.41883129,41.47340783,11.61255419,32.3492581,64.69851621,57.2333028,14.10095866,20.73670391,101.1951151,34.00819442,10.78308603,31.51978995,53.08596202,59.72170727,42.30287598,7.465213409,9.124149722,42.30287598,0.084175277,0.086356566
44.87413776,55.67717092,33.24010204,54.84616837,12.46503827,38.22611735,65.64920154,35.7331097,14.12704337,40.719125,83.93125766,54.84616837,18.28205612,36.56411225,46.53614286,64.81819899,42.38113011,8.310025511,14.95804592,51.52215817,0.086269035,0.082728414
57.5397713,32.15457808,22.00050079,38.92396294,1.692346215,20.30815458,22.8466739,43.15482847,10.15407729,27.92371254,35.53927051,15.23111593,8.461731073,12.69259661,38.07778983,33.84692429,38.92396294,2.538519322,11.0002504,56.69359819,0.078520733,0.075306159
33.2760995,38.26751442,18.30185472,24.12517214,10.81473234,10.81473234,34.93990447,28.28468457,13.3104398,25.78897711,59.06507661,33.2760995,8.319024874,19.13375721,31.61229452,35.77180696,23.29326965,3.32760995,19.13375721,30.78039204,0.081216177,0.086881336
32.76809628,34.44851147,20.16498233,29.40726589,15.96394434,23.52581271,37.80934186,30.24747349,26.8866431,29.40726589,56.29390899,39.48975705,16.80415194,20.16498233,31.92788868,41.17017225,35.28871907,3.360830388,24.36602031,26.0464355,0.07727695,0.082515454
48.4117484,41.73426586,12.52027976,22.53650357,9.18153849,20.03244761,29.21398611,35.89146864,17.52839166,16.69370635,65.94014007,23.37118888,8.346853173,20.86713293,46.74237777,39.23020991,27.54461547,5.008111904,16.69370635,31.71804206,0.081778093,0.08353659
41.40178535,40.55685095,47.31632611,38.02204777,10.98414713,33.79737579,48.16126051,45.62645732,23.65816306,43.93658853,64.21501401,55.76567006,21.96829427,31.26257261,44.78152293,93.78771783,55.76567006,7.604409554,31.26257261,39.71191656,0.075371474,0.079694132
32.30599047,27.33583809,24.02240317,33.1343492,17.39553333,21.53732698,40.58957776,37.27614285,15.73881587,32.30599047,47.2164476,48.87316506,14.91045714,38.10450158,19.88060952,30.64927301,24.8507619,7.455228569,16.5671746,29.82091428,0.08462713,0.08701414
35.85208186,35.85208186,23.34554167,41.68846728,20.01046429,30.01569644,42.52223662,42.52223662,17.50915626,30.84946578,51.69369942,45.857314,14.17407887,30.84946578,30.84946578,29.18192709,25.84684971,7.50392411,15.00784822,43.35600597,0.081791398,0.084439257
28.29303362,34.11806995,25.79658948,29.12518167,19.97155314,25.79658948,34.950218,41.60740238,22.46799729,30.78947776,50.76103091,32.45377386,15.81081291,34.950218,24.13229338,24.96444143,34.950218,6.657184381,13.31436876,37.44666215,0.084022699,0.083829253
19.90437394,29.85656091,18.24567611,35.66200331,14.09893154,21.56307177,38.15005005,33.17395657,18.24567611,24.88046742,41.46744571,26.53916525,16.58697828,25.70981634,24.88046742,35.66200331,19.07502503,5.805442399,14.92828045,29.85656091,0.083933068,0.086718018
28.23582185,29.89675254,27.4053565,29.89675254,23.25302976,24.0834951,46.50605951,33.21861394,19.93116836,32.38814859,53.1497823,48.16699021,23.25302976,39.03187138,29.0662872,27.4053565,22.42256441,8.304653484,14.11791092,26.57489115,0.085396109,0.084138543
46.52557145,40.60413509,33.83677924,41.45005457,19.45614806,28.76126235,50.75516886,46.52557145,27.06942339,45.67965197,70.21131692,39.75821561,21.14798702,25.37758443,49.0633299,66.827639,32.99085976,7.613275329,21.14798702,56.67660522,0.074478792,0.079601727
49.03091848,40.57731185,23.67009858,33.81442654,19.44329526,32.12370521,48.18555782,55.79380379,25.3608199,33.81442654,76.92782037,33.81442654,15.21649194,27.89690189,52.41236113,67.62885308,34.6597872,6.762885308,18.5979346,46.49483649,0.075384893,0.079254443
33.65741978,42.07177472,34.49885527,42.07177472,20.19445187,27.76737132,47.96182318,39.54746824,23.56019384,43.75464571,63.10766208,41.23033923,21.87732286,29.4502423,47.96182318,70.68058153,35.34029077,9.255790439,21.03588736,53.85187164,0.077595694,0.080968811
30.35774411,27.07582583,18.05055055,36.92158068,9.025275277,14.76863227,48.40829467,37.74206025,10.66623442,40.20349896,49.22877424,48.40829467,13.12767313,28.71678497,22.15294841,31.17822368,31.99870326,6.563836565,17.23007098,28.71678497,0.086369013,0.093151417
29.58080605,38.61938567,28.75911699,34.51094039,9.860268682,26.29404982,53.4097887,41.08445284,13.14702491,35.33262945,65.73512455,56.69654492,11.5036468,26.29404982,25.47236076,36.1543185,30.4024951,7.395201512,20.54222642,35.33262945,0.085633439,0.092677504
22.6369677,19.28334286,19.28334286,28.50581118,5.868843479,15.92971801,32.69784224,31.02102982,7.545655901,21.79856149,40.24349814,46.11234162,7.545655901,19.28334286,10.06087453,42.75871677,23.47537391,1.676812422,15.0913118,19.28334286,0.081590631,0.080003158
20.6270537,15.67656081,8.250821479,20.6270537,2.475246444,6.600657183,19.80197155,18.15180725,10.72606792,15.67656081,28.87787518,21.45213585,4.950492887,18.9768894,20.6270537,14.02639651,14.02639651,6.600657183,8.250821479,18.9768894,0.085705484,0.089212369
37.43714932,102.3282081,34.10940271,58.2355656,4.991619909,28.28584615,64.05912216,35.77327601,21.63035294,37.43714932,62.39524886,106.4878914,16.63873303,17.47066968,35.77327601,97.33658822,26.62197285,2.495809954,16.63873303,31.61359276,0.086321476,0.081741872
41.70411594,49.21085681,32.52921043,41.70411594,19.18389333,44.20636289,75.90149101,38.36778666,15.84756406,44.20636289,96.75354897,56.71759767,26.6906342,26.6906342,56.71759767,49.21085681,35.03145739,9.174905506,29.19288116,52.54718608,0.082047091,0.08387059
75.64684812,50.71777317,40.40229388,49.8581499,18.91171203,105.7336627,59.31400591,66.19099211,50.71777317,41.26191716,110.8914024,38.68304733,34.38493096,30.08681459,91.12006705,98.85667652,45.56003353,2.578869822,26.6483215,48.13890335,0.069818102,0.070558624
28.49876992,33.52796461,23.46957523,24.30777434,11.73478761,27.6605708,24.30777434,29.33696903,19.27857965,26.82237169,45.26275222,31.85156638,16.7639823,24.30777434,30.17516815,55.3211416,34.36616372,7.543792037,12.57298673,36.04256195,0.081712107,0.080088778
29.30342627,31.81514853,12.55861126,17.58205576,8.372407507,11.72137051,23.44274102,23.44274102,9.209648258,5.023444504,49.39720429,9.209648258,2.511722252,19.25653727,23.44274102,30.97790778,21.76825952,5.860685255,12.55861126,36.00135228,0.082339628,0.080419622
25.83240231,31.66552541,23.33249241,44.99837821,4.999819801,16.666066,43.33177161,20.83258251,11.6662462,24.16579571,29.99891881,47.49828811,19.1659759,12.4995495,14.1661561,30.83222211,22.49918911,3.333213201,14.1661561,31.66552541,0.082712994,0.083983706
26.60160788,29.92680886,24.93900739,24.93900739,6.65040197,18.28860542,49.04671453,25.77030763,13.30080394,19.95120591,34.91461034,31.58940936,13.30080394,19.11990566,14.13210419,39.07111157,17.45730517,3.325200985,16.62600492,29.92680886,0.082365523,0.086334231
31.85645357,20.11986541,17.60488224,30.17979812,6.706621804,14.25157133,42.754714,22.63484859,14.25157133,17.60488224,34.37143675,37.72474765,15.92822678,18.44320996,20.95819314,26.82648722,18.44320996,5.029966353,11.73658816,27.66481494,0.078885004,0.082787271
29.54286546,24.47837424,33.76327481,24.47837424,8.440818703,27.01061985,48.95674848,36.29552042,18.56980115,29.54286546,49.80083035,37.13960229,20.25796489,15.19347367,32.07511107,48.11266661,24.47837424,5.908573092,23.63429237,28.69878359,0.076687162,0.079230968
24.5033331,23.65839058,20.2786205,21.12356302,8.449425207,22.81344806,32.10781579,18.58873546,18.58873546,31.26287327,50.69655124,26.19321814,11.82919529,10.98425277,29.57298822,45.62689612,20.2786205,5.914597645,12.67413781,21.12356302,0.077718024,0.077339455
58.35832359,40.85082651,16.67380674,36.68237483,10.00428404,22.5096391,43.35189752,45.0192782,30.84654247,20.84225843,86.70379505,35.01499415,11.67166472,15.8401164,31.68023281,50.85511056,30.01285213,9.170593707,9.170593707,48.35403955,0.085305902,0.081003761
39.87933247,50.67998502,27.41704107,39.04851304,21.60130509,40.7101519,60.64981813,52.34162387,24.92458279,38.21769362,98.03669232,39.87933247,16.61638853,23.26294394,32.40195763,53.17244329,32.40195763,10.80065254,19.10884681,50.67998502,0.082074625,0.087105948
59.18443839,67.52027478,67.52027478,74.1889439,15.00450551,67.52027478,131.706215,35.01051285,23.3403419,40.84559833,119.2024604,113.3673749,32.50976193,35.01051285,28.34184374,70.0210257,50.848602,9.169420032,30.00901102,58.35085475,0.082851995,0.083564366
35.2923647,29.41030392,26.04912633,31.09089271,9.243238373,48.73707506,75.62649578,10.92382717,10.92382717,30.25059831,63.02207982,72.26531819,19.32677114,10.08353277,21.00735994,34.4520703,26.88942072,3.36117759,12.60441596,20.16706554,0.080529626,0.079175976
105.7032164,72.7238129,104.011965,82.87132167,41.43566084,82.02569594,121.7701053,119.2332281,41.43566084,129.3807369,197.0307954,98.93821057,30.44252633,90.48195326,107.3944679,175.8901521,120.0788539,43.97253803,79.48881875,140.3738714,0.077403435,0.076970833
56.25247002,50.46177458,14.06311751,26.4717506,8.272422062,31.43520384,49.63453237,53.7707434,17.37208633,20.68105516,72.79731415,29.78071942,10.75414868,29.78071942,41.36211031,43.01659472,23.16278177,4.963453237,14.06311751,40.5348681,0.085696549,0.087061245
42.85878068,26.89178395,24.37067921,37.81657119,8.403682486,24.37067921,50.42209491,44.53951717,26.89178395,31.0936252,69.75056463,56.30467265,15.96699672,31.93399345,29.4128887,52.94319966,39.49730768,5.042209491,16.80736497,38.65693943,0.076784173,0.082847578
34.9747022,29.14558517,14.98915809,34.9747022,5.829117033,24.14919914,41.63655024,44.13474325,21.65100612,24.98193014,71.61486641,48.29839828,14.15642708,26.64739215,34.9747022,39.97108823,34.1419712,5.829117033,19.98554411,39.97108823,0.080723917,0.086545078
40.7261806,30.75242209,17.4540774,36.57044789,4.986879258,25.76554283,44.05076678,39.89503406,19.94751703,34.07700826,61.50484418,44.05076678,17.4540774,29.090129,31.58356863,37.40159443,34.07700826,6.649172344,19.94751703,39.06388752,0.080867176,0.087986281
37.86784058,40.33748236,15.64106459,37.86784058,6.585711406,19.75713422,37.86784058,40.33748236,20.58034814,30.45891525,65.03390013,42.80712414,15.64106459,30.45891525,28.8124874,41.16069629,26.34284562,4.939283554,20.58034814,40.33748236,0.085551766,0.091234308
41.7181871,27.53400348,20.85909355,40.88382336,8.343637419,22.52782103,44.22127832,44.22127832,18.35600232,30.87145845,62.57728065,45.89000581,19.19036606,30.87145845,30.03709471,37.54636839,28.36836723,5.840546194,20.85909355,40.88382336,0.080453965,0.085182293
27.39655349,27.39655349,13.28317745,23.24556054,4.981191544,14.11337604,38.18913517,35.6985394,11.62278027,20.75496477,38.18913517,29.05695067,15.77377322,23.24556054,29.88714926,25.73615631,20.75496477,3.320794363,11.62278027,21.58516336,0.081629968,0.088171441
27.41672616,29.90915581,4.154049418,15.78538779,8.308098836,9.969718603,21.60105697,31.57077558,4.154049418,8.308098836,34.06320523,17.44700756,4.984859302,16.61619767,38.21725465,15.78538779,19.93943721,3.323239534,4.984859302,35.724825,0.084528839,0.084661277
26.91301836,20.18476377,2.523095472,21.0257956,5.887222767,11.77444553,18.50270013,29.43611384,4.20515912,0.841031824,45.41571849,5.046190943,1.682063648,10.09238189,35.3233366,15.97960465,16.82063648,5.046190943,4.20515912,21.0257956,0.076764482,0.082203694
23.37363598,21.70409056,17.53022699,28.38227227,5.008636282,13.35636342,27.54749955,19.19977242,12.52159071,18.3649997,41.73863569,30.88659041,5.843408996,28.38227227,25.87795413,28.38227227,15.02590885,4.173863569,17.53022699,29.21704498,0.078631604,0.086595682
56.92290184,39.93099084,12.74393325,25.4878665,16.14231545,42.47977749,36.53260865,53.52451964,15.2927199,21.23988875,84.10995944,20.3902932,11.8943377,23.7886754,59.47168849,56.92290184,34.83341755,5.097573299,13.5935288,34.83341755,0.075242845,0.075161605
50.97113476,43.32546455,27.18460521,32.28171868,12.74278369,73.0586265,55.21872933,37.37883216,17.83989717,28.88364303,86.6509291,28.88364303,22.93701064,27.18460521,79.00525888,64.56343737,28.88364303,3.398075651,22.93701064,43.32546455,0.074281719,0.076199368
52.48672898,53.33328913,51.64016884,60.10577029,9.312161594,77.88353333,150.6877058,31.32272536,19.47088333,63.49201087,87.19569492,106.6665783,22.01056377,25.39680435,33.8624058,72.80417246,59.25921014,6.772481159,11.00528188,50.79360869,0.07530139,0.078138465
37.43086059,35.76726679,14.14054734,25.78570396,7.486172119,19.13132875,36.59906369,39.0944544,20.79492255,22.45851636,55.73039244,35.76726679,7.486172119,13.30875043,39.9262513,50.73961103,17.46773494,5.822578314,12.47695353,24.95390706,0.079831907,0.088371191
39.05887862,33.96424228,25.47318171,41.6061968,13.58569691,23.7749696,44.15351497,46.70083314,17.8312272,28.86960594,60.28653005,48.39904525,13.58569691,18.68033326,35.6624544,66.23027245,35.6624544,4.245530285,14.43480297,37.36066651,0.072934393,0.07795955
36.48052919,26.53129395,14.92385285,17.41116166,7.461926425,19.06936753,34.82232331,35.65142625,7.461926425,13.26564698,40.62604387,25.70219102,9.120132297,17.41116166,26.53129395,30.67680863,29.8477057,7.461926425,19.06936753,24.87308808,0.084066801,0.086830263
32.86518194,28.7570342,7.394665937,13.96770233,9.859554583,16.43259097,27.1137751,32.0435524,9.859554583,11.50281368,50.94103201,16.43259097,7.394665937,16.43259097,32.86518194,27.93540465,13.96770233,8.216295486,13.96770233,23.00562736,0.085923266,0.092447186
29.54814452,22.79428291,27.01544641,29.54814452,10.13079241,31.23660992,57.40782363,31.23660992,17.72888671,29.54814452,48.96549663,50.65396203,10.13079241,13.50772321,27.01544641,41.36740232,27.85967912,8.442327005,11.81925781,27.01544641,0.07583501,0.079932289
37.03572193,24.40990763,20.20130287,42.08604764,10.94237239,21.88474477,63.97079242,31.14367526,17.67614001,31.98539621,44.6112105,42.08604764,9.258930481,15.9926981,47.97809431,44.6112105,21.88474477,9.258930481,15.15097715,26.93507049,0.078278953,0.080000094
35.39180508,26.96518482,10.95460634,24.43719875,10.95460634,21.06655064,30.33583293,45.50374939,16.01057849,22.7518747,46.34641142,26.1225228,7.583958232,12.63993039,28.65050888,48.03173547,17.69590254,8.426620258,12.63993039,25.27986077,0.076211535,0.081126439
17.54022357,16.70497483,7.517238673,13.36397986,7.517238673,17.54022357,15.03447735,18.37547231,12.52873112,13.36397986,35.08044714,8.352487414,7.517238673,8.352487414,11.69348238,12.52873112,8.352487414,4.176243707,6.681989931,12.52873112,0.079183922,0.085567337
25.30568883,16.02693626,22.77511995,19.4010281,7.591706649,14.33989034,43.86319397,19.4010281,8.43522961,26.99273475,34.5844414,45.55023989,11.80932145,10.12227553,17.71398218,43.86319397,25.30568883,6.748183688,8.43522961,25.30568883,0.07669863,0.079778409
61.36211744,42.29010797,12.43826705,14.92592046,7.46296023,16.58435607,30.68105872,39.80245456,9.121395836,16.58435607,36.48558335,23.21809849,9.95061364,9.95061364,31.51027653,26.53496971,16.58435607,5.804524623,9.95061364,21.55966289,0.082434222,0.088347974
89.72823957,50.41872509,22.21842123,46.14595178,27.3457492,70.07348233,69.21892767,67.50981834,34.1821865,39.30951448,189.7111351,34.1821865,25.63663988,33.32763184,75.2008103,105.1102235,49.56417043,11.10921061,19.65475724,64.09159969,0.070450374,0.074994963
53.22449916,21.120833,13.51733312,26.18983292,7.60349988,20.27599968,34.63816612,28.72433288,8.4483332,21.96566632,40.55199936,33.7933328,10.98283316,12.6724998,27.87949956,29.5691662,21.120833,5.06899992,9.29316652,33.7933328,0.076420127,0.078746553
37.3318201,25.71747607,24.88788007,22.39909206,7.46636402,23.22868806,39.82060811,41.47980011,15.76232404,21.56949606,49.77576014,40.65020411,15.76232404,15.76232404,27.37666807,31.52464809,19.08070805,9.125556025,28.20626408,29.86545608,0.083759921,0.086644077
36.51479751,25.47544012,20.3803521,21.22953344,11.03935739,30.57052815,38.21316019,28.87216547,11.03935739,26.32462146,38.21316019,32.26889082,17.83280809,10.19017605,30.57052815,56.89514961,30.57052815,6.7934507,13.5869014,28.02298414,0.074469966,0.076348696
49.44266842,62.85084969,34.3584645,30.16840785,6.704090634,67.87891767,93.01925755,38.54852114,33.52045317,31.84443051,83.80113292,59.49880438,32.68244184,20.1122719,34.3584645,67.04090634,34.3584645,8.380113292,18.43624924,31.84443051,0.081126015,0.080862656
91.30357771,89.6282827,20.10354005,31.83060507,11.72706503,70.36239016,103.8682902,78.73886518,27.64236756,30.15531007,139.8871328,42.7200226,18.42824504,19.26589254,77.06357017,68.68709515,34.34354758,17.59059754,18.42824504,42.7200226,0.078313681,0.084038817
47.00734741,49.52559817,28.54017521,34.41609364,6.715335345,60.4380181,88.1387764,21.82483987,34.41609364,38.61317823,78.06577338,68.83218728,26.86134138,18.4671722,20.14600603,47.00734741,32.7372598,4.19708459,19.30658912,28.54017521,0.078947515,0.081635567
29.92211243,29.09094264,24.93509369,28.25977285,9.142867686,23.27275411,54.02603633,34.90913117,21.61041453,40.72731969,64.0000738,45.71433843,18.28573537,23.27275411,19.94807495,34.90913117,37.40264053,5.818188528,23.27275411,37.40264053,0.07983656,0.088993651
23.03843918,32.91205597,23.03843918,19.74723358,12.34202099,18.10163078,48.54528255,31.26645317,10.69641819,23.03843918,39.49446716,43.60847415,14.81042518,23.86124057,25.50684337,32.91205597,23.03843918,9.05081539,29.62085037,34.55765876,0.086222656,0.090975945
14.05358713,15.70695032,6.613452765,9.920179148,4.960089574,4.133407978,14.88026872,13.22690553,6.613452765,6.613452765,30.58721904,5.78677117,4.133407978,8.266815957,16.53363191,6.613452765,9.920179148,2.480044787,4.960089574,14.05358713,0.085413559,0.087904845
37.02570523,26.08629232,14.30538611,21.03733252,15.98837271,10.93941291,25.24479902,25.24479902,13.46389281,28.61077222,39.55018513,21.03733252,12.62239951,11.78090621,18.51285261,26.08629232,27.76927892,6.731946405,10.93941291,30.29375882,0.076589079,0.08191762
21.0522256,23.57849268,25.26267072,27.7889378,21.0522256,14.31551341,39.57818413,20.21013658,14.31551341,28.63102682,46.31489633,30.31520487,10.94715731,17.68386951,21.89431463,37.89400609,28.63102682,8.420890241,10.10506829,29.47311584,0.079876819,0.078034156
65.86833634,67.53588916,26.6808451,41.68882047,32.51727997,38.35371483,58.36434866,90.04785221,22.51196305,32.51727997,105.0558276,28.34839792,15.00797537,30.84972715,67.53588916,65.86833634,54.19546661,18.34308101,25.01329228,62.5332307,0.083677067,0.082546524
62.74692166,48.52428608,50.19753733,46.85103484,31.79177364,38.48477862,62.74692166,70.27655226,26.77201991,56.05391668,91.19219281,53.54403981,19.24238931,31.79177364,55.21729106,58.56379355,51.87078857,16.73251244,30.95514802,64.4201729,0.082361003,0.081013375
34.46399964,42.02926785,31.94224357,31.94224357,8.40585357,35.30458499,49.59453606,38.66692642,21.01463393,30.26107285,62.20331642,48.75395071,9.246438927,21.01463393,36.14517035,64.72507249,27.73931678,5.043512142,19.33346321,26.05814607,0.080540637,0.078874006
38.77090971,42.98513903,30.34245108,32.0281428,11.79984209,39.61375557,55.62782698,36.24237212,19.38545486,30.34245108,62.37059388,52.25644352,11.79984209,17.69976313,32.87098867,55.62782698,31.18529694,3.371383453,20.22830072,26.12822176,0.078636818,0.078517318
59.62113814,90.69130872,45.34565436,50.3840604,7.55760906,68.01848154,116.7230733,68.85821588,34.42910794,56.26220078,94.88998042,70.53768456,26.03176454,27.71123322,67.1787472,101.6078551,52.90326342,11.75628076,29.3907019,62.14034116,0.078845962,0.081419698
45.48920573,47.97043514,7.443688211,19.84983523,9.097841147,16.54152936,30.60182931,55.41412335,17.36860583,14.06029995,71.12857624,17.36860583,14.06029995,13.23322349,60.37658216,43.00797633,17.36860583,11.57907055,7.443688211,31.42890578,0.084956437,0.087967095
62.78594928,61.1116573,18.41721179,46.88017546,15.06862783,46.88017546,51.06590541,64.46024126,22.60294174,20.92864976,89.57462097,34.3229856,19.25435778,25.9515257,113.0147087,56.92592734,40.18300754,15.06862783,15.90577382,48.55446744,0.079569149,0.08328486
48.84613058,30.31828795,31.16046261,36.2135106,20.21219196,26.94958929,42.95090792,48.84613058,32.84481194,42.95090792,78.32224386,37.05568527,13.47479464,25.26523996,26.94958929,65.68962388,26.94958929,4.210873326,26.94958929,37.05568527,0.079602103,0.078223232
52.99571121,38.6952812,26.91845649,26.91845649,17.66523707,31.12446531,40.37768473,60.5665271,23.55364943,19.3476406,85.80258005,18.50643884,14.30043001,26.91845649,38.6952812,42.06008826,27.75965825,13.45922824,10.93562295,47.94850062,0.079625476,0.079172759
24.71481069,11.93128792,29.8282198,23.86257584,12.78352277,9.374583367,18.74916673,24.71481069,15.34022733,27.27151525,36.64609862,21.30587129,7.670113664,17.04469703,22.15810614,33.23715921,24.71481069,9.374583367,10.22681822,25.56704555,0.073012797,0.074752352
33.84113693,32.99510851,46.53156328,32.14908009,20.30468216,28.76496639,40.60936432,48.22362013,23.68879585,47.37759171,74.45050125,28.76496639,16.07454004,28.76496639,38.91730747,44.83950644,39.7633359,12.69042635,21.15071058,49.91567698,0.076981252,0.076990324
84.0818957,79.87780091,68.94715447,73.99206821,31.95112036,86.60435257,121.0779298,79.87780091,58.01650803,98.37581796,172.3678862,118.5554729,47.92668055,63.90224073,75.67370613,148.8249554,91.64926631,34.47357724,57.17568907,106.7840075,0.077444442,0.081736601
19.21125384,16.70543812,7.517447153,18.37598193,6.682175247,12.52907859,24.22288527,17.54071002,9.187990965,20.04652574,30.06978861,26.72870099,10.02326287,9.187990965,20.04652574,22.55234146,10.85853478,2.505815718,10.02326287,12.52907859,0.085027834,0.07970026
34.78287775,25.45088616,46.65995796,39.02469211,14.42216882,49.20504658,48.3566837,27.99597478,14.42216882,44.11486934,65.32394114,67.86902976,16.96725744,21.2090718,38.17632924,74.65593274,33.08615201,6.786902976,22.05743467,36.4796035,0.075701371,0.075935757
23.18658894,28.15514372,18.21803417,10.76520201,12.42138693,17.38994171,41.40462311,22.35849648,11.59329447,26.49895879,38.92034573,27.32705126,13.2494794,16.56184925,20.70231156,35.60797588,15.73375678,10.76520201,20.70231156,24.84277387,0.081572845,0.090334692
67.97592392,71.29182265,21.55334173,44.76463283,26.52718982,43.10668346,70.46284797,74.60772138,42.27770878,34.81693664,114.3985061,37.30386069,19.89539237,38.96181005,67.97592392,63.00207583,39.79078473,15.75051896,29.01411387,60.51515178,0.085018442,0.086006876
65.8970752,40.55204627,21.12085743,32.1037033,16.05185165,36.32787479,48.15555495,60.82806941,11.82768016,27.87953181,87.86276693,25.34502892,18.58635454,21.12085743,61.67290371,53.22456074,34.63820619,15.20701735,15.20701735,58.29356652,0.078823242,0.076342461
72.09175414,55.12898846,18.65904225,33.92553136,15.26648911,43.25505248,43.25505248,73.7880307,26.2922868,28.83670165,96.68776437,35.62180793,19.50718053,33.92553136,90.75079638,104.3210089,39.86249935,2.544414852,13.57021254,43.25505248,0.07358525,0.078276466
64.27226257,47.98995605,29.99372253,34.27854004,24.85194153,47.98995605,41.99121155,59.13048157,25.70890503,36.84943054,77.98367859,43.70513855,22.28105103,27.42283203,69.41404358,105.4065106,48.84691956,3.427854004,23.13801453,53.13173706,0.069466661,0.073569838
39.39272539,30.36522582,6.565454231,21.33772625,4.924090673,18.87568092,32.00658938,18.87568092,10.66886313,14.77227202,53.34431563,22.15840803,9.848181347,13.13090846,17.23431736,28.72386226,9.027499568,4.924090673,9.848181347,21.33772625,0.087309637,0.092008585
57.48874614,51.57078698,44.80740508,58.33416888,27.89895033,43.11655961,87.07854195,71.86093268,21.98099117,67.63381899,104.8324194,71.01550994,21.98099117,34.66233223,60.02501435,95.53276932,76.9334691,16.06303201,40.58029139,92.99650111,0.07587291,0.078704353
20.15115903,16.79263252,21.83042228,17.63226415,6.717053009,23.50968553,28.54747529,26.86821204,10.07557951,21.83042228,43.66084456,38.6230548,6.717053009,17.63226415,24.34931716,31.06637017,19.3115274,6.717053009,21.83042228,22.67005391,0.078907205,0.081461169
41.68142486,44.18231035,15.00531295,27.50974041,9.169913469,17.50619844,50.01770983,40.01416786,14.17168445,20.84071243,45.01593885,29.1769974,11.67079896,19.17345543,39.18053937,55.85310931,22.50796942,4.168142486,10.83717046,20.84071243,0.08026076,0.086110743
30.38668163,21.94593673,19.41371327,21.10186225,5.908521429,18.56963878,47.26817143,32.07483061,17.72556429,21.94593673,45.58002245,37.13927755,8.440744898,12.66111735,29.54260714,47.26817143,26.16630918,3.376297959,10.97296837,21.10186225,0.077153639,0.078771871
12.56409977,17.58973967,20.94016628,20.94016628,5.025639907,18.42734633,25.12819953,14.23931307,10.05127981,15.91452637,30.99144609,27.64101949,14.23931307,18.42734633,15.07691972,16.75213302,14.23931307,4.188033256,9.213673163,20.10255963,0.077063813,0.085329536
13.29704819,20.7766378,15.79024473,20.7766378,8.310655122,15.79024473,23.26983434,23.26983434,14.95917922,16.62131024,34.90475151,24.10089985,12.46598268,14.12811371,14.12811371,18.28344127,14.12811371,4.986393073,12.46598268,21.60770332,0.082667187,0.086267301
32.51040906,31.67680882,12.50400348,28.34240789,5.835201625,18.33920511,29.17600813,23.3408065,10.83680302,15.83840441,36.67841022,20.84000581,11.67040325,15.83840441,26.67520743,32.51040906,10.00320279,6.668801858,10.00320279,25.8416072,0.081935183,0.084464584
30.58811229,21.49434918,15.70740901,19.8409377,7.440351638,15.70740901,34.72164098,37.20175819,6.613645901,23.14776065,35.54834672,30.58811229,11.57388033,17.36082049,27.28128934,28.93470082,30.58811229,8.267057376,20.66764344,25.62787787,0.086251172,0.087043091
19.03665024,18.2089698,8.276804453,19.03665024,3.310721781,12.41520668,33.10721781,24.00273291,13.24288712,23.17505247,34.7625787,28.96881558,4.138402226,14.89824801,20.69201113,27.31345469,19.86433069,4.138402226,8.276804453,15.72592846,0.084572263,0.087747291
42.50674259,51.85822596,63.76011388,49.3078214,22.953641,52.70836081,102.0161822,47.6075517,38.25606833,65.46038358,92.66469884,91.81456399,33.15525922,34.85552892,68.01078814,122.4194187,64.61024873,11.05175307,20.40323644,53.55849566,0.07251494,0.077350208
30.09669783,39.29291105,27.58863968,35.94883352,9.196213225,27.58863968,49.32514366,38.45689167,20.9004846,35.11281413,51.83320182,47.65310489,16.72038768,26.75262029,35.94883352,71.06164765,35.11281413,13.37631015,20.06446522,36.7848529,0.08409182,0.079888796
44.94549091,30.79598451,11.65253468,25.80204108,14.1495064,19.14344983,38.28689966,34.95760404,13.31718249,19.97577374,51.60408215,34.95760404,17.47880202,14.9818303,34.95760404,31.62830842,19.14344983,7.490915151,25.80204108,24.13739327,0.082447441,0.085228653
